case_id,true_beta,true_gamma,true_R0,beta_mean,beta_median,beta_std,beta_ci50_low,beta_ci50_high,beta_ci90_low,beta_ci90_high,beta_width50,beta_width90,gamma_mean,gamma_median,gamma_std,gamma_ci50_low,gamma_ci50_high,gamma_ci90_low,gamma_ci90_high,gamma_width50,gamma_width90,R0_mean,R0_median,R0_std,R0_ci50_low,R0_ci50_high,R0_ci90_low,R0_ci90_high,R0_width50,R0_width90,beta_covered50,beta_covered90,beta_err_mean,beta_err_median,beta_abs_err_median,beta_sq_err_median,gamma_covered50,gamma_covered90,gamma_err_mean,gamma_err_median,gamma_abs_err_median,gamma_sq_err_median,R0_covered50,R0_covered90,R0_err_mean,R0_err_median,R0_abs_err_median,R0_sq_err_median
0,0.26104133230789256,0.33796092457181953,0.7724009296004251,0.14936634402585156,0.11790113732511029,0.07724158740562043,0.10388661867885404,0.15993317474835117,0.10016282442243103,0.31934244265831135,0.05604655606949713,0.21917961823588034,0.20308114810431563,0.16826320296222214,0.12563534620271755,0.09365291352367891,0.2930635652676067,0.05835770503778811,0.44916486663799554,0.19941065174392777,0.39080716160020745,0.9396631499116589,0.8572067006978765,0.45139680698324997,0.5660997652498585,1.276468914403646,0.3298168389900178,1.761212024034759,0.7103691491537876,1.4313951850447413,0.0,1.0,-0.111674988282041,-0.14314019498278227,0.14314019498278227,0.020489115419708926,0.0,1.0,-0.1348797764675039,-0.1696977216095974,0.1696977216095974,0.02879731671948842,1.0,1.0,0.16726222031123383,0.08480577109745147,0.08480577109745147,0.007192018811433334
1,0.7080753005646607,0.30972987702328963,2.2861059041824956,0.6984930901034324,0.6987913706243165,0.01875536615059929,0.6861530978442939,0.711835370491873,0.6671558292138104,0.7286108625462031,0.025682272647579052,0.06145503333239266,0.32594814903706376,0.32573454732213614,0.011797021232348997,0.3178743466387306,0.3336548180142379,0.30662410082613306,0.3452092192373818,0.01578047137550731,0.03858511841124873,2.1446794609377546,2.142219745955636,0.06860800325870337,2.0977568420824926,2.1885726467555484,2.036301096146478,2.2648573332059434,0.09081580467305583,0.2285562370594656,1.0,1.0,-0.009582210461228313,-0.009283929940344215,0.009283929940344215,8.619135513721975e-05,0.0,1.0,0.016218272013774127,0.0160046702988465,0.0160046702988465,0.0002561494713747794,0.0,0.0,-0.14142644324474096,-0.1438861582268598,0.1438861582268598,0.020703226529284934
2,0.4043375584624097,0.35086675478454055,1.152396324099456,0.38533676304536574,0.3817836637834013,0.10604256142558265,0.30684206203027126,0.4616337616309982,0.2152292632219108,0.5624872542632503,0.15479169960072692,0.3472579910413395,0.36984935160698934,0.3870945499600827,0.086969953032267,0.3148116772259718,0.43919532994604626,0.19332035157716007,0.4808955962176091,0.12438365272007446,0.28757524464044903,1.0654560689668573,1.0609760746694836,0.24561823469065913,0.9195507746594929,1.2012968529477108,0.6785496393863836,1.4497408461875727,0.28174607828821796,0.7711912068011891,1.0,1.0,-0.01900079541704397,-0.022553894679008424,0.022553894679008424,0.0005086781651918045,1.0,1.0,0.018982596822448794,0.03622779517554214,0.03622779517554214,0.0013124531432810347,1.0,1.0,-0.08694025513259862,-0.09142024942997229,0.09142024942997229,0.008357662005838349
3,0.8032293038752459,0.21437827551655725,3.7467849852780883,0.799761315441177,0.8006265931132777,0.02414242965476449,0.7833064672198744,0.8165609279081059,0.758571013577236,0.8378247827318316,0.03325446068823146,0.07925376915459559,0.2118010418032037,0.21164242414979942,0.008460614817677577,0.2059295121947411,0.2175244569506876,0.19817718923878017,0.22568990963320038,0.011594944755946496,0.02751272039442021,3.7810906632534595,3.77060641015858,0.17040042808348313,3.665035907744767,3.8828402032851614,3.5145986398637574,4.081125098748078,0.2178042955403945,0.5665264588843208,1.0,1.0,-0.003467988434068925,-0.0026027107619682743,0.0026027107619682743,6.7741033104654755e-06,1.0,1.0,-0.002577233713353555,-0.00273585136675783,0.00273585136675783,7.484882700990686e-06,1.0,1.0,0.03430567797537121,0.02382142488049155,0.02382142488049155,0.0005674602833369018
4,0.5436425459709586,0.3368120528417254,1.6140828137953454,0.4817893208403892,0.4811101897757716,0.021384727941398347,0.46706799534937227,0.4954798123641537,0.4469828084599034,0.5179629307971346,0.02841181701478146,0.07098012233723122,0.3095036906478755,0.3095106735899903,0.01792789081361237,0.2977366275580138,0.32126437009813574,0.27988469701191315,0.33913909582873397,0.023527742540121965,0.05925439881682082,1.5594184631687635,1.5564899960254586,0.07250512941194522,1.5097845111565629,1.6067115791664075,1.4479613368074686,1.6817755924028104,0.09692706800984463,0.23381425559534175,0.0,0.0,-0.0618532251305694,-0.06253235619518704,0.06253235619518704,0.003910295571321747,0.0,1.0,-0.02730836219384991,-0.02730137925173509,0.02730137925173509,0.0007453653090470714,0.0,1.0,-0.054664350626581815,-0.057592817769886784,0.057592817769886784,0.003316932658675387
5,0.10920871194100312,0.09880219535572132,1.1053267748536844,0.30399469578793653,0.2930138770434767,0.10008852790762662,0.22810767061379592,0.36666877896027383,0.16006559113092914,0.4847022048733652,0.13856110834647792,0.324636613742436,0.3162838716595912,0.32629974101425274,0.10377608939106384,0.23919620282430354,0.4037664538815119,0.13567166419366294,0.46629004345831954,0.16457025105720835,0.3306183792646566,1.0172453050582022,0.9936883009232655,0.2953564465159999,0.830142126454135,1.1878016230230646,0.5615603022704688,1.5625241704010793,0.3576594965689296,1.0009638681306106,0.0,0.0,0.1947859838469334,0.18380516510247358,0.18380516510247358,0.03378433871834757,0.0,0.0,0.2174816763038699,0.22749754565853142,0.22749754565853142,0.05175513328065559,1.0,1.0,-0.08808146979548215,-0.11163847393041881,0.11163847393041881,0.0124631488615128
6,0.37896737965408156,0.4467969863817401,0.8481869645608903,0.16990413012997244,0.13679524507249877,0.08574708105361625,0.11117222292222188,0.19680274143453894,0.10073017456173666,0.361217617091539,0.08563051851231705,0.2604874425298023,0.25696771991125983,0.24594089810035577,0.1291439578297017,0.14233382956286975,0.3681681383313724,0.07231543826478921,0.471854931788807,0.22583430876850266,0.3995394935240178,0.7809364868665192,0.6976605029339216,0.3596573220814185,0.5031861181342423,0.9923790204670512,0.3238435723772069,1.4937779586766493,0.4891929023328089,1.1699343862994425,0.0,0.0,-0.20906324952410912,-0.2421721345815828,0.2421721345815828,0.058647342767800245,0.0,1.0,-0.18982926647048026,-0.20085608828138432,0.20085608828138432,0.04034316819969925,1.0,1.0,-0.06725047769437109,-0.1505264616269687,0.1505264616269687,0.02265821564993528
7,0.5262446692595236,0.07182730966195344,7.326526243795439,0.5115182333016015,0.5112874177424578,0.017653801777711028,0.50000396209073,0.5230473906302183,0.48269420935979435,0.5405580170877107,0.023043428539488375,0.05786380772791633,0.06853798754983584,0.0682018103238344,0.004188746861143831,0.06553741556143138,0.07105979344302345,0.06239948799971543,0.07588260304143424,0.005522377881592072,0.013483115041718806,7.489465670645101,7.47398365975227,0.5033116014541561,7.156441576598231,7.832559540605593,6.687850478281986,8.331672793305183,0.6761179640073616,1.643822315023197,0.0,1.0,-0.014726435957922113,-0.01495725151706584,0.01495725151706584,0.00022371937294476835,0.0,1.0,-0.003289322112117604,-0.003625499338119037,0.003625499338119037,1.3144245450701576e-05,1.0,1.0,0.162939426849662,0.14745741595683093,0.14745741595683093,0.021743689520665858
8,0.21249960279154578,0.11555093383464594,1.8390124228302123,0.21207235968808263,0.21159627309271545,0.017303302108905315,0.20037384582826362,0.22245503722421794,0.1842865651055805,0.24209515288799274,0.022081191395954325,0.05780858778241224,0.0969822837387484,0.09303616179914166,0.024039728023568612,0.08052586087790234,0.1092520187775806,0.06611556941853802,0.14158014783576367,0.028726157899678265,0.07546457841722565,2.2808513392232497,2.3043200026469055,0.41055377343076377,2.00078777328502,2.572933689910724,1.5572220293430696,2.9340755552136213,0.5721459166257041,1.3768535258705517,1.0,1.0,-0.00042724310346314853,-0.0009033296988303352,0.0009033296988303352,8.160045447889041e-07,0.0,1.0,-0.018568650095897546,-0.022514772035504282,0.022514772035504282,0.0005069149598107256,0.0,1.0,0.4418389163930374,0.46530757981669324,0.46530757981669324,0.21651114383486836
9,0.11169695047783852,0.27346826495133936,0.4084457496291709,0.21048463425524971,0.16759893216966365,0.11637453485731786,0.12476362542365393,0.25914265260020397,0.10337939766386528,0.4602282654467737,0.13437902717655004,0.3568488677829084,0.2965254863822747,0.30710013137133996,0.1289714947213774,0.18527354023425635,0.412564575291259,0.08667372924760754,0.48445451455704264,0.22729103505700265,0.3977807853094351,0.7800501080764043,0.7401981227399501,0.33139053276558866,0.5199236981483718,0.988839871898551,0.3314977427819547,1.398410910695731,0.46891617375017924,1.0669131679137762,0.0,1.0,0.09878768377741119,0.05590198169182513,0.05590198169182513,0.003125031557073152,1.0,1.0,0.02305722143093536,0.0336318664200006,0.0336318664200006,0.001131102438892764,0.0,1.0,0.3716043584472334,0.3317523731107792,0.3317523731107792,0.11005963706463366
10,0.6356625754365786,0.3102292114731212,2.0490094160319052,0.6462753158258813,0.6463375629408086,0.019022789498193745,0.6334463385326703,0.6593341345267133,0.6146790038731306,0.6769275048380864,0.025887795994043006,0.06224850096495582,0.3175548726271114,0.3175670665363979,0.012470688820161412,0.30902981115665,0.3256384476000423,0.29754465774141825,0.3379896215179362,0.016608636443392277,0.04044496377651796,2.036996633094152,2.0345427836005268,0.06867916287106744,1.9914581330743713,2.080382472119883,1.9308006675692224,2.1541249570139676,0.08892433904551167,0.22332428944474514,1.0,1.0,0.01061274038930271,0.010674987504230016,0.010674987504230016,0.00011395535821546698,1.0,1.0,0.007325661153990193,0.007337855063276666,0.007337855063276666,5.3844116929655e-05,1.0,1.0,-0.012012782937753208,-0.014466632431378468,0.014466632431378468,0.00020928345390461127
11,0.24614667657025313,0.11540148099097225,2.1329594252738313,0.22954273930529917,0.2290563569452382,0.01091692918194159,0.22238345261912057,0.2364600404950721,0.21239851559267836,0.2479736570470422,0.014076587875951535,0.03557514145436383,0.09815088541782722,0.09710031838840333,0.010536986742468508,0.0907881060946836,0.10465493841710344,0.0826151241719458,0.11703959923535318,0.013866832322419836,0.03442447506340737,2.3608135928369447,2.358739502461214,0.2305204811703563,2.2168694104886817,2.52355941118024,1.9746338726377473,2.7138816972358315,0.3066900006915585,0.7392478245980842,0.0,1.0,-0.01660393726495396,-0.01709031962501492,0.01709031962501492,0.00029207902488517014,0.0,1.0,-0.017250595573145025,-0.01830116260256892,0.01830116260256892,0.00033493255260566725,0.0,1.0,0.22785416756311339,0.22578007718738258,0.22578007718738258,0.05097664325474043
12,0.8105817407571343,0.107957928598429,7.508311351288097,0.802992822289562,0.8050103459462628,0.027872737864998207,0.7852511047456703,0.82226937481008,0.7547470588225782,0.8466141745624154,0.03701827006440972,0.09186711573983719,0.11038848236457252,0.1100509993088401,0.005529055588368355,0.10659476095650679,0.11396661550486571,0.10192202432454157,0.11975172746869915,0.007371854548358925,0.017829703144157577,7.291059956743867,7.275526259112185,0.4226983196198055,6.996451319591479,7.56566950761145,6.646563254396848,8.004308699803172,0.5692181880199714,1.3577454454063238,1.0,1.0,-0.007588918467572259,-0.005571394810871544,0.005571394810871544,3.104044013860637e-05,1.0,1.0,0.0024305537661435256,0.0020930707104111074,0.0020930707104111074,4.3809449987808575e-06,1.0,1.0,-0.21725139454423026,-0.23278509217591203,0.23278509217591203,0.054188899139347865
13,0.459544095188684,0.3100461321934748,1.4821797386652111,0.4745746993906179,0.4737195538543581,0.029048445823705457,0.45464272062822364,0.49395249560893356,0.4275958211628635,0.5241859700175645,0.03930977498070992,0.09659014885470102,0.3165441141740047,0.3167803426498397,0.02635371061424624,0.29875787377637253,0.3337440911738826,0.2729620199513734,0.3609720756506398,0.03498621739751007,0.0880100556992664,1.5049374841964882,1.5013658636622926,0.09972718028695125,1.4377350195316152,1.5679244338517204,1.35154516592729,1.67734349782022,0.13018941432010522,0.32579833189293006,1.0,1.0,0.015030604201933917,0.014175458665674101,0.014175458665674101,0.00020094362838223498,1.0,1.0,0.0064979819805298655,0.006734210456364853,0.006734210456364853,4.5349590470613724e-05,1.0,1.0,0.022757745531277074,0.0191861249970815,0.0191861249970815,0.0003681073924036356
14,0.7789514461121113,0.45231282488814134,1.7221520223415043,0.7612781599196162,0.7650249657458699,0.040018737315924535,0.7375182737431512,0.7888972847519276,0.6861523198672839,0.8208943476533933,0.0513790110087764,0.13474202778610944,0.44793505927739186,0.4497513148733244,0.022031948662500158,0.43367067158278594,0.46421932635359225,0.4088671587587345,0.47939311112868266,0.030548654770806316,0.07052595236994819,1.7005478742089357,1.6986758726815854,0.06725056684694643,1.6586606030017017,1.7384802795166112,1.5954915900986195,1.817872817707649,0.07981967651490951,0.22238122760902956,1.0,1.0,-0.017673286192495086,-0.013926480366241445,0.013926480366241445,0.00019394685539130845,1.0,1.0,-0.0043777656107494844,-0.0025615100148169145,0.0025615100148169145,6.56133355600735e-06,1.0,1.0,-0.021604148132568612,-0.023476149659918955,0.023476149659918955,0.0005511296028549128
15,0.10455465732542506,0.11411673289916074,0.9162079448753128,0.32524985273822277,0.29964664919046213,0.15153329212239508,0.19790242847777087,0.4273741550983856,0.12628142862936428,0.6159028561122912,0.22947172662061474,0.4896214274829269,0.3823713080236015,0.4140950474605184,0.10809316767553462,0.31596743634603647,0.4724378714387392,0.15953176059845312,0.49760906158433554,0.15647043509270275,0.3380773009858824,0.8613952908466906,0.8432828348457169,0.3077387650844468,0.6439715317616338,1.0641960301905946,0.3840001826972412,1.3609483484541511,0.4202244984289608,0.9769481657569099,0.0,0.0,0.2206951954127977,0.19509199186503706,0.19509199186503706,0.03806088528986769,0.0,0.0,0.26825457512444073,0.29997831456135765,0.29997831456135765,0.08998698920707283,1.0,1.0,-0.05481265402862212,-0.0729251100295959,0.0729251100295959,0.005318071672828668
16,0.7982887930895484,0.11686131841277303,6.831078101223055,0.7655644224730777,0.7666026796755011,0.024761998283591352,0.7488980730375714,0.7825245342790209,0.723082759158673,0.8053063597997737,0.03362646124144952,0.08222360064110068,0.11545254423403092,0.11520368822280103,0.005541748424964166,0.11181927354484558,0.11896461313087608,0.10678622857689438,0.1249546460081755,0.0071453395860305025,0.018168417431281128,6.6452286353323755,6.641752160922908,0.36743137206766074,6.387938480762965,6.870568971555687,6.066433587145483,7.278612656999806,0.48263049079272236,1.212179069854323,0.0,1.0,-0.03272437061647071,-0.03168611341404726,0.03168611341404726,0.0010040097832878655,1.0,1.0,-0.001408774178742106,-0.0016576301899720036,0.0016576301899720036,2.747737846706621e-06,1.0,1.0,-0.18584946589067908,-0.18932594030014638,0.18932594030014638,0.03584431167053459
17,0.6326167395983572,0.40379855986921687,1.5666641797911574,0.6659054306964527,0.6682183365004046,0.03610776654626767,0.6420902483238677,0.6906352309074041,0.6022537468951553,0.7223036033180115,0.048544982583536345,0.12004985642285615,0.42162707475640704,0.4228013209799775,0.02444003717577976,0.406744572622431,0.4388798527087282,0.3789935845128814,0.45758195331418194,0.03213528008629718,0.07858836880130055,1.581315538496931,1.5778451553316182,0.0712946577917109,1.536618747445159,1.6224765892311934,1.4715647601455013,1.7011884639360426,0.0858578417860345,0.2296237037905413,0.0,1.0,0.03328869109809551,0.03560159690204745,0.03560159690204745,0.0012674737019758746,0.0,1.0,0.017828514887190172,0.019002761110760658,0.019002761110760658,0.0003611049298326376,1.0,1.0,0.01465135870577372,0.011180975540460825,0.011180975540460825,0.00012501421403638324
18,0.39531741434728207,0.4055263857896645,0.9748253830080553,0.2165346361234276,0.18808872153070424,0.09995018836913541,0.14129426099638825,0.2668154185560968,0.10871102268266843,0.42389695699699037,0.12552115755970855,0.31518593431432196,0.3057582322459704,0.3159088790608411,0.11852912350178568,0.2082304903649571,0.40957097916266627,0.1065820564416074,0.47560272186484626,0.20134048879770916,0.36902066542323886,0.7698771454992227,0.7322713623375363,0.2983117488441762,0.5451241467594331,0.9646875659875442,0.3413688238690174,1.3175006189873513,0.41956341922811113,0.9761317951183339,0.0,1.0,-0.17878277822385447,-0.20722869281657783,0.20722869281657783,0.04294373112646757,1.0,1.0,-0.09976815354369412,-0.0896175067288234,0.0896175067288234,0.008031297512290708,0.0,1.0,-0.20494823750883262,-0.242554020670519,0.242554020670519,0.05883245294343456
19,0.5914249487053967,0.1603217105393957,3.6889885138798246,0.5836197467290039,0.5838108983342807,0.014382178249005886,0.574081723763313,0.5934093047896073,0.5600069622475717,0.6072138732013839,0.019327581026294283,0.04720691095381213,0.1594666638548349,0.15934563799931792,0.005925886206092065,0.15531917699037223,0.1634041835843749,0.15008751341060117,0.16933634597161276,0.008085006594002658,0.019248832561011592,3.6640316163425286,3.6559036367722255,0.1436297227430186,3.561173903374754,3.7594661179626265,3.4359429979349003,3.9045617896012224,0.19829221458787272,0.46861879166632203,1.0,1.0,-0.007805201976392895,-0.007614050371116066,0.007614050371116066,5.79737630538927e-05,1.0,1.0,-0.0008550466845607951,-0.0009760725400777825,0.0009760725400777825,9.527176034938944e-07,1.0,1.0,-0.02495689753729602,-0.03308487710759911,0.03308487710759911,0.0010946090932249357
20,0.1959393407746825,0.21640712112414906,0.9054200238737775,0.26417400022042203,0.223748862465344,0.14386083951757198,0.14871990000086358,0.3468007196425272,0.10748628021811141,0.573735826625519,0.1980808196416636,0.4662495464074076,0.3476571896112282,0.37907263843136885,0.12249827903713982,0.2567545953885145,0.4545636814838203,0.11553239204806305,0.495792866875036,0.19780908609530584,0.38026047482697295,0.7859192029642144,0.7466654772761955,0.3134827636648182,0.5479950525858902,0.9878010961791186,0.34186726928087136,1.3466596201176029,0.4398060435932284,1.0047923508367316,1.0,1.0,0.06823465944573953,0.027809521690661504,0.027809521690661504,0.0007733694966633726,0.0,1.0,0.13125006848707915,0.1626655173072198,0.1626655173072198,0.02646007052082542,1.0,1.0,-0.11950082090956315,-0.15875454659758204,0.15875454659758204,0.025203006065403846
21,0.931925621235406,0.3481941839174678,2.676453726913197,0.9377532507791111,0.9452769743724694,0.03490052121068454,0.9210009948714037,0.9626843353200851,0.8693952207924616,0.9789995650755445,0.04168334044868138,0.10960434428308297,0.36515812151119165,0.3649773008078404,0.01769699002580144,0.3528652950296202,0.3770954443959288,0.33732511231834833,0.39435192683608083,0.024230149366308573,0.057026814517732505,2.571822500256593,2.5654449960163768,0.11575817498191866,2.489330337551984,2.6441248660905847,2.39362824155927,2.7701906429969667,0.15479452853860076,0.3765624014376967,1.0,1.0,0.005827629543705082,0.013351353137063371,0.013351353137063371,0.0001782586305905719,0.0,1.0,0.016963937593723832,0.016783116890372596,0.016783116890372596,0.0002816730125559099,0.0,1.0,-0.10463122665660407,-0.1110087308968204,0.1110087308968204,0.012322938335322687
22,0.3636898387904739,0.11066963534702925,3.28626580949728,0.3472434356037038,0.34716298944515,0.01147467685305115,0.33956939430259114,0.3546615132467592,0.3283133396854502,0.36604565000005046,0.015092118944168065,0.03773231031460028,0.10989569943303505,0.10969374947562086,0.005005825596602666,0.1063543333094179,0.1131914315664472,0.10207944366346187,0.11818728110910597,0.0068370982570293,0.01610783744564409,3.165758058502317,3.1609107698690577,0.1684563253573679,3.05302697465583,3.278078875696095,2.893662715563423,3.4480516511252084,0.22505190104026518,0.5543889355617853,0.0,1.0,-0.016446403186770098,-0.01652684934532389,0.01652684934532389,0.0002731367492830327,1.0,1.0,-0.0007739359139942031,-0.0009758858714083996,0.0009758858714083996,9.523532340145313e-07,0.0,1.0,-0.12050775099496303,-0.12535503962822236,0.12535503962822236,0.0157138859601932
23,0.7971079653659398,0.22612597102898474,3.525061547502506,0.7995009387684584,0.8007786388307259,0.02379837378192363,0.7840802621239604,0.8162951057678915,0.757849999359843,0.8358887834232416,0.032214843643931124,0.07803878406339859,0.22910133247402795,0.22891262488449202,0.00868338731019501,0.2231129306248454,0.2348261670808364,0.21537508805142752,0.243749119469655,0.011713236455990983,0.028374031418227474,3.4937676436426397,3.486256683053476,0.14746549343001056,3.3915168609299315,3.5875436226437407,3.269765802451634,3.749628139587845,0.19602676171380917,0.47986233713621074,1.0,1.0,0.00239297340251865,0.0036706734647861117,0.0036706734647861117,1.3473843685084878e-05,1.0,1.0,0.0029753614450432064,0.002786653855507276,0.002786653855507276,7.765439710413567e-06,1.0,1.0,-0.0312939038598663,-0.038804864449029974,0.038804864449029974,0.0015058175049075904
24,0.5406968446730807,0.3696168200742086,1.4628577903043591,0.5542989773298116,0.5543116745229042,0.035710707024958904,0.5300845693825262,0.5788664455973014,0.49378779282159946,0.6121590458587738,0.048781876214775144,0.11837125303717433,0.38906092972455425,0.39040584640059384,0.027214962119837045,0.37102904467790043,0.4078958220193793,0.34226067621366635,0.4337037869102901,0.03686677734147886,0.09144311069662375,1.427239091708553,1.4232256575841575,0.07541723364476334,1.3772171185939293,1.471916472732716,1.309992978986926,1.5560199679549174,0.09469935413878683,0.24602698896799136,1.0,1.0,0.013602132656730936,0.01361482984982354,0.01361482984982354,0.00018536359183964608,0.0,1.0,0.019444109650345653,0.02078902632638524,0.02078902632638524,0.0004321836155991386,1.0,1.0,-0.03561869859580624,-0.03963213272020161,0.03963213272020161,0.0015707059439516748
25,0.5568982261761735,0.05645805065134216,9.86392940867388,0.5327472596894846,0.5323738033951981,0.020342315297337234,0.519108853365939,0.5467695311887014,0.4991943571850674,0.5652632348978011,0.02766067782276238,0.06606887771273368,0.05722392248609719,0.056534682201399955,0.003364862661940747,0.054905853012424684,0.05884901840927783,0.05313935883490038,0.0633728706648627,0.003943165396853146,0.010233511829962322,9.339208021556725,9.360759771871138,0.6182221790769197,8.949522715282296,9.748973460319206,8.279014614293434,10.301585766791042,0.7994507450369106,2.0225711524976084,0.0,1.0,-0.024150966486688907,-0.02452442278097533,0.02452442278097533,0.0006014473127400218,1.0,1.0,0.0007658718347550234,7.66315500577916e-05,7.66315500577916e-05,5.872394464259819e-09,0.0,1.0,-0.5247213871171539,-0.5031696368027418,0.5031696368027418,0.25317968340020314
26,0.6870560959926543,0.06871803523232278,9.99819179448083,0.6587369299274879,0.658529531951263,0.023502076518775065,0.6418711996325847,0.6750735164828535,0.6212169683418466,0.6980086794751497,0.033202316850268865,0.07679171113330308,0.06958097142673063,0.06928694082009423,0.004080840476134716,0.0667509926266852,0.07191700188981179,0.06360946988454365,0.07692564752833231,0.005166009263126589,0.01331617764378866,9.498537566064511,9.48791941742832,0.6374533958131595,9.048002886286072,9.92324228550087,8.512097219332109,10.589439114588377,0.8752393992147969,2.077341895256268,0.0,1.0,-0.02831916606516638,-0.02852656404139131,0.02852656404139131,0.0008137648560075998,1.0,1.0,0.0008629361944078456,0.0005689055877714511,0.0005689055877714511,3.236535677975802e-07,0.0,1.0,-0.49965422841631835,-0.5102723770525106,0.5102723770525106,0.26037789878281953
27,0.6747460666796103,0.49102343957840594,1.374162641316979,0.5985979281513971,0.6039079612251749,0.07633183997952057,0.5459824112050323,0.6543698333168879,0.4650963700938458,0.7158906911108094,0.10838742211185559,0.2507943210169636,0.45075698702586087,0.4608819196064475,0.038400581131276555,0.43235305568576865,0.47865516923624246,0.3766369788545923,0.4947010893406442,0.04630211355047381,0.11806411048605192,1.3280135575807968,1.3400811844185383,0.1251597428002558,1.2504501955502674,1.4092367142430047,1.107022825308085,1.5032042866372708,0.1587865186927373,0.39618146132918586,0.0,1.0,-0.07614813852821323,-0.07083810545443547,0.07083810545443547,0.005018037184373721,0.0,1.0,-0.04026645255254507,-0.030141519971958464,0.030141519971958464,0.0009085112262199709,1.0,1.0,-0.046149083736182206,-0.034081456898440665,0.034081456898440665,0.0011615457043202687
28,0.44826724270216356,0.21646616791418954,2.0708420489979913,0.44753382731700714,0.4475854551607439,0.011992103057897779,0.4395013402375164,0.4558107218972649,0.4277994638350476,0.4671846263879631,0.01630938165974849,0.03938516255291552,0.22443788940921036,0.22439996169354173,0.007015886641070534,0.219701206843728,0.22907272196011536,0.2132114593137464,0.23613814042086473,0.009371515116387369,0.02292668110711832,1.995172393673714,1.9959379960499513,0.05979431051196703,1.953736100357054,2.0337675977069996,1.9008654541591088,2.095387210302403,0.08003149734994564,0.19452175614329437,1.0,1.0,-0.0007334153851564218,-0.0006817875414196761,0.0006817875414196761,4.648342516350866e-07,0.0,1.0,0.007971721495020817,0.007933793779352188,0.007933793779352188,6.294508373328748e-05,0.0,1.0,-0.07566965532427727,-0.07490405294804003,0.07490405294804003,0.005610617148042785
29,0.3044974414309043,0.17249458359194025,1.765257987179673,0.28015797096900225,0.2798485219080916,0.013825304029210417,0.2708006275522989,0.2892568660845972,0.2577709902360457,0.303062350002091,0.01845623853229833,0.04529135976604526,0.15284066563187224,0.15274130367613675,0.012867196555366358,0.1439670896587255,0.1612584083381702,0.13283061979312438,0.17424556060769558,0.017291318679444695,0.0414149408145712,1.8426412246143555,1.8432028651985841,0.13974997696601626,1.7530655835244058,1.9344608200418585,1.6227652852050682,2.0711556623882914,0.1813952365174527,0.44839037718322317,0.0,0.0,-0.024339470461902046,-0.024648919522812673,0.024648919522812673,0.0006075692336420958,0.0,1.0,-0.019653917960068018,-0.0197532799158035,0.0197532799158035,0.000390192067432086,1.0,1.0,0.07738323743468256,0.07794487801891115,0.07794487801891115,0.0060754040093829375
30,0.7592395803513712,0.2346233871950466,3.2359927517379234,0.7436358468454439,0.7442188127504296,0.018780548667526306,0.7307188354957066,0.7564431085460097,0.7121723294671405,0.7740293901468546,0.025724273050303115,0.06185706067971408,0.24093264025518243,0.2405477001764575,0.00852844840804608,0.23522680872533835,0.24651981969669823,0.2271607837585408,0.2555505498921604,0.011293010971359874,0.028389766133619626,3.089498348890655,3.0864264075640184,0.11328558597404846,3.0110174907390217,3.162059021952755,2.9132922667344765,3.285205556955902,0.1510415312137332,0.3719132902214257,0.0,1.0,-0.015603733505927253,-0.01502076760094162,0.01502076760094162,0.00022562345932149747,0.0,1.0,0.006309253060135828,0.005924312981410884,0.005924312981410884,3.509748430171352e-05,0.0,1.0,-0.14649440284726856,-0.14956634417390502,0.14956634417390502,0.02237009130954701
31,0.3629023544419292,0.1616342447732556,2.245207102931791,0.3494033631600453,0.34920552895629503,0.011363683751007384,0.3420557723719297,0.3569696136638808,0.33069596810035556,0.36859045984488803,0.014913841291951113,0.037894491744532466,0.15823246500030466,0.15816988086548384,0.005830769287289428,0.15430157221091959,0.16195213624065036,0.14900668579686502,0.16834394929796714,0.007650564029730772,0.019337263501102125,2.2101013269231764,2.208632787233072,0.08437971835146389,2.154405350893734,2.2642439309656,2.071663765351694,2.3488191903181743,0.10983858007186598,0.27715542496648027,0.0,1.0,-0.01349899128188392,-0.013696825485634168,0.013696825485634168,0.00018760302838391764,1.0,1.0,-0.003401779772950947,-0.0034643639077717725,0.0034643639077717725,1.2001817285471707e-05,1.0,1.0,-0.03510577600861442,-0.03657431569871861,0.03657431569871861,0.0013376805688295344
32,0.2620955712027291,0.2394413796847803,1.0946126836880599,0.31821056371174045,0.2961796940418724,0.14067366724530533,0.20180683009139327,0.40839030221615513,0.13392653989893757,0.5876123912460554,0.20658347212476186,0.4536858513471178,0.35659923959572537,0.38222064074091533,0.11262938838397579,0.2797315802034772,0.45258641894896423,0.1375353900254905,0.4929562176742176,0.17285483874548702,0.35542082764872707,0.9190797957512653,0.9076343203249643,0.3051284647887802,0.7080113109639767,1.1248379612322692,0.4400257201384728,1.423672424579935,0.41682665026829246,0.9836467044414623,1.0,1.0,0.05611499250901136,0.034084122839143305,0.034084122839143305,0.0011617274297138103,0.0,1.0,0.11715785991094507,0.14277926105613503,0.14277926105613503,0.020385917387735958,1.0,1.0,-0.17553288793679456,-0.1869783633630956,0.1869783633630956,0.03496090836594181
33,0.21292750841717056,0.20562531253700156,1.0355121448331173,0.2585943491485483,0.2354690953840762,0.10959609935455135,0.17180007622966548,0.3180980603233141,0.12455601965748318,0.476708190694426,0.14629798409364864,0.3521521710369428,0.30696028943173725,0.3199319180489527,0.11780517693308563,0.212222348652353,0.4085370012473579,0.10686783995681133,0.47663658826769284,0.1963146525950049,0.3697687483108815,0.9123686198450232,0.8784894173429671,0.32819289204055174,0.6804322014275667,1.1077933223179315,0.4347208174845062,1.50905189922252,0.4273611208903648,1.0743310817380136,1.0,1.0,0.04566684073137772,0.02254158696690564,0.02254158696690564,0.0005081231429865703,0.0,1.0,0.1013349768947357,0.11430660551195115,0.11430660551195115,0.013066000063664821,1.0,1.0,-0.12314352498809411,-0.15702272749015012,0.15702272749015012,0.024656136948445945
34,0.3189847206254516,0.4994577730553631,0.6386620407849639,0.2116211666416602,0.15329544254966862,0.13543476644165248,0.11295609628627298,0.2615199085358101,0.10079290667760425,0.5239574670449829,0.1485638122495371,0.42316456036737865,0.32625366595216126,0.3442266258395347,0.12922812479624413,0.219069882202642,0.4471257058230841,0.1016528259811547,0.4940095579453428,0.22805582362044208,0.3923567319641881,0.687145845107154,0.619978540283852,0.3243093087860851,0.43228505320509614,0.8956395540616792,0.28194418087338624,1.3004208978954699,0.46335450085658303,1.0184767170220836,0.0,1.0,-0.10736355398379138,-0.16568927807578296,0.16568927807578296,0.027452936869274133,0.0,0.0,-0.17320410710320183,-0.15523114721582842,0.15523114721582842,0.024096709065942197,1.0,1.0,0.04848380432219013,-0.018683500501111894,0.018683500501111894,0.00034907319097504837
35,0.4400987384949603,0.37599587333865647,1.1704882146367783,0.3538021654526294,0.3459791025715347,0.10605065827808785,0.2745090342072328,0.42584478832986694,0.1921943230580266,0.53765846451475,0.15133575412263411,0.34546414145672333,0.36828429042487193,0.3875310821352308,0.08917179353035684,0.3127891530774142,0.4392366439101023,0.19090240603095154,0.4794664704740021,0.12644749083268814,0.28856406444305055,0.9840970824284925,0.9839553709619548,0.24687815734631163,0.8268772120834909,1.128833743469935,0.5902674881180455,1.3788992958636668,0.30195653138644407,0.7886318077456212,0.0,1.0,-0.0862965730423309,-0.09411963592342559,0.09411963592342559,0.008858505866358186,1.0,1.0,-0.007711582913784543,0.011535208796574326,0.011535208796574326,0.0001330610419805657,0.0,1.0,-0.18639113220828585,-0.18653284367482348,0.18653284367482348,0.034794501769416133
36,0.855571228771493,0.30924544192742925,2.7666413559371725,0.8409575555603293,0.8437023421985216,0.029435568383336906,0.8227408513651133,0.8625684295150223,0.7887483963737678,0.8840580595490862,0.039827578149909004,0.09530966317531842,0.31976214971988826,0.319640586117375,0.012964745605178065,0.31096340255884447,0.32824459750494306,0.29861274701267737,0.340756661805225,0.017281194946098588,0.04214391479254764,2.632789403505789,2.6259012719383885,0.11098907983155108,2.557573181070187,2.699945084279658,2.464888756913225,2.8319049003070353,0.14237190320947102,0.36701614339381017,1.0,1.0,-0.014613673211163802,-0.011868886572971471,0.011868886572971471,0.00014087046848206247,0.0,1.0,0.010516707792459001,0.010395144189945749,0.010395144189945749,0.00010805902272976286,0.0,1.0,-0.13385195243138348,-0.14074008399878402,0.14074008399878402,0.019807771243984782
37,0.19612917429118126,0.3654833615794456,0.5366295566605387,0.2245436086193476,0.17729144773299427,0.13558325154644474,0.1193281507041753,0.2780375177804853,0.10152095444230881,0.5320319603313657,0.15870936707631,0.4305110058890569,0.3363582554640521,0.3613496736252461,0.12690986381760255,0.23789699544455817,0.4497593145612789,0.10561658809231528,0.495851450258975,0.2118623191167207,0.3902348621666597,0.7001852440551379,0.6426899988938264,0.3108276159402795,0.4535080238530994,0.8908808776739346,0.2890521870944308,1.289669475010221,0.43737285382083524,1.00061728791579,1.0,1.0,0.028414434328166344,-0.018837726558186996,0.018837726558186996,0.00035485994188102365,1.0,1.0,-0.029125106115393484,-0.004133687954199494,0.004133687954199494,1.7087376102694e-05,1.0,1.0,0.16355568739459925,0.1060604422332877,0.1060604422332877,0.011248817406720558
38,0.1333277546604977,0.426298170146916,0.3127570418952272,0.18876686084314795,0.14098253986269277,0.11568800904163895,0.10992707325014542,0.219391085586221,0.10040795944320016,0.45164427696852,0.10946401233607558,0.3512363175253198,0.2858066538270217,0.28733784116088135,0.13570435394298433,0.16446990221844868,0.41100775635782677,0.07478972146525341,0.48799712135979906,0.2465378541393781,0.41320739989454564,0.749535813090278,0.6782396141061622,0.3623490478080859,0.4620051190237995,0.9524260009158354,0.3051649260838118,1.4728493480411673,0.4904208818920359,1.1676844219573554,1.0,1.0,0.055439106182650244,0.0076547852021950635,0.0076547852021950635,5.859573649174452e-05,0.0,1.0,-0.14049151631989432,-0.13896032898603466,0.13896032898603466,0.019309973031906985,0.0,1.0,0.43677877119505076,0.365482572210935,0.365482572210935,0.13357751058992132
39,0.9482950685271959,0.22618594246022827,4.192546443039627,0.9282164345643399,0.9366289090769471,0.0381780735724811,0.9095349413984605,0.9543999782786676,0.8561623597446179,0.9734644517729281,0.044865036880207154,0.11730209202831021,0.22140610216542814,0.22093397674783927,0.009805673646634757,0.21473917085729882,0.22799224832290704,0.20574955154956745,0.23802037200661305,0.01325307746560822,0.0322708204570456,4.199661792153516,4.195996818077481,0.240708646607506,4.038062027590678,4.365128185248076,3.8249365578529653,4.5912231551670075,0.32706615765739766,0.7662865973140423,1.0,1.0,-0.02007863396285603,-0.011666159450248847,0.011666159450248847,0.00013609927631863048,1.0,1.0,-0.004779840294800136,-0.005251965712389006,0.005251965712389006,2.7583143844109763e-05,1.0,1.0,0.007115349113888669,0.0034503750378540587,0.0034503750378540587,1.1905087901846397e-05
40,0.4728796567223611,0.29781781981131766,1.58781518520938,0.504391670487933,0.5040838288009856,0.01975366587267809,0.4907528010553968,0.5176091961690983,0.47299741504419474,0.538032384942598,0.02685639511370147,0.06503496989840324,0.31020890845261523,0.3096312571352321,0.01592964071521116,0.2994126117713704,0.32038532237694095,0.2847855127210008,0.33752046028711924,0.020972710605570544,0.05273494756611846,1.6282253304765837,1.6257320677366685,0.06650580000930756,1.583352882554494,1.6722567532542656,1.5226174845550926,1.7404278135852607,0.08890387069977157,0.21781032903016806,0.0,0.0,0.03151201376557189,0.03120417207862447,0.03120417207862447,0.000973700355112407,0.0,1.0,0.012391088641297565,0.011813437323914433,0.011813437323914433,0.0001395573014060546,1.0,1.0,0.040410145267203657,0.03791688252728842,0.03791688252728842,0.0014376899805881899
41,0.7734983169462643,0.3334656298581934,2.3195743359673835,0.7808937099830373,0.7825690277621629,0.027073409312477478,0.7624428341597819,0.7991658035785425,0.7344161471580943,0.8237188936564955,0.03672296941876063,0.0893027464984012,0.3583681955718139,0.3578998915086238,0.015435035453533258,0.34761067389050654,0.368975509031368,0.33344640497528033,0.3844907566567885,0.02136483514086146,0.05104435168150817,2.181174439950645,2.172464805650031,0.07974109353635742,2.12255292265324,2.2340346374573894,2.0629552978892893,2.3238929354166644,0.11148171480414959,0.2609376375273751,1.0,1.0,0.007395393036773057,0.009070710815898608,0.009070710815898608,8.227779470566e-05,0.0,1.0,0.024902565713620484,0.02443426165043039,0.02443426165043039,0.0005970331424016932,0.0,1.0,-0.1383998960167383,-0.14710953031735263,0.14710953031735263,0.021641213910192095
42,0.9815270107253146,0.20448561087112066,4.799980822826369,0.9527386590872394,0.9632443800101675,0.03948652722817491,0.9401839768702733,0.9784187058273173,0.8746933780907646,0.9895473543796091,0.03823472895704394,0.11485397628884442,0.20116152410675756,0.20093162156249847,0.009374944889712716,0.19471407631269644,0.20740003678520205,0.18626771245609736,0.2168196170878372,0.012685960472505614,0.030551904631739846,4.745261886221301,4.740398000067309,0.27934690652461025,4.577083967677346,4.917404519005397,4.3087845859569684,5.200257841483372,0.34032055132805095,0.8914732555264031,0.0,1.0,-0.028788351638075138,-0.01828263071514702,0.01828263071514702,0.0003342545858664372,1.0,1.0,-0.0033240867643631045,-0.0035539893086221908,0.0035539893086221908,1.2630840005800838e-05,1.0,1.0,-0.054718936605068436,-0.05958282275906068,0.05958282275906068,0.0035501127679376395
43,0.401830617301533,0.21788931368120168,1.8441960760382201,0.3958328851214333,0.3954413648471507,0.012669966259810742,0.387058800132954,0.40432121651709696,0.3755819652227227,0.4179703324134219,0.017262416384142942,0.04238836719069922,0.2186607017224769,0.21818578120143114,0.008881418376261217,0.2124750925854516,0.22472245061837287,0.20439088605558461,0.23353850203939672,0.012247358032921263,0.029147615983812103,1.8121194496343962,1.8116368543969403,0.06848788533230582,1.7655538726847768,1.859503064505747,1.700575840754277,1.9249113645776736,0.09394919182097028,0.2243355238233966,1.0,1.0,-0.005997732180099746,-0.0063892524543823215,0.0063892524543823215,4.082254692583052e-05,1.0,1.0,0.0007713880412752172,0.0002964675202294653,0.0002964675202294653,8.789299055100843e-08,1.0,1.0,-0.032076626403823916,-0.03255922164127978,0.03255922164127978,0.0010601029138859815
44,0.6900339009444882,0.0542146688090106,12.727808102551814,0.6592300820799661,0.6594032346883564,0.02865944405637827,0.6395300298968972,0.678554821689189,0.6125401179237159,0.7070834642202259,0.03902479179229179,0.09454334629651007,0.05586516597088966,0.055285168452376875,0.00311481497111016,0.053786211237697557,0.05724762592200626,0.052206087428347876,0.06121891405183025,0.003461414684308703,0.009012826623482371,11.83199938600093,11.8394507702576,0.7756295347571137,11.345534721142362,12.362956857360665,10.550633421691815,13.05751426313578,1.0174221362183022,2.506880841443964,0.0,1.0,-0.030803818864522103,-0.030630666256131867,0.030630666256131867,0.0009382377152945354,1.0,1.0,0.0016504971618790595,0.0010704996433662725,0.0010704996433662725,1.1459694864473166e-06,0.0,1.0,-0.8958087165508832,-0.8883573322942144,0.8883573322942144,0.7891787498408933
45,0.9108071092325554,0.2625396565207587,3.4692172653183113,0.9114538359838205,0.9167764568569483,0.03457421058415867,0.8922178241955487,0.9365908903323593,0.8459176675025954,0.9572746380771868,0.04437306613681058,0.11135697057459137,0.2680450938211097,0.26817865192151014,0.010634677503767495,0.26084338718322864,0.2746937254210963,0.250822346454284,0.28643308720552707,0.013850338237867688,0.0356107407512431,3.4045081541942186,3.398561699835462,0.16460946347459696,3.2956102006519745,3.510965737708059,3.1451556670970695,3.685053469413725,0.21535553705608468,0.5398978023166556,1.0,1.0,0.000646726751265092,0.00596934762439294,0.00596934762439294,3.5633111060845635e-05,1.0,1.0,0.005505437300350968,0.005638995400751412,0.005638995400751412,3.1798269129695576e-05,1.0,1.0,-0.06470911112409272,-0.07065556548284935,0.07065556548284935,0.004992208933701212
46,0.7897568613819196,0.2865916676605807,2.7556867505207894,0.7861309889004473,0.7863435375835535,0.02374456635992573,0.7718934022029706,0.802143542990732,0.7435337304014891,0.8231572677434965,0.030250140787761337,0.07962353734200744,0.2949697032125099,0.2948095785377677,0.01102481810989468,0.28738102701172435,0.3026984349419429,0.27669091771066595,0.3130913561710628,0.015317407930218518,0.03640043846039687,2.6675437810731557,2.6626788629819895,0.09777723359339735,2.597802046213142,2.7288429602047226,2.5184860661621213,2.8413351057586387,0.1310409139915807,0.32284903959651734,1.0,1.0,-0.003625872481472281,-0.003413323798366119,0.003413323798366119,1.1650779352492512e-05,0.0,1.0,0.00837803555192923,0.008217910877186985,0.008217910877186985,6.753405918538815e-05,0.0,1.0,-0.08814296944763367,-0.09300788753879985,0.09300788753879985,0.008650467144430041
47,0.5939787380349971,0.30352579838417004,1.9569299914440987,0.6140489014192343,0.614251612384271,0.017715395456416667,0.6026875971119088,0.6260510808540343,0.5842994135814296,0.6427505820148148,0.02336348374212549,0.05845116843338527,0.32387630990064653,0.32329485521385715,0.012264969547828315,0.3155993100069261,0.3318519332885479,0.30386361418305907,0.34512148349402405,0.016252623281621803,0.04125786931096498,1.8974209684266719,1.895579870567703,0.05913629102853479,1.856629033469916,1.9372708557079825,1.803387136518079,1.996158863407987,0.08064182223806649,0.19277172688990807,0.0,1.0,0.020070163384237172,0.02027287434927383,0.02027287434927383,0.00041098943438144477,0.0,0.0,0.020350511516476488,0.019769056829687104,0.019769056829687104,0.00039081560793539834,0.0,1.0,-0.05950902301742689,-0.0613501208763958,0.0613501208763958,0.0037638373315483755
48,0.9382999110353083,0.3703410372513009,2.533610420274893,0.9305923087895999,0.9382146928121335,0.03707859222691582,0.9136185222929036,0.9575261103482504,0.8607779051109546,0.9736446879075646,0.04390758805534678,0.11286678279661,0.39581421973246644,0.3958467056676859,0.020208133660822192,0.3828423966791636,0.4099705073721034,0.36116584756756426,0.4282988270836699,0.0271281106929398,0.06713297951610564,2.3544821116697072,2.3460796683079557,0.10404488234978398,2.283996589847264,2.41661699740321,2.20066690359802,2.5366004466931047,0.13262040755594606,0.3359335430950847,1.0,1.0,-0.007707602245708434,-8.521822317475447e-05,8.521822317475447e-05,7.26214556106226e-09,0.0,1.0,0.025473182481165535,0.02550566841638502,0.02550566841638502,0.0006505391213665803,0.0,1.0,-0.1791283086051858,-0.18753075196693736,0.18753075196693736,0.03516778293328498
49,0.25396305048300616,0.48391342871249765,0.524810917437653,0.2598026608724131,0.2255701203606139,0.12848095203683266,0.1555975182461924,0.3370525259204653,0.11247064701144306,0.521935825770506,0.18145500767427292,0.40946517875906296,0.3394899887349493,0.36259235297833325,0.11829431796347868,0.24935196393110748,0.44303151412177777,0.12172232494260363,0.49044466888074834,0.1936795501906703,0.36872234393814474,0.798091060597894,0.7730880951683248,0.2979545511169819,0.576845861757598,0.987792411624194,0.3587024401830687,1.3077961232475168,0.41094654986659596,0.9490936830644481,1.0,1.0,0.005839610389406946,-0.028392930122392246,0.028392930122392246,0.0008061584809350489,0.0,1.0,-0.14442343997754836,-0.1213210757341644,0.1213210757341644,0.014718803417294854,0.0,1.0,0.2732801431602411,0.24827717773067182,0.24827717773067182,0.061641556981907604
50,0.20974879983321681,0.3254034766137921,0.6445806972190373,0.16834354144527253,0.12239129347185693,0.106438690131259,0.10423684776718836,0.18212459882815218,0.10011857827862412,0.4059768713368033,0.07788775106096382,0.3058582930581792,0.26402980606972287,0.25147007154705847,0.13703214761548208,0.139951057158571,0.3850615723750002,0.07014844763605438,0.4859996687836149,0.2451105152164292,0.4158512211475605,0.7530377195857479,0.6591275438617987,0.38348333904435394,0.4511570038540021,0.9863589405828683,0.2899466762250096,1.5358287126275127,0.5352019367288663,1.2458820364025032,0.0,1.0,-0.04140525838794429,-0.08735750636135989,0.08735750636135989,0.007631333917675033,1.0,1.0,-0.061373670544069225,-0.07393340506673363,0.07393340506673363,0.0054661483847617135,1.0,1.0,0.10845702236671062,0.014546846642761402,0.014546846642761402,0.00021161074724801866
51,0.1005361654470189,0.05154935399987243,1.9502895312183293,0.20283673395756766,0.1989336996626272,0.04878007650066367,0.16617786593510653,0.23536798977683282,0.1301407683774912,0.28676505545876313,0.06919012384172629,0.15662428708127193,0.14534343072732334,0.12996704055952818,0.07045720676260217,0.0908501020725494,0.18487369081148453,0.06276222772684543,0.281791875091026,0.09402358873893513,0.21902964736418057,1.588947964027079,1.6117819825872024,0.46149945093055306,1.2447019184498054,1.954606594541156,0.7992235515140778,2.2901210977293833,0.7099046760913506,1.4908975462153056,0.0,0.0,0.10230056851054875,0.09839753421560829,0.09839753421560829,0.009682074739711805,0.0,0.0,0.09379407672745091,0.07841768655965575,0.07841768655965575,0.006149333565368414,1.0,1.0,-0.3613415671912503,-0.33850754863112686,0.33850754863112686,0.11458736048025472
52,0.6621915022278642,0.22954985717281623,2.8847393345548213,0.6432812168673187,0.6431993275945618,0.01512054461033691,0.6331273978595123,0.6536585779273054,0.619317492200406,0.6679741136249197,0.020531180067793087,0.04865662142451366,0.23325178211682032,0.23312363986213194,0.0077906453299552226,0.2280873064886203,0.23854981884263166,0.22071607606127253,0.24602453053525355,0.010462512354011355,0.02530845447398103,2.760115270974389,2.7570632691573884,0.08980795397640798,2.6998798812350557,2.8196448821974567,2.6139193234293154,2.9171684847352544,0.11976500096240095,0.30324916130593893,0.0,1.0,-0.01891028536054551,-0.018992174633302383,0.018992174633302383,0.0003607026973018545,1.0,1.0,0.0037019249440040924,0.003573782689315713,0.003573782689315713,1.2771922710452651e-05,0.0,1.0,-0.12462406358043232,-0.12767606539743293,0.12767606539743293,0.01630117767536957
53,0.5474340714153043,0.3657854836856563,1.4965986782727296,0.5325618531371774,0.5332262636527153,0.040780258928488924,0.5051411728416646,0.5597434973312232,0.466963416139666,0.6003544558902473,0.054602324489558596,0.13339103975058125,0.3723768594186093,0.3745246097608956,0.032879374827326086,0.3511542653103026,0.394446263604056,0.31600084786802374,0.42396956649076756,0.04329199829375341,0.10796871862274382,1.4348728199952392,1.4279396239508284,0.09687654094389332,1.3695424184421259,1.4955185883373179,1.2869516656633477,1.598828779488679,0.125976169895192,0.31187711382533134,1.0,1.0,-0.014872218278126903,-0.014207807762589009,0.014207807762589009,0.0002018618014186845,1.0,1.0,0.006591375732953042,0.0087391260752393,0.0087391260752393,7.637232455892747e-05,0.0,1.0,-0.06172585827749044,-0.06865905432190123,0.06865905432190123,0.004714065740377783
54,0.6308139932463795,0.35522614039079586,1.775809608359341,0.6399988048163423,0.6406308742094733,0.023005799979166318,0.6243662403833554,0.6556654020046685,0.6015755467673103,0.6764886100461885,0.031299161621313076,0.07491306327887826,0.3573172060017708,0.3571702560022978,0.016679922367630134,0.34608403890758466,0.3685102012249749,0.32988376285861776,0.38405785353032185,0.022426162317390252,0.05417409067170409,1.7931798737388718,1.7889321100749345,0.06758299455781805,1.746365341545648,1.8338228046413736,1.6890085610668244,1.909648264607271,0.08745746309572566,0.2206397035404466,1.0,1.0,0.009184811569962759,0.009816880963093744,0.009816880963093744,9.637115184355234e-05,1.0,1.0,0.0020910656109749404,0.0019441156115019287,0.0019441156115019287,3.7795855108855183e-06,1.0,1.0,0.01737026537953068,0.013122501715593371,0.013122501715593371,0.00017220005127575096
55,0.30555603347431926,0.3566623566559083,0.8567095118734549,0.25352485700965427,0.21658390473435757,0.13241852508753277,0.14816896430349605,0.3209151025793721,0.11028687299943125,0.5277995243624737,0.17274613827587607,0.41751265136304244,0.31756549918258953,0.3346726064683279,0.12646721746583156,0.21054813091726327,0.4295985297174855,0.09969256273228166,0.4901353115811143,0.21905039880022226,0.3904427488488326,0.8535731631021438,0.8252072732933184,0.3373499313928374,0.6040225853810985,1.0703070205891703,0.3686913255813791,1.4710551902154576,0.4662844352080717,1.1023638646340785,1.0,1.0,-0.052031176464664985,-0.08897212873996169,0.08897212873996169,0.007916039692520317,1.0,1.0,-0.03909685747331876,-0.02198975018758037,0.02198975018758037,0.0004835491133121909,1.0,1.0,-0.0031363487713110816,-0.031502238580136455,0.031502238580136455,0.0009923910355598376
56,0.6730153192514028,0.46312699311867817,1.4531982139916857,0.5508303712783524,0.5500127383973393,0.06324672647654567,0.5094441840793916,0.5954254005815582,0.4474704822057951,0.6532451721394099,0.08598121650216661,0.2057746899336148,0.4087365482234323,0.4121367063650119,0.04363719421499145,0.38197959293410366,0.44074345857289376,0.3315163592486255,0.4730595958609911,0.0587638656387901,0.14154323661236562,1.3520552421943686,1.351269121146431,0.12120760631215556,1.2768703675205604,1.4206634286922026,1.1580235220340331,1.550380581826621,0.14379306117164226,0.39235705979258784,0.0,0.0,-0.12218494797305035,-0.12300258085406346,0.12300258085406346,0.015129634896760419,0.0,1.0,-0.05439044489524586,-0.05099028675366629,0.05099028675366629,0.002600009343221116,0.0,1.0,-0.10114297179731713,-0.10192909284525475,0.10192909284525475,0.010389539968256563
57,0.4275228807741035,0.12866618766604318,3.322729059819131,0.4232795457763448,0.42318299340902266,0.012107829336653914,0.41484445899653466,0.4314183752272811,0.40345354436498676,0.44358179149281995,0.016573916230746444,0.040128247127833194,0.12742098483777803,0.12731264879142717,0.0049654089905807755,0.12399171593601468,0.13052436034701412,0.11937171374553665,0.13581793673018455,0.006532644410999433,0.0164462229846479,3.326017147397912,3.321870894216808,0.14063378886479327,3.2298468872828847,3.4172561814520632,3.102737071922343,3.5606901982119012,0.1874092941691785,0.4579531262895582,1.0,1.0,-0.0042433349977586965,-0.004339887365080841,0.004339887365080841,1.8834622341588328e-05,1.0,1.0,-0.0012452028282651517,-0.001353538874616006,0.001353538874616006,1.8320674850967639e-06,1.0,1.0,0.0032880875787810737,-0.0008581656023229911,0.0008581656023229911,7.364482010103821e-07
58,0.17219178491586873,0.20733908408289137,0.8304839662889066,0.28267795391456857,0.2534554548154541,0.13444356520419742,0.1742111378726144,0.36018965568606864,0.1190840958788388,0.5577850688792089,0.18597851781345423,0.4387009730003701,0.35094023622677184,0.37503283843286084,0.11369878613132824,0.26969215317844664,0.4469337732909502,0.12999449803831392,0.4924356051091822,0.17724162011250355,0.3624411070708683,0.8339519539178768,0.8146459340365095,0.3053096282238254,0.6070079684576666,1.0340847690956407,0.37485418587585206,1.3604283216093929,0.42707680063797415,0.9855741357335408,0.0,1.0,0.11048616899869984,0.08126366989958539,0.08126366989958539,0.006603784045548781,0.0,1.0,0.14360115214388047,0.16769375434996947,0.16769375434996947,0.028121195247987906,1.0,1.0,0.0034679876289701594,-0.015838032252397105,0.015838032252397105,0.0002508432656279709
59,0.9130387040291569,0.15504453455831887,5.888880292557001,0.8950235886938436,0.8999528443704372,0.03619985761186687,0.8748573901263019,0.9211504541047807,0.8282438101296217,0.9442110823666121,0.046293063978478766,0.11596727223699044,0.15963069267886584,0.1594451443344017,0.00744863483417731,0.1546338305675917,0.16460639654530373,0.14795710764400588,0.17214785062327068,0.009972565977712039,0.024190742979264795,5.618001855592599,5.608815021574847,0.33194551456650195,5.39316123374925,5.831459491118026,5.09125664100277,6.182625767907933,0.4382982573687757,1.0913691269051622,1.0,1.0,-0.018015115335313303,-0.013085859658719667,0.013085859658719667,0.0001712397230077068,1.0,1.0,0.004586158120546968,0.004400609776082837,0.004400609776082837,1.9365366401355835e-05,0.0,1.0,-0.27087843696440217,-0.2800652709821545,0.2800652709821545,0.07843655601030763
60,0.7474306541309608,0.21663530886247656,3.4501792808181664,0.7492782505158807,0.7498553885110011,0.01928496666086856,0.7365667872799564,0.7627735373847513,0.7165343303405892,0.779523960971808,0.026206750104794896,0.06298963063121876,0.2319876240355185,0.23179950432531812,0.007823838303463013,0.226656265424109,0.23754444422411514,0.21932431100165664,0.24510757974467667,0.010888178800006143,0.025783268743020032,3.2327969678752937,3.22491192100966,0.11987209063879856,3.1508856736490003,3.3134222846237575,3.0377136041005746,3.4342943642867096,0.16253661097475725,0.3965807601861351,1.0,1.0,0.0018475963849199362,0.0024247343800403165,0.0024247343800403165,5.879336813749498e-06,0.0,0.0,0.015352315173041947,0.015164195462841562,0.015164195462841562,0.00022995282403526462,0.0,0.0,-0.2173823129428727,-0.2252673598085062,0.2252673598085062,0.050745383395094996
61,0.6102305752280143,0.2584376590307339,2.3612293096782944,0.6086062679509512,0.6091847293140163,0.014408146863742298,0.5990837184871136,0.6181933109363106,0.5849671173645796,0.631969220768777,0.019109592449196966,0.047002103404197415,0.26693567888735825,0.2666842032662319,0.008195047619782472,0.2608084271908106,0.2724016520337055,0.25376505602111576,0.2807361852193084,0.011593224842894878,0.02697112919819261,2.281388525437339,2.2780139111610556,0.0671465814714237,2.2355850608007812,2.323890381802663,2.178646805336092,2.3948126690772304,0.0883053210018816,0.21616586374113833,1.0,1.0,-0.0016243072770630862,-0.0010458459139979226,0.0010458459139979226,1.09379367582615e-06,0.0,1.0,0.00849801985662435,0.008246544235497977,0.008246544235497977,6.80054918280249e-05,0.0,1.0,-0.0798407842409552,-0.0832153985172388,0.0832153985172388,0.00692480255038287
62,0.9753092956376895,0.0989919908170103,9.852406114759106,0.9387695550099928,0.951712130550421,0.04639331620295065,0.9229640851465393,0.9694588663322156,0.8508546759538493,0.9846311671174757,0.04649478118567629,0.13377649116362633,0.09420879338165182,0.09409723993738597,0.005065950500457912,0.09064319719830169,0.09736342032965035,0.08627406711001752,0.10288580864704254,0.0067202231313486654,0.01661174153702502,9.994764713356311,10.014763371830238,0.7493560407407848,9.538328795177765,10.474448770965404,8.776656229559451,11.171200338333195,0.9361199757876388,2.3945441087737436,0.0,1.0,-0.036539740627696715,-0.0235971650872685,0.0235971650872685,0.0005568262001558035,0.0,1.0,-0.004783197435358474,-0.004894750879624321,0.004894750879624321,2.3958586173583065e-05,1.0,1.0,0.14235859859720534,0.16235725707113247,0.16235725707113247,0.026359878923661793
63,0.16356343660046951,0.42740121630735817,0.3826929600566361,0.1823697593349014,0.13893247314629628,0.10566261230631446,0.10984319979110693,0.21120931013625993,0.10052571429776466,0.41896003095960155,0.101366110345153,0.31843431666183686,0.26693303135304847,0.25656178757068937,0.1338628209198416,0.14538577953719278,0.38661669874914145,0.07204606765362116,0.47977092074595623,0.24123091921194867,0.4077248530923351,0.7926753401305875,0.722201336208627,0.37308910016633384,0.5025666333317101,1.0131473440156142,0.3074390680655445,1.5231479994493786,0.5105807106839041,1.215708931383834,1.0,1.0,0.01880632273443189,-0.024630963454173233,0.024630963454173233,0.0006066843606808174,0.0,1.0,-0.1604681849543097,-0.1708394287366688,0.1708394287366688,0.029186110411071338,0.0,1.0,0.4099823800739514,0.3395083761519909,0.3395083761519909,0.11526593747736176
64,0.3522974506545815,0.08960828633351509,3.9315275971616925,0.3351193065698042,0.3350161949418503,0.011458619059817557,0.32727204134359905,0.34239044807771524,0.3165754333212995,0.35406481231825543,0.015118406734116185,0.037489378996955924,0.08695369026534723,0.0867107864115805,0.004670505768433939,0.08368311210667104,0.09008536232564374,0.07976855017265118,0.09472203694709891,0.006402250218972699,0.01495348677444773,3.864311193549267,3.8550952752562946,0.23323503377424326,3.7017712765496134,4.025524000491868,3.490271120154107,4.255231351561177,0.3237527239422544,0.7649602314070698,0.0,1.0,-0.017178144084777303,-0.017281255712731203,0.017281255712731203,0.00029864179900880485,1.0,1.0,-0.0026545960681678554,-0.002897499921934582,0.002897499921934582,8.395505797610909e-06,1.0,1.0,-0.06721640361242542,-0.07643232190539795,0.07643232190539795,0.005841899831850375
65,0.2865057610038143,0.10206869496317429,2.806989558426153,0.27759710168897983,0.27721353195741727,0.010966978591843873,0.2702256312103465,0.28465507747415697,0.2601871795366623,0.29618727808943246,0.014429446263810486,0.03600009855277014,0.09811857083147205,0.09794880592229085,0.00642250112113482,0.09365841207501799,0.10216672152626792,0.08807965306236881,0.10919804378724376,0.008508309451249932,0.021118390724874953,2.839827833916087,2.8357400618453106,0.19706300551618838,2.704326602670943,2.9693895465999254,2.5272622434427627,3.168038465395772,0.26506294392898244,0.6407762219530091,0.0,1.0,-0.008908659314834477,-0.009292229046397038,0.009292229046397038,8.63455206507048e-05,1.0,1.0,-0.003950124131702246,-0.004119889040883437,0.004119889040883437,1.697348570919145e-05,1.0,1.0,0.0328382754899339,0.028750503419157525,0.028750503419157525,0.0008265914468549886
66,0.8463776905287285,0.15012099256328484,5.637970253706725,0.8181519813902363,0.8197627403761436,0.027490107702644796,0.800526256083495,0.837182118057163,0.7691756805920096,0.8616236552999684,0.03665586197366799,0.09244797470795885,0.15080814325513434,0.1505917260145437,0.006865903902372145,0.14623239774321115,0.15506140915691305,0.14002160437088154,0.1626628485743099,0.008829011413701904,0.022641244203428362,5.435589532569389,5.417183506732467,0.29507549782484394,5.237881282992717,5.627550395955946,4.970982790390674,5.9384041201814055,0.3896691129632286,0.9674213297907315,0.0,1.0,-0.028225709138492205,-0.02661495015258486,0.02661495015258486,0.0007083555716245768,1.0,1.0,0.0006871506918494918,0.00047073345125886457,0.00047073345125886457,2.2158998213408182e-07,0.0,1.0,-0.2023807211373363,-0.22078674697425793,0.22078674697425793,0.048746787639474994
67,0.2949311290671666,0.1049674017893959,2.8097402054297715,0.2842343901848275,0.2837892263970748,0.010738379404361944,0.27721253885726427,0.291481260142223,0.2668981629079513,0.30163036555947964,0.014268721284958708,0.03473220265152832,0.10230219651974627,0.10196445376221602,0.005657585827384218,0.0984739313970961,0.10595240518193264,0.09341989404012657,0.11200914371906934,0.0074784737848365285,0.018589249678942765,2.785893781146907,2.7779003028720886,0.17187594734676107,2.6630645537677102,2.89604723519511,2.521586492895801,3.0731594673521108,0.23298268142739964,0.5515729744563096,0.0,1.0,-0.01069673888233913,-0.011141902670091797,0.011141902670091797,0.0001241419951097987,1.0,1.0,-0.002665205269649626,-0.0030029480271798747,0.0030029480271798747,9.017696853943502e-06,1.0,1.0,-0.023846424282864653,-0.031839902557682986,0.031839902557682986,0.0010137793948827476
68,0.13435110958174531,0.2095836995114599,0.6410379714401362,0.2691932356250235,0.24462959992395036,0.12198745292869206,0.17372920367584554,0.3331574490291736,0.12122307551978487,0.5109685572330248,0.15942824535332806,0.38974548171323997,0.32911416375014113,0.3477093661712051,0.1166075011685088,0.24185391191234656,0.42856238736047114,0.11690218139950566,0.4838723186629882,0.18670847544812458,0.36697013726348254,0.8680931631281849,0.8394685108495302,0.3220192399033503,0.6391601211063465,1.0635255438890319,0.4015608123080309,1.4175303911259105,0.4243654227826854,1.0159695788178795,0.0,1.0,0.1348421260432782,0.11027849034220505,0.11027849034220505,0.012161345432155812,0.0,1.0,0.11953046423868124,0.13812566665974524,0.13812566665974524,0.019078699790199057,1.0,1.0,0.22705519168804866,0.19843053940939404,0.19843053940939404,0.03937467897030308
69,0.5773398543594209,0.21888437585534576,2.637647626073447,0.5707957856292247,0.5712226895024126,0.012569942495190337,0.5620863063961212,0.5794480695982345,0.5501686207288573,0.5915523935660705,0.017361763202113245,0.04138377283721317,0.23186500611969224,0.23178995264867827,0.006936708096540652,0.22716116629113287,0.23639126663029192,0.22053727359396566,0.2432483353340003,0.009230100339159053,0.02271106174003465,2.4633191405954347,2.4606988180218914,0.07223592045692523,2.4137478765377995,2.5097750757720543,2.350063805351848,2.5830926197979536,0.09602719923425473,0.23302881444610568,1.0,1.0,-0.006544068730196195,-0.006117164857008306,0.006117164857008306,3.7419705887817445e-05,0.0,0.0,0.012980630264346482,0.012905576793332513,0.012905576793332513,0.0001665539123686027,0.0,0.0,-0.1743284854780125,-0.17694880805155577,0.17694880805155577,0.03131088067086633
70,0.4474643483562968,0.41885010384827964,1.0683161929413825,0.24968311935688065,0.2099024674106501,0.12950455608234943,0.14933740964007497,0.3177886315528905,0.11042380609609342,0.5346453813453641,0.16845122191281553,0.4242215752492707,0.31965978446873167,0.33718982030508493,0.12486618699262149,0.21825146903150136,0.43111765705215765,0.10173131079111435,0.4880390109368259,0.2128661880206563,0.38630770014571153,0.8320603551852223,0.7946664322100718,0.32490865327154034,0.588690068848353,1.0386718561064692,0.36183233805336074,1.4168882816220372,0.4499817872581162,1.0550559435686764,0.0,1.0,-0.19778122899941614,-0.23756188094564668,0.23756188094564668,0.05643564727843361,1.0,1.0,-0.09919031937954798,-0.08166028354319471,0.08166028354319471,0.006668401908354957,0.0,1.0,-0.23625583775616021,-0.27364976073131064,0.27364976073131064,0.07488419154830356
71,0.2987884019678888,0.23951573221363653,1.24746879550018,0.2791927982455841,0.2745037759981101,0.06987043363220488,0.22899862102403418,0.3235728134756337,0.17362336713079302,0.40650471025030344,0.09457419245159954,0.23288134311951042,0.24602738530733892,0.24248856220133114,0.08883676317142272,0.1774610360599176,0.3069073156095172,0.10897640065030822,0.400308858962322,0.12944627954959959,0.29133245831201376,1.233112780299698,1.1924839402612093,0.3510236292062449,0.9862183357316396,1.4466977594676775,0.7339614494753987,1.9003531422913702,0.4604794237360379,1.1663916928159717,1.0,1.0,-0.019595603722304733,-0.024284625969778706,0.024284625969778706,0.0005897430584920504,1.0,1.0,0.006511653093702385,0.002972829987694603,0.002972829987694603,8.837718135736292e-06,1.0,1.0,-0.01435601520048202,-0.054984855238970676,0.054984855238970676,0.0030233343056505608
72,0.21256965684687057,0.11549593959458306,1.8404946320454059,0.2139587709946826,0.2133459706416156,0.016766026812259638,0.20253930831505973,0.2246039578654507,0.18734495375233878,0.24239214195553202,0.022064649550390975,0.05504718820319324,0.09605135299455397,0.09268366505087837,0.021266083144682403,0.08155279223755338,0.10792031811642451,0.06776990682005973,0.13332075829732254,0.02636752587887113,0.0655508514772628,2.306197698245848,2.3189778352505,0.3857463155338468,2.0399089161931045,2.591233593094451,1.6721208993284338,2.9151321996520045,0.5513246769013462,1.2430113003235708,1.0,1.0,0.0013891141478120372,0.0007763137947450205,0.0007763137947450205,6.026631079114138e-07,0.0,1.0,-0.019444586600029082,-0.022812274543704686,0.022812274543704686,0.0005203998698573569,0.0,1.0,0.465703066200442,0.4784832032050943,0.4784832032050943,0.22894617574940757
73,0.7109359018118414,0.1096172267093827,6.485622042753146,0.6956318238950779,0.6959769447621682,0.02050642907306667,0.6821673725433416,0.7098269970958508,0.6615450695290453,0.729079582138204,0.027659624552509254,0.06753451260915866,0.1102476559937592,0.11007901912399193,0.0053283342933325775,0.10652693045260275,0.11372304091647839,0.10188853306334453,0.11934088548820801,0.007196110463875638,0.017452352424863482,6.323003294141603,6.3115048934280376,0.33229544948773276,6.101780840493414,6.546895101470233,5.802779141204078,6.887768460484485,0.44511426097681905,1.0849893192804068,0.0,1.0,-0.01530407791676347,-0.014958957049673205,0.014958957049673205,0.00022377039601396767,1.0,1.0,0.0006304292843764964,0.0004617924146092245,0.0004617924146092245,2.132522341906179e-07,1.0,1.0,-0.16261874861154357,-0.17411714932510858,0.17411714932510858,0.030316781689102158
74,0.8091909054083659,0.36213931578351344,2.2344740549852355,0.8078522196310666,0.8103167311294183,0.03097817374254107,0.7878275436642832,0.8288996820622627,0.7549968049258603,0.8545225398460693,0.04107213839797952,0.099525734920209,0.3654812957127869,0.36521769548495414,0.016873531754573304,0.353872147340988,0.37680251875399184,0.338688247875751,0.3931891563860337,0.02293037141300386,0.054500908510282664,2.2130176649601117,2.2070487287304887,0.09293569088917616,2.147537657924115,2.2692357955689695,2.072875635073964,2.375718919006568,0.12169813764485449,0.3028432839326043,1.0,1.0,-0.0013386857772993421,0.0011258257210523537,0.0011258257210523537,1.267483554183052e-06,1.0,1.0,0.0033419799292734864,0.0030783797014407033,0.0030783797014407033,9.476421586242154e-06,1.0,1.0,-0.021456390025123895,-0.027425326254746807,0.027425326254746807,0.0007521485201793045
75,0.4206892897077291,0.06788266601166057,6.197300642780663,0.4049439620350497,0.4054111939598359,0.014449016480036384,0.3949141732892856,0.4148466307738699,0.38225273026246775,0.42880458466207416,0.01993245748458433,0.04655185439960641,0.06480223805712981,0.06437702599251036,0.004167501946315609,0.06184031933121568,0.06721446861548826,0.058862681464475514,0.07234123167534302,0.005374149284272579,0.01347855021086751,6.273960774419493,6.273399004844434,0.45287835492416667,5.975816624981998,6.576658777075177,5.534203512657653,7.031928817385788,0.600842152093179,1.4977253047281351,0.0,1.0,-0.015745327672679443,-0.015278095747893239,0.015278095747893239,0.00023342020968179346,0.0,1.0,-0.0030804279545307567,-0.0035056400191502135,0.0035056400191502135,1.2289511943867509e-05,1.0,1.0,0.07666013163883001,0.07609836206377096,0.07609836206377096,0.0057909607087887754
76,0.2911297943258852,0.10206756851474061,2.852324186441653,0.2728051371530289,0.27258576638850784,0.010139850687895899,0.2661662414196648,0.27940554878653345,0.25618460529002374,0.28940285728795956,0.01323930736686868,0.03321825199793582,0.09792572774565679,0.09768101809126112,0.005716092622195162,0.09379179033638702,0.1015343389492119,0.0890408030032964,0.1078483153014956,0.00774254861282489,0.0188075122981992,2.7940948294796772,2.7830644039382464,0.1749802397059576,2.6712274707223997,2.9158914242129073,2.519476246456467,3.0972538206905917,0.2446639534905075,0.5777775742341249,0.0,0.0,-0.018324657172856307,-0.01854402793737736,0.01854402793737736,0.0003438809721422321,0.0,1.0,-0.004141840769083818,-0.0043865504234794905,0.0043865504234794905,1.92418246177281e-05,1.0,1.0,-0.05822935696197584,-0.0692597825034067,0.0692597825034067,0.0047969174724192005
77,0.6907874433092002,0.2251817591711997,3.067688279244736,0.6643905521325357,0.6645332544283047,0.015923626010959077,0.654076396249372,0.6748121872629602,0.637513014251014,0.69030422383207,0.020735791013588245,0.05279120958105599,0.23387579365517186,0.2337034323595187,0.0080666506578483,0.22826555867812148,0.23919380750979854,0.220965216001411,0.24730978435448164,0.010928248831677062,0.02634456835307064,2.8432658166749927,2.841868896488463,0.09577680684144448,2.7815328589759263,2.9043296577685584,2.6827137814206825,3.0024824508724017,0.12279679879263217,0.3197686694517192,0.0,0.0,-0.02639689117666444,-0.02625418888089548,0.02625418888089548,0.0006892824337937358,0.0,1.0,0.008694034483972157,0.008521673188319007,0.008521673188319007,7.261891392851502e-05,0.0,0.0,-0.22442246256974352,-0.22581938275627333,0.22581938275627333,0.05099439362842428
78,0.661468473496879,0.3335596362772426,1.9830591041509906,0.662624752925053,0.6627651842865696,0.019416308971077014,0.6494227517157711,0.6755103969270952,0.6301449938927364,0.694848949295734,0.026087645211324118,0.06470395540299767,0.3472250069624006,0.3472599269982136,0.013470304488754059,0.3376595058743875,0.3564185460901688,0.3255304477985479,0.3692875762803715,0.018759040215781342,0.043757128481823615,1.9099661328995512,1.9079387102135033,0.062164660303277705,1.8683962482832346,1.9497016225626944,1.8121795470297664,2.0165461746034867,0.08130537427945983,0.20436662757372037,1.0,1.0,0.0011562794281739786,0.001296710789690625,0.001296710789690625,1.6814588721000842e-06,0.0,1.0,0.013665370685157996,0.013700290720971009,0.013700290720971009,0.00018769796583912432,0.0,1.0,-0.07309297125143943,-0.07512039393748737,0.07512039393748737,0.00564307358532329
79,0.728829372117532,0.4552531689986472,1.6009320126658968,0.7120180895507902,0.715519911389449,0.04052216028919193,0.6867795272574971,0.7411899671062043,0.6381703917378573,0.773254195650414,0.05441043984870719,0.1350838039125567,0.4406587954246832,0.44340008782761064,0.023485367975128887,0.42526353919809223,0.4581617877463409,0.39911345207163373,0.47545830282106644,0.03289824854824869,0.0763448507494327,1.6169128615350306,1.6143510631255067,0.06834812415598804,1.5734574862297552,1.6558122612546393,1.5144018953382157,1.735562971189487,0.08235477502488409,0.22116107585127143,1.0,1.0,-0.016811282566741803,-0.013309460728082922,0.013309460728082922,0.0001771417448723816,1.0,1.0,-0.014594373573963981,-0.011853081171036561,0.011853081171036561,0.00014049553324718147,1.0,1.0,0.015980848869133757,0.013419050459609894,0.013419050459609894,0.0001800709152375565
80,0.2346998970615391,0.37180452857474916,0.631245396502356,0.25536527039885043,0.18619046944459086,0.16820310004147032,0.12199360981716174,0.3506188662909474,0.10170057089502504,0.6240915859724339,0.22862525647378568,0.5223910150774088,0.35653288920295934,0.39654262977759164,0.1286951354977071,0.2582261164136843,0.4739295057016443,0.11243908009728863,0.49919634444471295,0.21570338928796,0.3867572643474243,0.7286654204362186,0.6623457836628327,0.34224891302519816,0.44220218605444417,0.961430888201515,0.29276458235919195,1.3728713249328437,0.5192287021470708,1.0801067425736517,1.0,1.0,0.020665373337311332,-0.048509427616948236,0.048509427616948236,0.0023531645677239404,1.0,1.0,-0.015271639371789825,0.024738101202842477,0.024738101202842477,0.0006119736511220764,1.0,1.0,0.09742002393386262,0.031100387160476695,0.031100387160476695,0.0009672340815315436
81,0.6248581718572753,0.28738351228040854,2.1743006997826058,0.595437014702289,0.5954680491713842,0.014951378011025713,0.5850205568275029,0.6050142297827885,0.5715694740255775,0.6208816942355138,0.019993672955285646,0.04931222020993631,0.2865483541030781,0.2861155499117112,0.009933268628163426,0.27975295971354386,0.29316686852754903,0.27062817960014474,0.30375346711318696,0.013413908814005171,0.03312528751304222,2.079508951200528,2.077725087672886,0.06312411917201229,2.035040750581699,2.1231705172863276,1.9791153028333253,2.182992041678633,0.08812976670462858,0.20387673884530777,0.0,0.0,-0.029421157154986277,-0.02939012268589114,0.02939012268589114,0.0008637793114917331,1.0,1.0,-0.0008351581773304306,-0.0012679623686973618,0.0012679623686973618,1.6077285684326244e-06,0.0,1.0,-0.09479174858207795,-0.09657561210971988,0.09657561210971988,0.009326848854367072
82,0.8970145910817457,0.10076802472683655,8.90177805423284,0.8849540750987004,0.8910365922605946,0.0387745813743293,0.8616253556098805,0.9126572546534202,0.8160827774153435,0.9371286050628027,0.051031899043539664,0.12104582764745919,0.10211261210386008,0.10181450891839465,0.005321660206945684,0.09832797311181589,0.10543380335798784,0.09392934164351104,0.11129732739299267,0.007105830246171951,0.017367985749481632,8.689863395146377,8.66927357384257,0.5937404350313997,8.305271368549139,9.090613149018457,7.737229198377589,9.644846628464467,0.7853417804693184,1.9076174300868782,1.0,1.0,-0.012060515983045361,-0.0059779988211511315,0.0059779988211511315,3.5736469905684315e-05,1.0,1.0,0.0013445873770235317,0.001046484191558103,0.001046484191558103,1.0951291631810164e-06,1.0,1.0,-0.21191465908646379,-0.23250448039027027,0.23250448039027027,0.05405833340154957
83,0.6670036763626657,0.18136917938489788,3.677602107616997,0.6500650638781824,0.6502795868659952,0.016164289265950926,0.6397243395061507,0.6606733743632287,0.6225256773911979,0.6763104259499378,0.020949034857077997,0.05378474855873994,0.17768961246129114,0.17735934539353013,0.007273737886981718,0.17292560172640398,0.18233732534186764,0.16593040528352263,0.18973329799492086,0.009411723615463663,0.023802892711398238,3.663511126162033,3.655717018391105,0.15265182023520824,3.556110423125793,3.7576099874889395,3.430651937510294,3.9341020680942336,0.20149956436314653,0.5034501305839396,0.0,1.0,-0.01693861248448325,-0.01672408949667048,0.01672408949667048,0.0002796951694926439,1.0,1.0,-0.003679566923606742,-0.004009833991367756,0.004009833991367756,1.607876863832827e-05,1.0,1.0,-0.014090981454963902,-0.02188508922589172,0.02188508922589172,0.0004789571304252418
84,0.7493775757013857,0.14994202035681745,4.997782302239824,0.7320815283661641,0.7328966477768712,0.02103050747927379,0.7172733585157259,0.7468505223276855,0.6974353269975432,0.7655351762120057,0.029577163811959517,0.06809984921446255,0.1524487156082246,0.1524025676760672,0.006614713070008879,0.14798889755666875,0.15693430228691962,0.14163320997033582,0.1637502560227848,0.008945404730250878,0.02211704605244899,4.810183223464216,4.80292965141402,0.23084070660711498,4.649813172935183,4.958440901087264,4.451814081813331,5.213758751165105,0.3086277281520813,0.7619446693517737,0.0,1.0,-0.01729604733522161,-0.0164809279245145,0.0164809279245145,0.0002716209852530418,1.0,1.0,0.0025066952514071483,0.002460547319249745,0.002460547319249745,6.054293110267107e-06,0.0,1.0,-0.18759907877560789,-0.19485265082580394,0.19485265082580394,0.03796755553384267
85,0.2742450677051764,0.49894828618623116,0.5496462765738716,0.26675953158092613,0.2248765932896856,0.14502701641516155,0.14750532177618392,0.3561021857505642,0.10827428660635226,0.5572785491170696,0.20859686397438026,0.4490042625107174,0.3488744250924063,0.3768103801011965,0.12202014261064632,0.25663673829507533,0.4570853017850709,0.12122754826849007,0.4955379900325872,0.20044856348999557,0.3743104417640971,0.7903700564829517,0.7633301361515816,0.3193414418463161,0.5457579396355262,0.9922306078303587,0.33590970187171887,1.359420182573672,0.44647266819483244,1.0235104807019533,1.0,1.0,-0.007485536124250292,-0.04936847441549083,0.04936847441549083,0.002437246266112973,0.0,0.0,-0.15007386109382487,-0.12213790608503466,0.12213790608503466,0.014917668102836748,1.0,1.0,0.24072377990908012,0.21368385957771008,0.21368385957771008,0.04566079184402652
86,0.9085505987028615,0.13062636326565907,6.955338692658178,0.8953670831253168,0.9012945069979665,0.03789639209215186,0.8738251995952445,0.9219989708172704,0.8258320313013338,0.946087078334037,0.04817377122202593,0.12025504703270329,0.13444329114914677,0.13429030507068415,0.0064425812776884766,0.1299818427196912,0.138642647506575,0.12409278702142999,0.14539266176738283,0.008660804786883802,0.021299874745952838,6.674280414733788,6.6699761488975575,0.416521291703957,6.384590746664934,6.942079014874203,6.01880865650426,7.385909702840324,0.5574882682092692,1.3671010463360647,1.0,1.0,-0.013183515577544713,-0.00725609170489494,0.00725609170489494,5.265086682984516e-05,1.0,1.0,0.0038169278834876974,0.0036639418050250783,0.0036639418050250783,1.3424469550610429e-05,0.0,1.0,-0.28105827792439,-0.28536254376062065,0.28536254376062065,0.08143178138153213
87,0.2798552131814718,0.10067756377062505,2.7797177712709598,0.2750656758521145,0.2746528362518975,0.010797696795734113,0.26747801485522027,0.28220911970730644,0.25820211920134273,0.2931181157632206,0.014731104852086174,0.03491599656187788,0.09575163504740623,0.09532983841219686,0.006315161491556508,0.0913306752077675,0.09984413337631472,0.08619305879330663,0.10649467074558269,0.00851345816854722,0.02030161195227606,2.883788968914,2.8818505059055135,0.2025203380239679,2.7468403957575336,3.017139609060663,2.556084858511767,3.2184818474147536,0.27029921330312945,0.6623969889029868,1.0,1.0,-0.004789537329357274,-0.0052023769295742595,0.0052023769295742595,2.7064725717366498e-05,0.0,1.0,-0.004925928723218814,-0.0053477253584281875,0.0053477253584281875,2.8598166509175886e-05,1.0,1.0,0.1040711976430404,0.10213273463455375,0.10213273463455375,0.010431095483932173
88,0.34165171597694655,0.4998047660281359,0.6835703442606101,0.23565854326117414,0.19834656900541536,0.12398600457340417,0.13700575648621932,0.2999616682168216,0.10666819832706706,0.4924283537158606,0.16295591173060225,0.3857601553887935,0.3210609429429787,0.3409909874046829,0.12471113564665591,0.218787866914728,0.42991678655517296,0.10073833415798338,0.4887527859657789,0.21112891964044495,0.38801445180779554,0.7845999292379218,0.7484145229863176,0.31750716764544173,0.5468442890750453,0.9821352912588097,0.33045690781636433,1.3617664977127182,0.4352910021837644,1.0313095898963538,0.0,1.0,-0.10599317271577241,-0.14330514697153118,0.14330514697153118,0.020536365148532153,0.0,0.0,-0.17874382308515718,-0.15881377862345297,0.15881377862345297,0.02522181628065913,1.0,1.0,0.10102958497731163,0.06484417872570747,0.06484417872570747,0.004204767514611493
89,0.13002637976196535,0.23366355145589035,0.5564683877815277,0.19896971219865958,0.16355907675271183,0.10650178525644137,0.12202518893475145,0.2331886218678842,0.10254862041260564,0.43134058877359255,0.11116343293313274,0.3287919683609869,0.2880077427060346,0.2911923345258587,0.12873660774678922,0.1797560504643922,0.4017642056646942,0.0841233575002729,0.48119424621450574,0.22200815520030198,0.39707088871423285,0.7736913279492289,0.718808544533774,0.3336919158573147,0.5218336600635682,0.9755966681528134,0.31745556383333245,1.4158907268164802,0.4537630080892452,1.0984351629831477,1.0,1.0,0.06894333243669423,0.033532696990746486,0.033532696990746486,0.0011244417674732183,1.0,1.0,0.054344191250144225,0.05752878306996834,0.05752878306996834,0.0033095608815114754,1.0,1.0,0.21722294016770116,0.16234015675224622,0.16234015675224622,0.026354326494343876
90,0.22451482060931158,0.1281604169619893,1.7518265462252651,0.21836450128993837,0.21812752493116028,0.01712549871218873,0.20664545967766418,0.2294873350052816,0.1910626111910684,0.24774364207004404,0.022841875327617417,0.056681030878975636,0.10594421850753047,0.1031020297832874,0.023703998992942715,0.08988016430319348,0.1179841269688725,0.0738130133074527,0.14666872949865667,0.028103962665679022,0.07285571619120397,2.133465163577692,2.1386476934494785,0.3521742524766505,1.92131817885545,2.3637004535911936,1.5440654835893473,2.698276162059398,0.44238227473574354,1.1542106784700505,1.0,1.0,-0.00615031931937321,-0.0063872956781513,0.0063872956781513,4.0797546080130275e-05,0.0,1.0,-0.022216198454458824,-0.025058387178701888,0.025058387178701888,0.0006279227679977312,0.0,1.0,0.3816386173524269,0.38682114722421335,0.38682114722421335,0.14963059993985653
91,0.3722036996897442,0.45204453901166103,0.823378378828602,0.30073731457192365,0.2540534076656661,0.1703303975396971,0.15552221111047038,0.415880265517647,0.10655083338879029,0.6443699372884597,0.26035805440717663,0.5378191038996694,0.38632164166251154,0.42329120867221376,0.11112067427312274,0.31961154613531323,0.47991290025182654,0.15918884781507797,0.4993121057943552,0.1603013541165133,0.3401232579792772,0.7745402177894487,0.7301955253139136,0.32795831904557987,0.5169627043043058,0.9987364493808947,0.30652228618382704,1.3613708266450895,0.4817737450765889,1.0548485404612624,1.0,1.0,-0.07146638511782055,-0.11815029202407812,0.11815029202407812,0.013959491505374937,1.0,1.0,-0.06572289734914949,-0.02875333033944727,0.02875333033944727,0.0008267540056093788,1.0,1.0,-0.04883816103915328,-0.09318285351468836,0.09318285351468836,0.008683044189139868
92,0.38456280790988273,0.2826941629957925,1.3603493041191885,0.4065665176093142,0.40635848277218406,0.04553624374392866,0.3743887395854395,0.4374393993601005,0.3328873998331736,0.48301045578583224,0.06305065977466101,0.15012305595265862,0.3084220137963109,0.3091401554824928,0.04797402592251601,0.2759989567236345,0.3426941278685284,0.22911637158700668,0.3834360442665105,0.06669517114489387,0.15431967267950383,1.3368033519724796,1.328913826468379,0.16536869287927816,1.2247785879068365,1.439314805433749,1.0844232296956438,1.6166251304335169,0.21453621752691254,0.5322019007378731,1.0,1.0,0.022003709699431495,0.02179567486230133,0.02179567486230133,0.000475051442703154,1.0,1.0,0.025727850800518426,0.02644599248670032,0.02644599248670032,0.0006993905186066098,1.0,1.0,-0.02354595214670896,-0.03143547765080945,0.03143547765080945,0.0009881892551345404
93,0.6100255249240251,0.4572508612578781,1.3341156389424182,0.47054182007157636,0.47334292624843016,0.10259154820550045,0.401190849632169,0.5452299108203751,0.2934465020929427,0.6362983748490265,0.14403906118820609,0.3428518727560838,0.4052677091189256,0.421745307887529,0.06928268617190571,0.36634585900200917,0.4593298618195463,0.2668184445202703,0.48793992527557395,0.09298400281753716,0.22112148075530363,1.170080619949875,1.178142738430274,0.20296580574481277,1.048958153484555,1.2935936426916106,0.8364080816287185,1.4806451061804642,0.2446354892070557,0.6442370245517457,0.0,1.0,-0.1394837048524487,-0.1366825986755949,0.1366825986755949,0.018682132780713737,1.0,1.0,-0.05198315213895249,-0.03550555337034911,0.03550555337034911,0.0012606443201347089,0.0,1.0,-0.16403501899254325,-0.15597290051214419,0.15597290051214419,0.024327545694171226
94,0.6857418779219868,0.44816966351589965,1.5300943677051422,0.6641311982401401,0.6669257124631804,0.050835534113328924,0.6308885556895975,0.6998326426681835,0.574472800249685,0.7433780874917753,0.068944086978586,0.1689052872420903,0.44550891759123273,0.4497800689206318,0.0282750591890435,0.42777289603467167,0.46654208532350383,0.39532122897189154,0.48451780391010174,0.03876918928883216,0.0891965749382102,1.4915653342719097,1.495928335605004,0.08064125587795888,1.4422830033000824,1.540996871930684,1.3548220089742313,1.6139984259646063,0.0987138686306015,0.25917641699037497,1.0,1.0,-0.02161067968184671,-0.018816165458806378,0.018816165458806378,0.0003540480825731782,1.0,1.0,-0.0026607459246669185,0.0016104054047321736,0.0016104054047321736,2.593405567590596e-06,1.0,1.0,-0.03852903343323244,-0.034166032100138244,0.034166032100138244,0.001167317749467677
95,0.803643186217561,0.11276573450270348,7.126661212837613,0.7735127161729977,0.7746038141324542,0.026031364325646015,0.7571988446426764,0.7913171635611986,0.7286382301673189,0.8141895838034248,0.03411831891852224,0.08555135363610589,0.11101313604730503,0.11081794152771944,0.005408074012159056,0.10722682431310566,0.11455495205837152,0.10265949800344272,0.1201895842335286,0.007328127745265853,0.01753008623008588,6.983329908375009,6.974646782665374,0.3983583817752047,6.709994501928094,7.240069747962101,6.331242179419689,7.667229170646644,0.5300752460340075,1.3359869912269549,0.0,1.0,-0.030130470044563373,-0.029039372085106874,0.029039372085106874,0.0008432851310972843,1.0,1.0,-0.0017525984553984492,-0.0019477929749840417,0.0019477929749840417,3.7938974733971838e-06,1.0,1.0,-0.14333130446260345,-0.1520144301722386,0.1520144301722386,0.023108386980590402
96,0.7744300919043406,0.4692736438985956,1.6502739967891435,0.782005417167203,0.788846113448973,0.05012065715399003,0.7521913232408672,0.8183210083727108,0.6955953457573311,0.8500290857135376,0.06612968513184359,0.15443373995620657,0.46791422717783687,0.4719482369184453,0.021686721616860746,0.45660279422434347,0.4842655421188043,0.4270414063879115,0.49486778263626785,0.027662747894460826,0.06782637624835636,1.671176580512409,1.6778273825506864,0.07392563915655305,1.629771814070134,1.7164470018083762,1.546780316543409,1.7812162127906634,0.08667518773824212,0.23443589624725436,1.0,1.0,0.007575325262862309,0.014416021544632396,0.014416021544632396,0.0002078216771753054,1.0,1.0,-0.0013594167207587327,0.0026745930198496803,0.0026745930198496803,7.1534478218286326e-06,1.0,1.0,0.020902583723265478,0.02755338576154287,0.02755338576154287,0.0007591890669243934
97,0.8043010114810599,0.0943358576917542,8.525930978537794,0.7881568478975466,0.7892416112231269,0.03003286589751312,0.7681342966642672,0.8095588853805578,0.7357591015713705,0.8343534354689995,0.04142458871629051,0.09859433389762906,0.09435399102153286,0.09400716404230774,0.004925459948983298,0.09092453389130586,0.09739402819804495,0.08680981357662328,0.10314123437476481,0.006469494306739085,0.016331420798141538,8.373932006131295,8.356794353744249,0.5126751634752551,7.995755149353213,8.69501545561711,7.5996708600226475,9.256091641173356,0.6992603062638967,1.6564207811507083,1.0,1.0,-0.016144163583513338,-0.015059400257933064,0.015059400257933064,0.00022678553612863445,1.0,1.0,1.813332977865234e-05,-0.00032869364944645985,0.00032869364944645985,1.0803951518643224e-07,1.0,1.0,-0.15199897240649918,-0.16913662479354485,0.16913662479354485,0.02860719784655237
98,0.3332681121622745,0.2993166685672464,1.1134298459138445,0.26758035497725746,0.24577788172295822,0.1098616444562268,0.18330667733321104,0.3313868884614512,0.12953109078718344,0.4926688830555832,0.14808021112824016,0.36313779226839976,0.297133155605275,0.3018034381359852,0.11531799445638335,0.20510063677508805,0.39478981697827703,0.10460012149177848,0.47019999827239795,0.18968918020318898,0.36559987678061945,0.9732355760120234,0.9490164189802137,0.33463103313446485,0.7366892939938074,1.1650400712224402,0.4705974163036323,1.5483150765737197,0.4283507772286328,1.0777176602700873,0.0,1.0,-0.06568775718501701,-0.08749023043931625,0.08749023043931625,0.00765454042232466,1.0,1.0,-0.0021835129619714455,0.002486769568738778,0.002486769568738778,6.184022888005249e-06,1.0,1.0,-0.14019426990182116,-0.1644134269336308,0.1644134269336308,0.027031774956060357
99,0.9206649535897208,0.0896258991776429,10.272309254771526,0.8892495620728741,0.8949999990276447,0.0401093099732716,0.8666675954959305,0.9191854507509195,0.8148224338350637,0.9433908429973553,0.05251785525498898,0.12856840916229162,0.08767973998130114,0.08740203715797878,0.004877830034040857,0.08417623869476665,0.09076381835873484,0.08038562179289255,0.09625987481136024,0.006587579663968196,0.01587425301846769,10.174401328655623,10.145994247639418,0.7474176299702051,9.656802143886754,10.68524293378612,8.97115119547663,11.415463459651784,1.0284407898993653,2.4443122641751547,0.0,1.0,-0.03141539151684669,-0.02566495456207607,0.02566495456207607,0.0006586898926734293,1.0,1.0,-0.0019461591963417513,-0.0022238620196641107,0.0022238620196641107,4.945562282504538e-06,1.0,1.0,-0.09790792611590327,-0.1263150071321082,0.1263150071321082,0.015955481026784544
