case_id,tau,pointwise_empirical_50,pointwise_empirical_90,curve_bias_full,curve_mae_full,curve_rmse_full,curve_bias_pre,curve_mae_pre,curve_rmse_pre,curve_bias_post,curve_mae_post,curve_rmse_post,post_minus_pre_rmse,post_minus_pre_mae,true_beta,true_gamma,true_R0,rho0,eta,severity
0,16,0.54,0.92,-0.005986528048597392,0.015117941988355596,0.020088282582521357,-0.005702805821783841,0.015080674085766077,0.01888678518514453,-0.0061200443906272994,0.015135479824868311,0.02062949372199968,0.0017427085368551497,5.480573910223406e-05,0.5650614270108133,0.3255189204331112,1.735878904547191,1.0,0.5976049585255248,strong
1,23,0.8,0.96,-0.004888885238824514,0.009838440313551473,0.0135416845931326,-0.005756144639631005,0.01208719353535739,0.014872208867206978,-0.0041501087122115775,0.007922835717198285,0.012295228462366345,-0.002576980404840633,-0.004164357818159105,0.5389384606581041,0.4773576545860584,1.1290034955560642,1.0,0.4430218778008199,strong
2,24,0.52,0.94,-0.009518420691601932,0.016822021063417195,0.02019289759624972,-0.009047286468558013,0.015463095585194727,0.018834198247840644,-0.00995331382056555,0.01807641381254563,0.02137054685893312,0.002536348611092476,0.0026133182273509036,0.375080798071755,0.26891659508153753,1.394784869851664,1.0,0.5903706354428188,strong
3,12,0.78,0.92,-0.0069737137877382335,0.01187650091247633,0.017198865722859173,-0.009129297589727988,0.01254353643162176,0.0178198848368174,-0.00629300311342568,0.011665858116956722,0.01699804134264468,-0.0008218434941727228,-0.0008776783146650386,0.17702895941441005,0.19935498935306872,0.8880086723130965,1.0,0.44216322812316144,strong
4,11,0.74,0.94,-0.005055148339597509,0.012773496416630224,0.017264127246026745,-0.00975184536285021,0.01463470205833966,0.017923728365296834,-0.0037304389227826437,0.012248540979224997,0.017073479250300887,-0.0008502491149959476,-0.002386161079114664,0.5963382412155094,0.4148743603516578,1.437394783109851,1.0,0.4913369758649606,strong
5,20,0.64,0.98,-0.004014127386180916,0.011375179033057065,0.015471639686943373,-0.0030283409170806406,0.015786379063501953,0.01921057684407323,-0.004671318365581101,0.008434379012760474,0.012366158762915839,-0.006844418081157393,-0.00735200005074148,0.8148099211254433,0.39274431095424056,2.0746574766308417,1.0,0.384061458957184,strong
6,10,0.74,1.0,-0.005080849183141254,0.011144664085586556,0.014554293625708387,-0.0025363259832374752,0.010469272744376212,0.013053797281848158,-0.005716979983117198,0.011313511920889141,0.014905835193315172,0.0018520379114670138,0.0008442391765129294,0.3611362233828389,0.49756590535856227,0.7258058068158676,1.0,0.3325196387477869,strong
7,27,0.76,0.96,-0.005844254515250213,0.011023778183734977,0.015572872479142508,-0.005898019613663631,0.012551094323431176,0.017593875660576165,-0.005781138964938809,0.00923084184583074,0.012799486100530888,-0.004794389560045277,-0.003320252477600436,0.10605818902829224,0.27434968172210084,0.3865803246519622,1.0,0.5139701753888473,strong
8,12,0.38,0.78,0.00032529512769542636,0.024894192084902896,0.03494376297149005,-0.016764335877572496,0.03497731336392462,0.042547332942097164,0.00572202070830635,0.021710048523106564,0.03217142490036607,-0.010375908041731094,-0.013267264840818058,0.878259734855593,0.12330948251018886,7.122402243339428,1.0,0.5942806231518856,strong
9,29,0.54,0.9,-0.0024405746627599,0.01707488958723843,0.02186524250036271,-0.008224008299795717,0.014279726394933873,0.019251232167494116,0.005546071788384801,0.02093487685280187,0.025030222894340145,0.005778990726846029,0.0066551504578679956,0.5680310445921657,0.14831641668182327,3.829859548257142,1.0,0.4434398528415019,strong
10,30,0.24,0.48,-0.01433714036247693,0.03972116417833604,0.04761809020472477,-0.04422855032607913,0.04573739770178994,0.050822132412080896,0.03049997458292637,0.030696813893155196,0.04236003508611197,-0.008462097325968927,-0.015040583808634742,0.8038212910639586,0.07123776024095313,11.283640703260884,1.0,0.3771779539768966,strong
11,18,0.72,0.98,-0.006403895199036924,0.011244038363656728,0.014192565449493036,-0.00751060914222358,0.013065645943344053,0.016252547264110788,-0.00578136860599443,0.010219384100082607,0.012889955434863301,-0.0033625918292474865,-0.002846261843261446,0.3238719434311089,0.31912832531902524,1.0148642966973915,1.0,0.5573978517100442,strong
12,27,0.52,0.94,-0.0023677028926613274,0.017313662372907858,0.021160980045848155,-0.00766430269167931,0.020355397197245446,0.02444474874098053,0.003850044697490217,0.013742930187815902,0.016491920047705732,-0.007952828693274797,-0.006612467009429544,0.8181691861506857,0.14145428906121948,5.7839828794204555,1.0,0.48556880331764696,strong
13,26,0.48,0.9,-0.002507560662925243,0.015609381115064025,0.019791687643028005,-0.006560377691550037,0.018047697927193858,0.021666665303061515,0.0018829911180849497,0.012967871235256704,0.017535667187112573,-0.004130998115948942,-0.005079826691937154,0.4084812812293266,0.2504221632829084,1.631170643501928,1.0,0.37550793101191476,strong
14,11,0.76,0.96,-0.004817840368923498,0.011631328733201371,0.01599825532614504,-0.007255952635949308,0.016126501543278045,0.02221582944986902,-0.004130167678223911,0.010363459479077183,0.013745148155103505,-0.008470681294765515,-0.005763042064200863,0.5768376673996122,0.4730841391115519,1.2193130559881136,1.0,0.3295514107732995,strong
15,27,0.28,0.72,-0.008801911300979555,0.03037781408522278,0.03650560326459599,-0.033921262352830835,0.03513132963605501,0.03956382785987673,0.020686022542498034,0.024797600177724078,0.032550929100880886,-0.007012898758995842,-0.010333729458330932,0.9747686208670832,0.09186883266130566,10.61043873781197,1.0,0.3184882570263466,strong
16,11,0.58,0.9,-0.004806225554548291,0.015350727461282077,0.023079311805586814,-0.013125531290742483,0.026386441916904667,0.03446745482477642,-0.0024597547058781343,0.012238090050721859,0.018649721114225335,-0.015817733710551087,-0.014148351866182808,0.8026004559493382,0.2488160738059903,3.225677680997213,1.0,0.5905997653014763,strong
17,16,0.8,0.96,-0.006613908418366918,0.009907317605247955,0.014701683422195227,-0.007671664519875776,0.01301217053696746,0.016381751152150122,-0.006116140841186279,0.008446210343262303,0.013840675815855819,-0.0025410753362943034,-0.004565960193705157,0.48599580521438634,0.4694343469120305,1.0352796049358088,1.0,0.4577229970005563,strong
18,21,0.78,0.98,-0.004289486926463724,0.009725789370531857,0.014342156414537,-0.0032650793326042945,0.010948974949618181,0.01591848796321967,-0.0050312993220171034,0.00884003429602107,0.013082640631918316,-0.0028358473313013534,-0.0021089406535971106,0.13987538898668073,0.4501426760732192,0.3107356765345415,1.0,0.3928076158758678,strong
19,12,0.78,0.98,-0.0032651905302191154,0.008441663662088103,0.011896080189758238,-0.0007621842038740093,0.007716071292331132,0.010162995834561029,-0.004055613580643886,0.008670798094642936,0.012393120313577059,0.00223012447901603,0.0009547268023118042,0.3428440512899446,0.4908563002374264,0.6984611405091704,1.0,0.44448183223718163,strong
20,18,0.48,0.94,-0.007052078092237934,0.0173616643960122,0.020535248254425365,-0.008114800435982438,0.013944122516679473,0.017221222855470567,-0.0064542967738816515,0.01928403170313686,0.022182870463535547,0.00496164760806498,0.005339909186457388,0.3546530781427295,0.23424459044779466,1.5140288937505684,1.0,0.563705524728716,strong
21,30,0.38,0.8,-0.0022863144986331463,0.021565959416329862,0.027474257698473396,-0.010313932038843631,0.020108306035399436,0.026343498650888145,0.009755111811682583,0.023752439487725496,0.029088093929497915,0.0027445952786097697,0.0036441334523260593,0.45502054930890345,0.19800600835441223,2.298013848622509,1.0,0.5592973441426685,strong
22,11,0.56,0.84,-0.005554759562364779,0.014790093806223013,0.02057077096313089,-0.011124110441993584,0.023685808801515537,0.028301677134697636,-0.00398391700657204,0.012281045987037942,0.017792966548954334,-0.010508710585743302,-0.011404762814477595,0.6258602359305521,0.23720893602920884,2.6384344806195936,1.0,0.5352320889502435,strong
23,16,0.5,0.8,-0.004700212710886263,0.01975319550780114,0.025127841061338176,-0.012291278369957581,0.018625147553393617,0.02324965412132072,-0.0011279465183821123,0.020284041603992914,0.02596472559183557,0.0027150714705148522,0.0016588940505992966,0.34521744342857574,0.16599815088357034,2.0796463188960956,1.0,0.39267392182483923,strong
24,22,0.56,0.94,-0.0014389010786544532,0.015088817776413634,0.018649308273796152,-0.007518055848777294,0.01904810177670284,0.02195061570308983,0.0033375776692992076,0.011977951776186404,0.015571935951954836,-0.006378679751134993,-0.007070150000516435,0.8359497397351915,0.1461540065283657,5.71964983780961,1.0,0.5906549064401501,strong
25,26,0.76,0.98,-0.005624987413320923,0.00943811334655038,0.01355424382559269,-0.008749515993538527,0.013288644207372831,0.017281765718691798,-0.0022400814514185186,0.005266704913992726,0.007693967330890246,-0.009587798387801553,-0.008021939293380105,0.28065641001307484,0.3186556615270349,0.8807513686345215,1.0,0.4085410304986122,strong
26,24,0.6,0.96,-0.0016947644040919841,0.016393004932906477,0.020654078697672672,-0.0028694364009425044,0.01801474066451192,0.022717964140367346,-0.0006104517916145807,0.014896018103732226,0.018546207232094245,-0.004171756908273101,-0.0031187225607796926,0.30269982033621795,0.19910357814311508,1.5203133120924537,1.0,0.48679341723112235,strong
27,30,0.8,1.0,-0.0025024114931511575,0.008637108678049116,0.011182587014245795,-0.001374754715167607,0.009026678253818924,0.011942970810234073,-0.004193896660126484,0.008052754314394405,0.00993346883856752,-0.002009501971666553,-0.0009739239394245189,0.23906469648315531,0.47815126742988984,0.4999771260006307,1.0,0.35874755414623105,strong
28,30,0.64,0.92,-0.004835933391004801,0.013033905485644936,0.01779425129525651,-0.01117054366817077,0.016957491512099902,0.02169318070360357,0.004665982024744153,0.007148526445962489,0.009257284393279034,-0.012435896310324537,-0.009808965066137414,0.5579047532030652,0.18204407638034703,3.064668536851634,1.0,0.41229020135115774,strong
29,22,0.34,0.66,0.002070029741153121,0.033880840251222254,0.04377531479165836,-0.02147000073455274,0.026381928579543124,0.035864398510134156,0.020565767972064868,0.03977284227897014,0.04910495228319552,0.013240553773061367,0.013390913699427017,0.2637106920498069,0.07047549658206767,3.7418777424678336,1.0,0.3144524134554624,strong
30,21,0.28,0.62,-0.008611129492055624,0.037732181579340246,0.048488371503051665,-0.049547774029806965,0.054088117532609475,0.06427732704474881,0.021032647587005692,0.02588822795800736,0.03258571632211125,-0.03169161072263756,-0.028199889574602115,0.8709868057087322,0.08867729148944087,9.821982506225327,1.0,0.37816208704451193,strong
31,13,0.64,0.82,-0.004009535779478029,0.02019713581656106,0.03467235714859042,-0.02601463206184025,0.039694957596321516,0.05742694162027575,0.003721984535946536,0.01334654978583441,0.02158360263606611,-0.03584333898420964,-0.026348407810487105,0.8451428894153163,0.19093411574438424,4.426358726518855,1.0,0.408733997968572,strong
32,27,0.6,0.94,-0.008169120887760072,0.01778345223283395,0.02128249208354815,-0.007579849537082568,0.01731674805611234,0.02034493069466236,-0.008860874212468449,0.018331322353333235,0.022332941092269465,0.0019880103976071054,0.0010145742972208945,0.2905878645253589,0.21879734784876403,1.328114199657564,1.0,0.48505313643480763,strong
33,24,0.78,0.96,-0.004156866803532467,0.010414276866940781,0.015011526236023124,-0.0035394150157420277,0.011232167746735891,0.014122274957845756,-0.00472682229995441,0.009659300670206834,0.015787980332056643,0.0016657053742108862,-0.0015728670765290578,0.2981428066816685,0.32955056341384414,0.904695181198236,1.0,0.3790447391939894,strong
34,22,0.58,0.92,-0.004331021305042668,0.013564937663395539,0.017356510004618124,-0.008011532926254651,0.014447016789662566,0.018321179472120534,-0.001439190745518967,0.012871875492757161,0.01655917785822383,-0.0017620016138967035,-0.0015751412969054052,0.794907506608641,0.2379977552636992,3.3399790083225414,1.0,0.5059590726642939,strong
35,25,0.62,0.9,-0.0025498268983210437,0.01346355499845231,0.018247127353363753,-0.006435827541863546,0.018844979327404872,0.023278284999696332,0.0013361737452214583,0.008082130669499747,0.011137179210763553,-0.01214110578893278,-0.010762848657905125,0.6638115630247752,0.42218425293630013,1.5723266758718548,1.0,0.30573475801231614,strong
36,10,0.62,0.88,-0.005141531669069082,0.013692759128753096,0.017135024026620548,-0.009652499482035637,0.015042547695338726,0.018273819858569018,-0.004013789715827443,0.013355311987106688,0.01683829526511581,-0.0014355245934532072,-0.0016872357082320377,0.557819255200336,0.3455786659114001,1.6141599879413577,1.0,0.5904603263831234,strong
37,11,0.72,0.94,-0.007357643878276576,0.013031368287120131,0.01806523909057034,-0.007072812390767715,0.014387491772967305,0.018751610406682627,-0.007437980964497024,0.012648871919317082,0.017866880511078743,-0.0008847298956038835,-0.0017386198536502237,0.2946027116816583,0.27428934116333814,1.0740581840773158,1.0,0.596121895174157,strong
38,30,0.6,0.94,-0.0040519647914334204,0.013213477352110203,0.017224574410478203,-0.002400396349063764,0.016165939947435013,0.0198128090423115,-0.006529317454987904,0.00878478345912299,0.012365023487021802,-0.007447785555289696,-0.007381156488312023,0.7223721608538041,0.3934695618583455,1.8359035383628177,1.0,0.5600037934937849,strong
39,20,0.84,0.96,-0.0046402151399524885,0.01035717824997846,0.014898394660193427,-0.004712883982574567,0.010196072090184315,0.013054583355837422,-0.0045917692448711024,0.01046458235650789,0.01601006479338737,0.002955481437549949,0.0002685102663235739,0.4290077559596055,0.3793091118972322,1.1310241238703445,1.0,0.3772212656072474,strong
40,15,0.36,0.54,-0.004738966678269207,0.030879500550217927,0.04046091037163483,-0.02581596892947952,0.030017693558086953,0.04186865117804506,0.004294034286535212,0.031248846403988343,0.039842369455156346,-0.002026281722888712,0.0012311528459013898,0.36799685108536473,0.09638570911890151,3.8179607168880545,1.0,0.36236862101178835,strong
41,20,0.54,0.84,-0.005225272559910081,0.015723689601873047,0.019835869037471435,-0.009721651975996792,0.01575898255687207,0.018458159140970327,-0.0022276862825189405,0.015700160965207034,0.020703471726675995,0.0022453125857056673,-5.8821591665036976e-05,0.7382039414826657,0.25083437938249614,2.9429934736218195,1.0,0.3617822700621894,strong
42,22,0.82,0.98,-0.004975412740022876,0.0090816920803627,0.012952258507869227,-0.0062732036286351186,0.011245136650607244,0.015607551984664573,-0.003955719898970399,0.007381842775170558,0.010400798536900532,-0.005206753447764041,-0.003863293875436686,0.32856428459805054,0.41203451161062377,0.7974193310014446,1.0,0.3044732609118516,strong
43,27,0.56,0.92,-0.0018496632884489371,0.014523499118513427,0.019459219085436016,-0.0001947156722760863,0.01677698960217337,0.021129383174325608,-0.0037924278813475016,0.01187809724639089,0.017293989746262402,-0.003835393428063206,-0.00489889235578248,0.9723866116433706,0.17480184190337622,5.562793853058303,1.0,0.40041140258970664,strong
44,25,0.58,0.92,-0.004644981396704679,0.014250681947305565,0.018636950132489314,-0.006082953233271837,0.012889840584248304,0.01717043480989607,-0.0032070095601375217,0.015611523310362828,0.019996199361901158,0.002825764552005089,0.002721682726114524,0.6520502501421478,0.2329313371554972,2.799323861292484,1.0,0.4549448017472799,strong
45,30,0.6,0.92,-0.0012698578229174019,0.014284296524710954,0.0186467587565227,-0.006401778804138303,0.015658752977227172,0.020450058469403693,0.00642802364891395,0.012222611845936626,0.015554635746517671,-0.004895422722886022,-0.0034361411312905463,0.5488296499538862,0.15381212741806394,3.568181905852963,1.0,0.5579033817859412,strong
46,25,0.42,0.78,-0.007863891443812464,0.024834841310403134,0.03229677368412442,-0.026255107494071128,0.02941904996521771,0.036168653686802145,0.0105273246064462,0.02025063265558856,0.027892502062225908,-0.008276151624576237,-0.00916841730962915,0.7785025313363297,0.123444753747994,6.306485352351237,1.0,0.36957664864685424,strong
47,18,0.36,0.64,0.007678525475785136,0.03562538889236748,0.04961079443957486,-0.027966008650966816,0.03728501108061108,0.04612833566635006,0.02772857592208311,0.03469185141148046,0.05146622858791519,0.0053378929215651336,-0.0025931596691306236,0.592662601033353,0.07158706154317575,8.278906666338093,1.0,0.5901187907764527,strong
48,17,0.52,0.84,-0.003641336869477527,0.019304213046998486,0.02794425423072479,-0.013338103863027166,0.02074022144627045,0.03145466522870598,0.0013539673393207715,0.018564451144343228,0.02595119885507693,-0.005503466373629046,-0.0021757703019272233,0.5645354242436196,0.26893582591221865,2.099145483234671,1.0,0.3251470317941525,strong
49,14,0.46,0.76,-0.004818087760322669,0.023033715804667735,0.030780327857329346,-0.01816422994514661,0.02960048067117376,0.040431713056847764,0.000372078644886642,0.020479973912137614,0.026079632996457224,-0.01435208006039054,-0.009120506759036147,0.7214795506242654,0.19891426371911652,3.627088058617327,1.0,0.5314737432318406,strong
50,14,0.74,0.96,-0.00602473412436666,0.011596922240860294,0.016725565729995732,-0.005966559193828809,0.014489832525474153,0.020040302735594283,-0.006047357708464713,0.010471901574621571,0.015243063246696687,-0.004797239488897596,-0.004017930950852582,0.16068569264652233,0.16660576368692506,0.9644665892140001,1.0,0.3054945709794216,strong
51,24,0.64,0.92,-0.004480459452497598,0.013145174871424388,0.019957721328605335,-0.001377527747536078,0.016489599453052506,0.023272259033581835,-0.007344704103231309,0.010058013719152279,0.016310896616026426,-0.006961362417555409,-0.006431585733900227,0.8727754043935709,0.4780327927690611,1.8257647123702894,1.0,0.5144408537073425,strong
52,16,0.52,0.84,-0.00482361072140975,0.020076922178463973,0.03038045654515636,-0.02149713467224501,0.03624136603320949,0.04553670789753069,0.0030227534907480195,0.012470125070348437,0.019532129440463078,-0.026004578457067613,-0.02377124096286105,0.6655068736325342,0.23277988831753416,2.8589534879607763,1.0,0.4064888834722128,strong
53,28,0.68,0.96,0.0077105961507186295,0.019415065827779472,0.02408078558305409,0.0038374549892198828,0.01676073100783729,0.02120715066342686,0.012640048538080671,0.02279331014406952,0.027304179679654834,0.006097029016227974,0.00603257913623223,0.17810686037727783,0.10921471278320355,1.6307954838541625,1.0,0.5671650972491855,strong
54,20,0.56,0.96,-0.0062361206071727794,0.012685625995982264,0.01636100628952199,-0.009311972127761692,0.01889257285511121,0.021180266628450704,-0.004185552926780171,0.008547661423229632,0.012127176713541172,-0.009053089914909532,-0.01034491143188158,0.9363793765612795,0.4213123500539862,2.222530093032624,1.0,0.38819364206893836,strong
55,20,0.6,0.82,-0.004992067509083427,0.014387204392478451,0.02092723305854227,-0.01839602240361273,0.022090764483436942,0.027663025595208276,0.003943902420602777,0.009251497665172793,0.014824073296167355,-0.012838952299040921,-0.01283926681826415,0.7895910225933256,0.21280603406673126,3.7103789187938503,1.0,0.4873615226292761,strong
56,19,0.8,0.98,-0.004391528653868591,0.008650567002550815,0.01209516346936363,-0.004635320725164523,0.010904037032129341,0.014875547075388242,-0.004242107706945277,0.0072694079521639764,0.01001658761751771,-0.004858959457870533,-0.0036346290799653645,0.12423088799002328,0.24504762632742527,0.5069662981514855,1.0,0.5024805992931168,strong
57,29,0.26,0.46,-0.010254161870107055,0.04897069449536502,0.060182820553467964,-0.0470885618846735,0.05368584013897283,0.06537882878012453,0.0406123905309609,0.042459302892287575,0.052163318694353235,-0.0132155100857713,-0.011226537246685257,0.4745219258070902,0.06117906895376844,7.756278967986176,1.0,0.4342750111691473,strong
58,14,0.46,0.88,-0.006303593952179653,0.017107229447428835,0.021072937267238422,-0.014407369740573423,0.018868185746084367,0.021839693478630292,-0.003152125590026521,0.016422413109062797,0.02076711027889006,-0.0010725831997402333,-0.0024457726370215697,0.425442216512921,0.1975813238439149,2.153251168865593,1.0,0.31158783272166557,strong
59,14,0.7,0.98,-0.00790318576197933,0.012338548382258523,0.01622182079189741,-0.012458598316048406,0.015162498365888106,0.020803091673779885,-0.006131636435396912,0.011240345610847018,0.014042210934648764,-0.006760880739131121,-0.003922152755041089,0.3953605563978808,0.34099186189018726,1.1594427919960224,1.0,0.3139544841423511,strong
60,14,0.34,0.6,0.022910274229943753,0.045963343121111395,0.06335520254866105,-0.024922156307314123,0.03501113623912845,0.04454335873000278,0.041511774994432926,0.05022253468632698,0.06930538964166683,0.024762030911664047,0.01521139844719853,0.9472738070324171,0.06353190558749795,14.910206112546154,1.0,0.5842687243616704,strong
61,15,0.36,0.72,0.0003716426808387041,0.026933767376467587,0.03395400776770877,-0.021078117781629165,0.02369694197550416,0.029843385087015232,0.009564397164753505,0.02832097826259477,0.03557058081083424,0.005727195723819006,0.00462403628709061,0.3032893686178084,0.07474131356265426,4.057854406901299,1.0,0.4867758213369332,strong
62,21,0.9,1.0,9.232216223608702e-05,0.00814117691537831,0.011551977449852226,0.0014610904230115314,0.007199519726869073,0.009838019135409532,-0.0008988548541875107,0.008823066603609136,0.012648960866973182,0.002810941731563649,0.0016235468767400625,0.20285047800028738,0.4781969812393401,0.42419857497753555,1.0,0.3165549342755216,strong
63,24,0.78,0.98,-0.005196250810986385,0.011234469640767202,0.015243144372953833,-0.00835692286879445,0.0135288240465646,0.018105078902392175,-0.0022787073730097082,0.009116604035415758,0.012010603246957364,-0.006094475655434811,-0.004412220011148842,0.5242790298075912,0.44387714482598806,1.181135446865873,1.0,0.4003343197374062,strong
64,28,0.54,0.96,-0.0049084714915079534,0.013952895505790366,0.01726854515865211,-0.006686205327111695,0.015336977018575584,0.018775961851116362,-0.002645901155285008,0.012191337216790998,0.015134403581143142,-0.0036415582699732205,-0.0031456398017845853,0.6474246208560361,0.4175640940697364,1.5504796270818997,1.0,0.4980745821111535,strong
65,25,0.66,1.0,-0.007020196992671117,0.014714239897439257,0.019048764335232466,-0.009041677850764245,0.01577920503215864,0.02139025310807433,-0.00499871613457799,0.01364927476271987,0.016375833333634213,-0.005014419774440115,-0.002129930269438772,0.28656061370442476,0.24004440341275074,1.1937816905136942,1.0,0.5157526468564253,strong
66,28,0.6,0.92,-0.006169088340830058,0.013741380290593953,0.017640978588332693,-0.00737859882480864,0.01359493114120726,0.017455088844346878,-0.004629711361220953,0.013927770117086104,0.017874769844554425,0.0004196810002075474,0.00033283897587884324,0.5254720932852402,0.39769861706346826,1.3212821738361258,1.0,0.5693746085914226,strong
67,23,0.66,0.96,-0.007954781269654631,0.0175457810703665,0.02257170986860639,-0.0056589541794813195,0.015377897485766722,0.0206039517993965,-0.009910485827950415,0.019392496716507054,0.02412166632912973,0.003517714529733231,0.004014599230740332,0.1549137436716632,0.09458994062880315,1.6377401512449108,1.0,0.31071689380225853,strong
68,18,0.78,0.94,-0.005107021710864501,0.010784662471414776,0.014503264150544322,-0.0054251916250602035,0.013163361816421255,0.016547710818200157,-0.004928051134129419,0.009446644089848633,0.013214991902207594,-0.003332718915992563,-0.003716717726572623,0.4348272765496711,0.46732490098788243,0.9304603192136471,1.0,0.36187107955503567,strong
69,18,0.52,0.76,-0.00576472615415696,0.021486115925363265,0.03136881194373605,-0.026043717387235828,0.0349939600047138,0.04366342411271365,0.005642206414449902,0.013887953630728589,0.021566188266903763,-0.022097235845809887,-0.021106006373985214,0.6120805894790488,0.18991649643874664,3.2228932238988612,1.0,0.47192636947429756,strong
70,12,0.62,0.84,-0.008911013195411216,0.017292688343786722,0.027733379603333254,-0.03396847052499652,0.037248230849703155,0.04772530753841346,-0.0009981319334369083,0.010990938078760481,0.017109982816669297,-0.030615324721744164,-0.026257292770942672,0.9176923350864634,0.33041321248482114,2.7774081072155106,1.0,0.3856939457378366,strong
71,11,0.64,0.98,-0.004793288668151945,0.011959509977605193,0.01507710978378976,-0.003748254088515585,0.013254789254543457,0.016890478707310527,-0.005088042011126303,0.0115941747969303,0.014524771935222829,-0.002365706772087698,-0.001660614457613157,0.41678071421493534,0.36949673403386457,1.127968601142594,1.0,0.4606110108132866,strong
72,30,0.84,0.98,-0.0021568183296039934,0.008354853100827312,0.01092358508072301,0.0007825882775553812,0.00774278455064632,0.009730443908688106,-0.006565928240343055,0.009272955926098803,0.012501578682282395,0.002771134773594289,0.0015301713754524828,0.11034345457644461,0.37065114877443117,0.2977016392402896,1.0,0.5316084196533836,strong
73,23,0.38,0.68,-0.006686955543118529,0.030988817734760234,0.04120282832454579,-0.033851597478370306,0.038284308864208666,0.04936455703175648,0.016453294994318166,0.024774140105970826,0.032680204000816344,-0.01668435303094014,-0.01351016875823784,0.6487321682709507,0.09969789528331488,6.506979574919075,1.0,0.4671884624392476,strong
74,22,0.42,0.74,-0.005433214858639985,0.027895621315110475,0.039620568600204124,-0.030355794037776915,0.03676949130286547,0.04889815624803285,0.014148811639253316,0.02092329489616012,0.03040607302598288,-0.018492083222049968,-0.01584619640670535,0.5486711756037514,0.13527308614189015,4.056026156069517,1.0,0.3832758018993387,strong
75,21,0.74,0.94,-0.005429520915204194,0.013800023835210595,0.017578833017673073,-0.012769187479058192,0.018732730376844604,0.02176553435464407,-0.00011458995517198767,0.010228063925751485,0.013774364385554126,-0.007991169969089945,-0.008504666451093119,0.5707665313120233,0.4611387060626303,1.2377328639043015,1.0,0.4534736879102629,strong
76,14,0.4,0.72,-0.0038958098529838026,0.02364294773200527,0.029003901352882628,-0.015714797025014247,0.02593577789541866,0.031365198927992485,0.0007004629361391482,0.022751291557344504,0.028031953409998506,-0.0033332455179939796,-0.0031844863380741557,0.36743207135771916,0.14292164715754543,2.5708636771635534,1.0,0.3479258206235939,strong
77,17,0.54,0.84,-0.004213094144361094,0.016865782445529477,0.02250409534973336,-0.009246830883271554,0.018267070326734993,0.024227998159789293,-0.0016199570364375231,0.016143906870362996,0.021562302375640153,-0.0026656957841491406,-0.0021231634563719966,0.4520206088609219,0.22394612091671662,2.0184346440589787,1.0,0.4386544708355302,strong
78,22,0.7,0.96,-0.009422160913236438,0.015587985650636255,0.02052407481417875,-0.006686832353642041,0.01334751081991602,0.016475617145375654,-0.011571347638632037,0.017348358731916442,0.02321488994300118,0.006739272797625526,0.0040008479120004214,0.19668071865335562,0.14297792851985686,1.3756019596132314,1.0,0.5486901761336412,strong
79,27,0.72,0.94,-0.004435767272952944,0.011661611592862754,0.017709968266088578,-0.008399371859721012,0.017186647617361613,0.02284424136852063,0.00021715985064435264,0.005175699738016271,0.00831955783551766,-0.014524683533002968,-0.01201094787934534,0.7458383645762514,0.25434765557167177,2.9323579291497897,1.0,0.5191773604669332,strong
80,29,0.66,0.96,-0.006601065096620004,0.012052555121772456,0.016242965603858264,-0.007455038679522815,0.016072053548574834,0.01901165579845002,-0.005421768244039933,0.006501819199045366,0.011359594121359902,-0.007652061677090118,-0.009570234349529468,0.9376042687438233,0.35451772784732144,2.6447316878540335,1.0,0.4926886715617025,strong
81,11,0.5,0.8,0.005010277645196765,0.03673768561799079,0.05679937850186693,-0.054892995437099176,0.056890806310217486,0.07394379113443424,0.02190607261712639,0.03105347208941403,0.05093080856675038,-0.02301298256768386,-0.025837334220803455,0.9957969575926066,0.14932944653887978,6.6684567623662785,1.0,0.3885792622846721,strong
82,29,0.38,0.7,-0.0008876019576564431,0.025022358312271537,0.03274322350282462,-0.016047663191847247,0.023479746999861353,0.032109922896103274,0.020047720699083237,0.027152631077028457,0.033598162481202606,0.0014882395850993324,0.003672884077167104,0.35443255565821696,0.14227577120153512,2.4911659424861563,1.0,0.47058451778546717,strong
83,16,0.28,0.58,0.0010273047955706716,0.03609216484706849,0.04744159556662816,-0.040445237478706986,0.04620337876258418,0.053856271058922066,0.020543795277583685,0.03133394653388463,0.044101248007358436,-0.00975502305156363,-0.014869432228699547,0.9964725178920308,0.09594545894258602,10.385822621249039,1.0,0.5002890820153327,strong
84,16,0.7,0.94,-0.007322083711624145,0.014303334322758019,0.019514492306288562,-0.004793188832991291,0.012493403504777234,0.017281494624944282,-0.008512151889804313,0.015155066472396036,0.02048124651182589,0.003199751886881607,0.0026616629676188015,0.3758145203548896,0.24870492828397017,1.5110859400654348,1.0,0.3113670696193979,strong
85,27,0.62,0.94,-0.007830559865105897,0.015786384909879415,0.020305186765215495,-0.009287844825949933,0.01681258250027895,0.021444584130099406,-0.006119834041506376,0.014581718173323443,0.01888009693769504,-0.0025644871924043675,-0.002230864326955507,0.16854131707186445,0.11616046466180976,1.450935286481133,1.0,0.42281425920764304,strong
86,22,0.64,0.98,-0.009368597483262419,0.01621588653884828,0.021652992282923583,-0.009893449795940383,0.01635705284901302,0.018895357902890198,-0.008956213523301162,0.01610497015229027,0.023594675272562243,0.0046993173696720444,-0.00025208269672274963,0.13107567203730966,0.06945224668816313,1.8872776373359441,1.0,0.33787065665041544,strong
87,22,0.64,0.96,-0.003739842134527862,0.011126702059991658,0.014973295642310973,-0.002518308878114278,0.01702937490137463,0.01998847585067189,-0.004699618264567107,0.00648888768461932,0.00929692239645308,-0.01069155345421881,-0.010540487216755311,0.9035209903524268,0.4543163867006649,1.9887484070604944,1.0,0.5907427352249071,strong
88,11,0.56,0.76,-0.002468579023552593,0.02265252626821166,0.036652311257647834,-0.021205290622839875,0.029940226517448373,0.046353455804822155,0.002816134504451512,0.020597021069708996,0.033410624945547376,-0.012942830859274779,-0.009343205447739377,0.8302389006338606,0.12944042218647722,6.414062057351638,1.0,0.5923484861291143,strong
89,29,0.72,0.94,-0.004606218575499952,0.009142107674852013,0.014399127076656902,-0.005672941317557004,0.011815290018948245,0.016989541205864735,-0.0031331252650402134,0.005450570152052457,0.009749364392708845,-0.007240176813155891,-0.006364719866895788,0.8118189496487588,0.32475645009273013,2.499777754735754,1.0,0.3257298407351794,strong
90,17,0.5,0.84,-0.005057737518800422,0.01646055546705611,0.022269006219682207,-0.010065315537812078,0.015352430561666979,0.021137179830621015,-0.002478076115067145,0.01703140769104445,0.022830180443909238,0.0016930006132882224,0.0016789771293774704,0.7023474667971458,0.3470805053169301,2.023586620504111,1.0,0.36604475887067534,strong
91,12,0.84,0.98,-0.0039400931511772794,0.010025039722095244,0.013506200835293952,-0.0007280274682367841,0.012165950882869462,0.014961074987235068,-0.004954429682632173,0.0093489625134297,0.013013017645177568,-0.0019480573420575,-0.002816988369439761,0.2293333784566527,0.48593831193401704,0.47193928287710857,1.0,0.4431010090031011,strong
92,17,0.8,1.0,-0.0021713080164045095,0.008511591556016355,0.01147620562437028,-0.0020708990255918574,0.00910236848764779,0.011413005880756673,-0.0022230338601564818,0.00820725192456986,0.011508627622235408,9.562174147873491e-05,-0.0008951165630779294,0.22944941094604493,0.3348448743118758,0.6852409236294144,1.0,0.3994421727497387,strong
93,10,0.84,1.0,-0.004030090183368884,0.008363655234570616,0.011372652619886101,0.0014307390665635467,0.009712155698798597,0.011553342794860047,-0.005395297495851992,0.00802653011851362,0.01132702971135269,-0.00022631308350735783,-0.0016856255802849777,0.195419394376214,0.34013078539132113,0.5745419196659415,1.0,0.5822007412575796,strong
94,16,0.92,1.0,-0.0019398540499969386,0.007732690853590612,0.00971211154544012,-0.0032643566046317574,0.008493089753756067,0.010418322088400333,-0.0013165587301687885,0.007374856077042162,0.009361360778646197,-0.001056961309754136,-0.0011182336767139051,0.41703087506843584,0.44646928428482907,0.9340639765094955,1.0,0.58827129809506,strong
95,19,0.36,0.76,-0.0025916662416420877,0.025548336354549974,0.03425884974690801,-0.025230314901196642,0.028843094668302097,0.03902479984986235,0.0112836345496978,0.023528968355798673,0.030977449777345283,-0.00804735007251707,-0.005314126312503425,0.7873850828812765,0.13218246337319783,5.956804426153036,1.0,0.3148017342224657,strong
96,23,0.74,1.0,-0.005576789849583292,0.011918578227196122,0.014881349573688848,-0.0064188565188289986,0.013117991377721015,0.015380036874649559,-0.004859473798003617,0.010896855913786028,0.014442966978208942,-0.0009370698964406166,-0.0022211354639349867,0.19073219175712416,0.17275144807648693,1.1040844744333265,1.0,0.48434585989566115,strong
97,29,0.68,0.96,-0.004372315576765686,0.01390362271340564,0.017575683713532034,-0.007069071449724765,0.014873750266972286,0.019332435075056876,-0.0006482241331555304,0.012563922758480268,0.014811007116488884,-0.004521427958567992,-0.002309827508492018,0.5225900544336702,0.38254769385256493,1.3660781722947155,1.0,0.3711485965199132,strong
98,18,0.56,0.76,-0.004361763903580141,0.020834888681129086,0.030106838576072346,-0.0257674906299346,0.029461381284313068,0.03905235905572904,0.0076789573799942445,0.015982486591838097,0.02363096815592797,-0.01542139089980107,-0.013478894692474971,0.7668049116354014,0.17653830807207682,4.343561009559077,1.0,0.44470842772357977,strong
99,28,0.62,0.94,-0.00774948243633844,0.01493958294740878,0.019427564244709178,-0.009272336377762258,0.017338938362497305,0.02129850153564211,-0.005811304692708125,0.01188585787365975,0.01674674992828343,-0.00455175160735868,-0.0054530804888375545,0.4436028219148195,0.34458589918254606,1.2873504776810927,1.0,0.36121168500774536,strong
