case_id,true_beta,true_gamma,true_R0,beta0,gamma,tau,kappa,severity,beta_mean,beta_median,beta_std,beta_ci50_low,beta_ci50_high,beta_ci90_low,beta_ci90_high,beta_width50,beta_width90,gamma_mean,gamma_median,gamma_std,gamma_ci50_low,gamma_ci50_high,gamma_ci90_low,gamma_ci90_high,gamma_width50,gamma_width90,R0_mean,R0_median,R0_std,R0_ci50_low,R0_ci50_high,R0_ci90_low,R0_ci90_high,R0_width50,R0_width90,beta_covered50,beta_covered90,beta_err_mean,beta_err_median,beta_abs_err_median,beta_sq_err_median,gamma_covered50,gamma_covered90,gamma_err_mean,gamma_err_median,gamma_abs_err_median,gamma_sq_err_median,R0_covered50,R0_covered90,R0_err_mean,R0_err_median,R0_abs_err_median,R0_sq_err_median
0,0.10155303552756438,0.22364714789828816,0.4540770427072443,0.1072049143651905,0.22364714789828816,15,0.9246852378644143,mild,0.24468692245587326,0.2273481884852822,0.09514659240515422,0.1699595145609232,0.3052420687322413,0.1188126119562557,0.42752744435388557,0.1352825541713181,0.30871483239762987,0.32845838371247377,0.339387584577186,0.09459486115812407,0.2653327322015857,0.4036599873746855,0.15572857319510697,0.4618162729198491,0.1383272551730998,0.30608769972474215,0.7652665758816515,0.7715736879076474,0.22645557629128826,0.6088285492893903,0.9121459102773617,0.3843819442882726,1.1330456709274592,0.30331736098797135,0.7486637266391867,0.0,0.0,0.14313388692830886,0.12579515295771782,0.12579515295771782,0.01582442050765562,0.0,1.0,0.10481123581418561,0.11574043667889783,0.11574043667889783,0.013395848682621957,0.0,1.0,0.3111895331744072,0.31749664520040305,0.31749664520040305,0.10080411971351062
1,0.6802051249316726,0.14226911838938677,4.781115765896359,0.7027206158528589,0.14226911838938677,11,0.9589224887525355,mild,0.6852343661049113,0.6852669903890429,0.02238795371893489,0.6706713874346012,0.7003224313096336,0.647926889639541,0.7216172583026814,0.029651043875032368,0.07369036866314038,0.14260494243115232,0.14251462853184088,0.005835533296608513,0.1384306402400579,0.14639327613491598,0.13365788039993265,0.15277116041689637,0.007962635894858072,0.01911328001696372,4.812470677573274,4.811976205633479,0.23878436749896118,4.647590692538103,4.976793091454539,4.424146730903185,5.205865036440581,0.32920239891643543,0.781718305537396,1.0,1.0,0.005029241173238663,0.005061865457370307,0.005061865457370307,2.562248190851871e-05,1.0,1.0,0.0003358240417655478,0.0002455101424541084,0.0002455101424541084,6.02752300478366e-08,1.0,1.0,0.03135491167691562,0.03086043973712016,0.03086043973712016,0.000952366740768425
2,0.5055867592498005,0.1006554263807258,5.022945880110182,0.5659011015845684,0.1006554263807258,11,0.8633576084233624,mild,0.5570249981199028,0.5570145482887741,0.01715642022431501,0.5456477461722652,0.5683904900797785,0.528573750428284,0.5854390626978918,0.022742743907513296,0.05686531226960778,0.10192838321052589,0.1017034880089965,0.004428369290615934,0.09889886553121938,0.10488300561353975,0.09497710003116648,0.10935636849557297,0.005984140082320372,0.014379268464406486,5.47460425473483,5.460561035459669,0.28173915011567174,5.2827156092797205,5.656797276991411,5.033452711794817,5.9601588654083235,0.3740816677116907,0.9267061536135062,0.0,0.0,0.05143823887010235,0.051427789038973604,0.051427789038973604,0.0026448174854371734,1.0,1.0,0.0012729568298000815,0.0010480616282707023,0.0010480616282707023,1.0984331766534357e-06,0.0,0.0,0.45165837462464786,0.43761515534948714,0.43761515534948714,0.19150702419155577
3,0.12595679529130446,0.4580472037503408,0.2749864954092316,0.13292615464543783,0.4580472037503408,20,0.9126161517683362,mild,0.24837089794868097,0.22837127701067328,0.11214122268074526,0.15603393677510205,0.3197683261464713,0.10800844641712962,0.4662985983789789,0.16373438937136928,0.3582901519618493,0.33683641300963857,0.35747117360356795,0.11393069833254625,0.2545549099239095,0.4321469098577568,0.11922662500808733,0.4852626221149396,0.17759199993384728,0.36603599710685225,0.7735113360584812,0.7593976325141905,0.27585124178252685,0.5770925323322834,0.9425427572907892,0.3540887952644751,1.2665157024399107,0.36545022495850576,0.9124269071754356,0.0,1.0,0.12241410265737651,0.10241448171936882,0.10241448171936882,0.010488726065846929,0.0,1.0,-0.12121079074070223,-0.10057603014677285,0.10057603014677285,0.010115537840084562,0.0,0.0,0.4985248406492496,0.48441113710495887,0.48441113710495887,0.23465414975131926
4,0.7505245739086708,0.3380864936809888,2.2199188312350913,0.7978302058102752,0.3380864936809888,22,0.8941198991135657,mild,0.7951470849005722,0.7969464251765332,0.03551090962512178,0.7717759347519704,0.8206610949124136,0.7344109700622576,0.8501738918775675,0.0488851601604432,0.1157629218153099,0.3333818523634624,0.3323552290264378,0.015691259710482502,0.32254448926187124,0.3431347143388458,0.3098894140610711,0.36065089731114713,0.020590225076974555,0.05076148325007601,2.387037685055817,2.38431117648575,0.09124058543647173,2.324948599191515,2.4433714564033453,2.244587273844597,2.5453672579733984,0.11842285721183021,0.30077998412880147,0.0,1.0,0.0446225109919014,0.04642185126786247,0.04642185126786247,0.002154988275135544,1.0,1.0,-0.0047046413175264035,-0.005731264654550983,0.005731264654550983,3.2847394540505395e-05,0.0,0.0,0.16711885382072555,0.1643923452506586,0.1643923452506586,0.027024843177011735
5,0.16135454542873398,0.4381957165889852,0.36822483497728903,0.16158609909810862,0.4381957165889852,26,0.9970145731560056,mild,0.24862845627615113,0.23209526608446604,0.10508971250070845,0.16341720331515064,0.31697207222553814,0.11003237900642301,0.4455635723771858,0.1535548689103875,0.33553119337076276,0.34106992577247514,0.3570998036284817,0.10468415345769592,0.2723755621016556,0.4262796366539919,0.14126932771033168,0.4807232989910989,0.1539040745523363,0.3394539712807672,0.7550962557695788,0.7469110666294719,0.25113160171844306,0.5791907196895418,0.9217813326995603,0.35666905348047573,1.1755090473475653,0.3425906130100185,0.8188399938670896,0.0,1.0,0.08727391084741715,0.07074072065573206,0.07074072065573206,0.005004249558892317,0.0,1.0,-0.09712579081651007,-0.0810959129605035,0.0810959129605035,0.00657654709889756,0.0,1.0,0.3868714207922898,0.3786862316521829,0.3786862316521829,0.14340326204293075
6,0.8379712586714514,0.41858843962137937,2.0018977576863115,0.8472431619927892,0.41858843962137937,24,0.978954585755138,mild,0.8404378119655265,0.8468815805067591,0.0489594848359439,0.8114923307215931,0.8770237611436869,0.7481561896187147,0.907301180106147,0.06553143042209375,0.15914499048743236,0.42647530562036406,0.4269041403193393,0.02693386310629077,0.40783256658896444,0.4462730152637005,0.38119050752641886,0.46960721203634526,0.03844044867473606,0.08841670450992639,1.9726715764969198,1.9676895175568858,0.07743733804545838,1.9207012889696116,2.020324872289871,1.8559242792472779,2.109078469010732,0.09962358332025945,0.25315418976345394,1.0,1.0,0.00246655329407508,0.00891032183530771,0.00891032183530771,7.939383520876137e-05,1.0,1.0,0.007886865998984693,0.008315700697959949,0.008315700697959949,6.915087809805159e-05,1.0,1.0,-0.029226181189391687,-0.03420824012942569,0.03420824012942569,0.0011702036927524503
7,0.16957104096007242,0.059983752692886874,2.826949521285634,0.1793979112856613,0.059983752692886874,17,0.9170046219807712,mild,0.1868227901088071,0.18640399929148804,0.013716817446458798,0.1774699558672564,0.19550994015157977,0.16521329494607045,0.21003802643510458,0.01803998428432338,0.044824731489034125,0.0680937793776534,0.06435945749653658,0.013902944284680162,0.0584483684872134,0.07357763530607614,0.053991691218898075,0.09540814245275345,0.015129266818862737,0.04141645123385537,2.819969236816319,2.881726966734475,0.424428742648262,2.5760320412968793,3.1121539531325735,2.0353988842341897,3.418016341118878,0.5361219118356941,1.3826174568846885,0.0,1.0,0.017251749148734674,0.016832958331415626,0.016832958331415626,0.0002833484861871747,1.0,1.0,0.008110026684766528,0.00437570480364971,0.00437570480364971,1.9146792528683152e-05,1.0,1.0,-0.006980284469315201,0.054777445448841,0.054777445448841,0.0030005685299007516
8,0.8534170888890634,0.19285175782348601,4.425249209655542,0.9355674242729045,0.19285175782348601,17,0.866957525563947,mild,0.9590902143819915,0.9685046610189704,0.03323599976510803,0.9463948071756523,0.9818557110036319,0.8901015905085273,0.9922134773039138,0.03546090382797962,0.10211188679538652,0.20207275588719287,0.2017639872207758,0.011484166798158472,0.1951064366706518,0.20905927088703086,0.18374523987503505,0.22110947818781385,0.01395283421637905,0.0373642383127788,4.761948147507039,4.755010468611694,0.3262655271803853,4.550318674498825,4.940629572637791,4.2740959807716115,5.309529732968211,0.39031089813896624,1.0354337521965995,0.0,0.0,0.10567312549292807,0.11508757212990695,0.11508757212990695,0.013245149258756533,0.0,1.0,0.009220998063706853,0.008912229397289778,0.008912229397289778,7.942783282991613e-05,0.0,1.0,0.33669893785149707,0.32976125895615205,0.32976125895615205,0.10874248790834637
9,0.5839572516096636,0.16469046328761228,3.5457866834089344,0.6327956599466341,0.16469046328761228,24,0.8515792348503842,mild,0.6223028857640961,0.6221506178000102,0.0174438768053248,0.6109086068495608,0.6341425548986775,0.5935186460412525,0.6512103901387126,0.023233948049116715,0.05769174409746014,0.16396176939995682,0.1637541188077898,0.005894202361890703,0.16007354243500543,0.1676689837705152,0.154644596223093,0.17416490395699694,0.007595441335509767,0.019520307733903924,3.7996550119131727,3.798592136015582,0.15823576569080272,3.6899019396440558,3.9035046439498653,3.543038731925029,4.0646994076897345,0.21360270430580952,0.5216606757647053,0.0,0.0,0.038345634154432484,0.038193366190346634,0.038193366190346634,0.0014587332209499133,1.0,1.0,-0.0007286938876554516,-0.0009363444798224652,0.0009363444798224652,8.767409848940029e-07,0.0,1.0,0.25386832850423824,0.25280545260664766,0.25280545260664766,0.06391059686765198
10,0.3209302687656798,0.3359145197978184,0.9553926664403868,0.3281781436337952,0.3359145197978184,13,0.9701551560106864,mild,0.18366682558893557,0.16223321671015672,0.07705051945950624,0.12352936086637456,0.22111008774081625,0.10249901322448228,0.3443105977912167,0.09758072687444169,0.2418115845667344,0.2819042643268304,0.28542667511427167,0.12002339637217843,0.18248403801248173,0.38390471495457945,0.08606700186592994,0.46985585276265457,0.20142067694209773,0.38378885089672465,0.7395428368666805,0.6965798167957573,0.30890589917260247,0.5048329000333979,0.8999201637866376,0.3355564935473691,1.3522336697863457,0.39508726375323977,1.0166771762389766,0.0,1.0,-0.13726344317674424,-0.1586970520555231,0.1586970520555231,0.025184754331113404,1.0,1.0,-0.05401025547098798,-0.05048784468354672,0.05048784468354672,0.002549022460789937,0.0,1.0,-0.21584982957370624,-0.2588128496446295,0.2588128496446295,0.06698409114117358
11,0.1720438139622653,0.3303234269903075,0.5208344304544694,0.17463706958275602,0.3303234269903075,29,0.9646442868127743,mild,0.2995581348099455,0.29059791586007544,0.12457315077849675,0.19790529923969902,0.38435389983411333,0.12050520954275039,0.524970025223999,0.18644860059441432,0.40446481568124865,0.3746920958058032,0.39730379962904144,0.09665201263546015,0.31792198041181363,0.4511737905023995,0.17647054937207152,0.4897431080530723,0.13325181009058584,0.3132725586810008,0.8054380158947583,0.8038091035744096,0.24836495215647486,0.6358846078952142,0.9778778697585266,0.39045075593072015,1.1939810709426266,0.34199326186331247,0.8035303150119064,0.0,1.0,0.12751432084768016,0.11855410189781013,0.11855410189781013,0.014055075076796347,1.0,1.0,0.044368668815495726,0.06698037263873396,0.06698037263873396,0.004486370318823662,0.0,1.0,0.28460358544028885,0.2829746731199402,0.2829746731199402,0.08007466562733699
12,0.3628919977359385,0.2655753582641282,1.3664370072129355,0.3721072092399894,0.2655753582641282,24,0.9523751216190928,mild,0.4377815022954735,0.43761116177387877,0.03719885023469315,0.4114026369538089,0.4618706158302337,0.3791361255350267,0.5008071320888756,0.05046797887642479,0.12167100655384894,0.3045917327604881,0.30369012775393667,0.03097310178645703,0.28260511369358843,0.3247551013059962,0.2560457790913895,0.3571897613295467,0.04214998761240779,0.10114398223815724,1.4428007286678335,1.4386662505753893,0.09789771872562403,1.380202035547988,1.5031687208048317,1.2917203656165455,1.6088738925248085,0.12296668525684362,0.31715352690826304,0.0,0.0,0.07488950455953503,0.07471916403794027,0.07471916403794027,0.005582953474528626,0.0,1.0,0.03901637449635992,0.038114769489808464,0.038114769489808464,0.001452735653261234,0.0,1.0,0.076363721454898,0.07222924336245384,0.07222924336245384,0.005217063596712582
13,0.7103292731625506,0.3637089102960206,1.9530158680589311,0.7378858785067361,0.3637089102960206,20,0.9377577523687176,mild,0.7657216074472928,0.7669034573233777,0.03687496950742313,0.742016108583085,0.7917440673521892,0.7023791963418474,0.8235306325479413,0.049727958769104186,0.12115143620609392,0.37538453269336314,0.37462206371546924,0.018735160197040242,0.3624461145600551,0.3874510967734276,0.346380590929293,0.40761052380819085,0.025004982213372495,0.06122993287889783,2.0409639364637777,2.0384301783768697,0.06378761546093142,1.9957939678583032,2.0837624600568305,1.9397819427174425,2.1461150321113576,0.08796849219852731,0.20633308939391504,0.0,1.0,0.05539233428474222,0.05657418416082716,0.05657418416082716,0.0032006383134631864,1.0,1.0,0.011675622397342544,0.010913153419448651,0.010913153419448651,0.00011909691755642378,0.0,1.0,0.08794806840484659,0.08541431031793856,0.08541431031793856,0.007295604407089105
14,0.5149400259616583,0.3595226805779082,1.4322880134680998,0.5438592810924624,0.3595226805779082,16,0.9218027202121074,mild,0.6119397375202053,0.6158158558039595,0.06420853975507276,0.5710938180141776,0.6588394255517224,0.4960888065127158,0.7096444461442905,0.08774560753754479,0.21355563963157465,0.4124777707917948,0.41443464081437115,0.03632686907177782,0.3885768425103716,0.4380694625381645,0.34769689276290444,0.4701193448562488,0.049492620027792866,0.12242245209334435,1.4838980109790614,1.4898086579422705,0.09242060925480346,1.4292998388510012,1.542158934036674,1.327768939139133,1.6187177193621862,0.11285909518567272,0.29094878022305326,0.0,1.0,0.09699971155854692,0.10087582984230115,0.10087582984230115,0.010175933046372895,0.0,1.0,0.05295509021388661,0.05491196023646294,0.05491196023646294,0.0030153233770108872,1.0,1.0,0.051609997510961625,0.05752064447417071,0.05752064447417071,0.0033086245407239457
15,0.9211335443237749,0.4743571661758383,1.9418564954963118,0.9281961595183197,0.4743571661758383,27,0.9834587644701559,mild,0.9296330696549151,0.9387264926807062,0.039975711735513286,0.9149488209031492,0.9550158367738744,0.8551764728792156,0.9749758630677852,0.04006701587072514,0.11979939018856955,0.4765357429883428,0.4808600589558739,0.018294307101997,0.46682506260069284,0.4905729609171987,0.44080246809342366,0.49749096130580317,0.023747898316505867,0.05668849321237951,1.951157685962016,1.9490180485330697,0.05564370683091559,1.9208550908910313,1.9818227967486484,1.8712092261930213,2.0418823452632147,0.060967705857617016,0.17067311907019334,1.0,1.0,0.008499525331140179,0.01759294835693126,0.01759294835693126,0.0003095118318896503,1.0,1.0,0.0021785768125044958,0.0065028927800356295,0.0065028927800356295,4.228761450863952e-05,1.0,1.0,0.009301190465704323,0.007161553036757917,0.007161553036757917,5.1287841898296546e-05
16,0.9729121236964886,0.207329498590697,4.692588996306692,0.9901964846337973,0.207329498590697,27,0.9620532911670584,mild,0.9786681709889514,0.988184588601456,0.02943535508006762,0.9744389001107727,0.9949996288652005,0.9288973791710411,0.9987915447728817,0.020560728754427826,0.06989416560184059,0.2161785388999304,0.21640844665469644,0.014902457939857602,0.20788116033641063,0.2247757165313944,0.19353729343511986,0.23887605176878976,0.016894556194983756,0.045338758333669904,4.553470295359258,4.512711621489778,0.437498659178983,4.332145638747834,4.721148247348246,4.065420724323792,5.126754306031736,0.38900260860041236,1.0613335817079443,0.0,1.0,0.005756047292462818,0.015272464904967364,0.015272464904967364,0.0002332481842734598,0.0,1.0,0.008849040309233419,0.009078948063999448,0.009078948063999448,8.242729794879933e-05,1.0,1.0,-0.13911870094743417,-0.1798773748169138,0.1798773748169138,0.03235586997102449
17,0.47252123418641345,0.25738020890800306,1.8358879891783346,0.500787773273996,0.25738020890800306,15,0.9193655031529209,mild,0.5220050888047089,0.5218463001731668,0.014471018256996539,0.5127916742827995,0.5315038941643634,0.49869640625521094,0.545974979920939,0.018712219881563907,0.047278573665728074,0.27122002646712606,0.270734950175472,0.010287213887261632,0.2641778707634021,0.2782158384501527,0.25485923407533173,0.2886461106692007,0.014037967686750585,0.033786876593868975,1.926031277900794,1.9244937766096615,0.053240612266584844,1.8899088428557067,1.9619273268633048,1.8396569170220884,2.0154884591679143,0.07201848400759814,0.17583154214582586,0.0,0.0,0.04948385461829541,0.04932506598675335,0.04932506598675335,0.002432962134597572,0.0,1.0,0.013839817559123002,0.01335474126746894,0.01335474126746894,0.0001783491143210379,0.0,0.0,0.09014328872245936,0.08860578743132685,0.08860578743132685,0.007850985566325479
18,0.5140251822500237,0.19483762017075618,2.6382234693665976,0.522466707733389,0.19483762017075618,20,0.9730715681388034,mild,0.5210195765323349,0.5208410917024595,0.01208370469099762,0.5130242593666686,0.5287511415103854,0.5013042345300166,0.5411823023197451,0.01572688214371676,0.039878067789728466,0.2003154401131267,0.20024307049813256,0.00642680085081701,0.19596036669342723,0.20455235199716737,0.18993960281373093,0.21108980151678688,0.00859198530374014,0.021150198703055956,2.602802885674954,2.5991996241834396,0.07826867035573885,2.5502360033601286,2.652695650222371,2.4803663813585723,2.7370082127576243,0.10245964686224251,0.25664183139905195,1.0,1.0,0.006994394282311189,0.00681590945243582,0.00681590945243582,4.645662166380396e-05,0.0,1.0,0.005477819942370538,0.005405450327376382,0.005405450327376382,2.9218893241733435e-05,1.0,1.0,-0.03542058369164369,-0.039023845183157935,0.039023845183157935,0.0015228604928790787
19,0.5991914654354475,0.16081366793974655,3.7259983750880665,0.6314951545464212,0.16081366793974655,11,0.9344175711538807,mild,0.6284191127292277,0.6285956101727552,0.017227438890075265,0.6161762545332853,0.6401331415809667,0.6005415695745556,0.6572431165967887,0.023956887047681397,0.05670154702223307,0.16222258015933366,0.16202381921595102,0.005954077767648013,0.15805684525682384,0.1661624130430037,0.15285032325355938,0.17249568944570443,0.008105567786179851,0.019645366192145047,3.878405690455339,3.871112781968798,0.1639097471087612,3.7643313976238577,3.9855627027155545,3.6181083576512862,4.162985700010657,0.22123130509169675,0.5448773423593711,0.0,0.0,0.029227647293780135,0.02940414473730768,0.02940414473730768,0.000864603727732539,1.0,1.0,0.0014089122195871107,0.0012101512762044686,0.0012101512762044686,1.464466111299304e-06,0.0,1.0,0.15240731536727248,0.1451144068807313,0.1451144068807313,0.021058191084346433
20,0.1567776244375559,0.38423184018882467,0.40802871610148195,0.16097277954751602,0.38423184018882467,23,0.9517383884342249,mild,0.24513118094468286,0.2252275845063555,0.10425554794781297,0.16065742848743994,0.3107439098577799,0.1105940732470103,0.4443526699264192,0.15008648137033995,0.3337585966794089,0.3431190780520003,0.3625589223312645,0.10488066770070943,0.2704940960778517,0.4278721956290513,0.14339369229678794,0.47962299872773223,0.15737809955119964,0.3362293064309443,0.7405503681391484,0.7337538701713648,0.24894822305130163,0.559069725788651,0.9043186053536354,0.34891438913984746,1.136477612785048,0.3452488795649844,0.7875632236452006,0.0,1.0,0.08835355650712695,0.06844996006879958,0.06844996006879958,0.004685397033420257,1.0,1.0,-0.041112762136824355,-0.021672917857560148,0.021672917857560148,0.00046971536846054956,0.0,1.0,0.3325216520376665,0.3257251540698829,0.3257251540698829,0.10609687599384895
21,0.1750736973114138,0.4438634834821007,0.3944314047597787,0.17815523805765832,0.4438634834821007,25,0.9654061168243935,mild,0.1923678849246185,0.17245686194027188,0.08142367296611822,0.1281685932697538,0.23353626903838315,0.10232507819904461,0.35520727884657954,0.10536767576862935,0.2528822006475349,0.30573251413817776,0.3167784245690066,0.11154555357617935,0.2235270254913547,0.3967360210551668,0.10457086055882181,0.46965345431320854,0.1732089955638121,0.36508259375438673,0.6839731870147688,0.6462184687863053,0.26776824836952323,0.5002524860076792,0.8167772888761687,0.31889623549282314,1.1604413800702047,0.3165248028684895,0.8415451445773816,1.0,1.0,0.017294187613204698,-0.0026168353711419345,0.0026168353711419345,6.847827359659546e-06,0.0,1.0,-0.13813096934392294,-0.12708505891309407,0.12708505891309407,0.01615061219894459,0.0,1.0,0.2895417822549901,0.25178706402652656,0.25178706402652656,0.06339672561109819
22,0.2789960032896617,0.1606832776743221,1.7363101333739253,0.29474477266169335,0.1606832776743221,28,0.8785638932949252,mild,0.3230239517654983,0.32266626066920956,0.013101005426886587,0.31389730448307923,0.3318587874270994,0.30242591531658775,0.3449313710077019,0.01796148294402017,0.042505455691114136,0.17576426775735127,0.17515646857322978,0.012271997735550861,0.1672766008939798,0.18353090501822042,0.1572390204552317,0.1972842907572312,0.016254304124240615,0.0400452703019995,1.8436933648238756,1.8415469925287924,0.10386367684447592,1.7728014615506553,1.9139105371270653,1.6756457193276972,2.0131813055006313,0.14110907557640995,0.3375355861729341,0.0,0.0,0.04402794847583663,0.04367025737954788,0.04367025737954788,0.0019070913795959563,0.0,1.0,0.015080990083029155,0.014473190898907667,0.014473190898907667,0.00020947325479622373,0.0,1.0,0.10738323144995032,0.10523685915486714,0.10523685915486714,0.011074796524781343
23,0.6619935062812289,0.4154284939861013,1.5935197413381488,0.7179247228232679,0.4154284939861013,20,0.8701553362445221,mild,0.7341789069863869,0.7384265566522312,0.04831465856507679,0.7039398262173239,0.769355687152919,0.6490798488582552,0.80423302774918,0.06541586093559515,0.15515317889092484,0.4241061456200488,0.4249345361757716,0.02572350858509691,0.40657469309575023,0.4416156147633345,0.3818092332486165,0.46529150570456085,0.03504092166758427,0.08348227245594436,1.731720192893116,1.7298451521773472,0.06534494662809881,1.6915545000105108,1.7743095245835065,1.6295698558402738,1.8413359930332136,0.08275502457299577,0.2117661371929398,0.0,1.0,0.072185400705158,0.07643305037100234,0.07643305037100234,0.005842011189016181,1.0,1.0,0.008677651633947459,0.009506042189670272,0.009506042189670272,9.036483811179118e-05,0.0,0.0,0.1382004515549673,0.13632541083919847,0.13632541083919847,0.01858461764047625
24,0.10280912573004745,0.21212625450283645,0.4846600717624642,0.10813132191728994,0.21212625450283645,18,0.923094147050868,mild,0.2725862981895534,0.25533909033634605,0.11775524299081963,0.1752434223064021,0.3504338787051552,0.11411362365803297,0.4951135925648263,0.17519045639875308,0.38099996890679333,0.3600540949425284,0.383429847824338,0.1025571786072516,0.2969374239855238,0.4439152486465954,0.1518930902010863,0.48591916967117516,0.14697782466107157,0.3340260794700889,0.7702336403281314,0.7730108604697268,0.24608663840464184,0.5943211763670533,0.9354197319317485,0.3664010009211164,1.1649771579910622,0.34109855556469526,0.7985761570699458,0.0,0.0,0.1697771724595059,0.15252996460629858,0.15252996460629858,0.0232653901027987,0.0,1.0,0.14792784043969193,0.17130359332150152,0.17130359332150152,0.02934492108485838,0.0,1.0,0.2855735685656672,0.2883507887072626,0.2883507887072626,0.0831461773481004
25,0.24365647878779498,0.19959240411963353,1.2207702986620168,0.2566152138937585,0.19959240411963353,26,0.8947943717192547,mild,0.34784971805178927,0.34795035128543883,0.09085438665391274,0.28212469976972493,0.40942257982610136,0.2000939012586303,0.5064924738892745,0.12729788005637643,0.30639857263064424,0.33418381549772797,0.3408356707418457,0.07748396710251998,0.2836222499616336,0.3919496509794505,0.19185580158269114,0.4505192958700772,0.1083274010178169,0.2586634942873861,1.0599315523117665,1.0614069405831752,0.2187843744837577,0.9322925831074715,1.1915337973273292,0.6929694101238104,1.410842385655393,0.2592412142198577,0.7178729755315827,0.0,1.0,0.10419323926399429,0.10429387249764385,0.10429387249764385,0.010877211840554792,0.0,1.0,0.13459141137809444,0.14124326662221215,0.14124326662221215,0.019949660366113307,0.0,1.0,-0.1608387463502503,-0.1593633580788416,0.1593633580788416,0.025396679898165093
26,0.606420677608135,0.18970243365182204,3.196694243370401,0.6326913121966533,0.18970243365182204,21,0.9284102741838619,mild,0.6065840285998975,0.6063986697140572,0.016806824071142007,0.5955589211124896,0.6180449815943557,0.5788333977756173,0.634242881953555,0.022486060481866077,0.055409484177937784,0.1882877502324724,0.1880226624188593,0.0069434817405623905,0.18356420875824464,0.19302923355538662,0.17725484830416385,0.19957560376185227,0.00946502479714198,0.022320755457688413,3.2250397182977757,3.2205910274876457,0.12760476264976198,3.1391092333156645,3.304988660529186,3.024856450860402,3.4504833553939416,0.16587942721352134,0.42562690453353946,1.0,1.0,0.0001633509917624565,-2.2007894077802348e-05,2.2007894077802348e-05,4.843474017397676e-10,1.0,1.0,-0.0014146834193496383,-0.0016797712329627568,0.0016797712329627568,2.82163139508922e-06,1.0,1.0,0.028345474927374603,0.023896784117244607,0.023896784117244607,0.0005710562911461941
27,0.6359212116361127,0.06294407806763852,10.102955371794687,0.6467738586016709,0.06294407806763852,16,0.9753240259526637,mild,0.6160183389556728,0.6163116620397234,0.032551168107864015,0.5938409832462866,0.63664686191601,0.562418165140777,0.6699330300752147,0.04280587866972341,0.10751486493443763,0.06442371857467714,0.06399021563355303,0.003958190019292353,0.0616588940625863,0.0666672947854324,0.058619613022421524,0.0716480895265561,0.005008400722846099,0.013028476504134578,9.598851430617016,9.567384070711924,0.7924964352706654,9.037405261068276,10.137861665066826,8.332355089431822,10.891585525450996,1.1004564039985496,2.559230436019174,1.0,1.0,-0.019902872680439887,-0.019609549596389275,0.019609549596389275,0.0003845344353732508,1.0,1.0,0.0014796405070386237,0.0010461375659145122,0.0010461375659145122,1.0944038068175404e-06,1.0,1.0,-0.5041039411776715,-0.5355713010827632,0.5355713010827632,0.2868366185434838
28,0.25410724488655256,0.2606415848241881,0.9749297874242011,0.2616659200317749,0.2606415848241881,15,0.9587332299559436,mild,0.32768901668155975,0.3161313755084348,0.13768065825346923,0.21614558872162912,0.42468376034025856,0.12255768667129022,0.5621255581410102,0.20853817161862945,0.43956787146972,0.3732856011945391,0.4039083801218476,0.10537274907447271,0.3053508163887857,0.45907900387728523,0.1621537037823284,0.4946842110218118,0.15372818748849953,0.3325305072394834,0.8901490228858142,0.8911955139580201,0.2819985178748759,0.6923305197692547,1.0778784221381446,0.41671331511208093,1.3304196184061918,0.3855479023688898,0.9137063032941108,1.0,1.0,0.07358177179500719,0.06202413062188222,0.06202413062188222,0.003846992779400308,0.0,1.0,0.11264401637035099,0.1432667952976595,0.1432667952976595,0.020525374634861475,1.0,1.0,-0.0847807645383869,-0.08373427346618101,0.08373427346618101,0.007011428552909185
29,0.8595175148874137,0.18394589728249672,4.672664775813952,0.8730064303954558,0.18394589728249672,20,0.9742481554957698,mild,0.8423619233027173,0.8451941983230662,0.03558241750160039,0.8205732975231317,0.8666972699315643,0.780029931362554,0.8947268871809549,0.04612397240843258,0.11469695581840089,0.18690670258726966,0.1866340281713958,0.008416793448361914,0.18136153219084222,0.1925451630078467,0.17386211479902547,0.20083971074954204,0.011183630817004464,0.026977595950516575,4.51484283006859,4.50511167273952,0.2607824128890781,4.339358813478969,4.689476687764209,4.1029925837407735,4.958498662100997,0.35011787428523977,0.8555060783602233,1.0,1.0,-0.017155591584696372,-0.014323316564347488,0.014323316564347488,0.00020515739740251113,1.0,1.0,0.00296080530477294,0.0026881308888990763,0.0026881308888990763,7.226047675853338e-06,1.0,1.0,-0.15782194574536224,-0.1675531030744315,0.1675531030744315,0.028074042349871067
30,0.48924185546442944,0.1564199745393455,3.1277453976401635,0.5353380897348915,0.1564199745393455,12,0.8867016171787968,mild,0.5317641286545972,0.5318990256243777,0.012583121291873382,0.5232440518438037,0.5402823131049229,0.5110221299727905,0.5523933761964552,0.01703826126111918,0.041371246223664726,0.1605028422658429,0.16031915089496312,0.005489260150431773,0.15670013586217751,0.16411515749928324,0.15173929986297816,0.16970117433425283,0.007415021637105723,0.017961874471274675,3.31638455829523,3.3134979221367953,0.1229668197470163,3.232974900305793,3.392769938260846,3.125750347600234,3.527334190700322,0.1597950379550528,0.401583843100088,0.0,0.0,0.04252227319016777,0.0426571701599483,0.0426571701599483,0.0018196341660547835,0.0,1.0,0.004082867726497408,0.003899176355617623,0.003899176355617623,1.5203576252207527e-05,0.0,1.0,0.18863916065506636,0.18575252449663182,0.18575252449663182,0.0345040003568718
31,0.1923436585742881,0.3001080197898632,0.6409147569897262,0.19639607017870425,0.3001080197898632,28,0.953104833689937,mild,0.2306045979481503,0.20758008685184803,0.10079752263240858,0.15076389740759807,0.28993320177456394,0.10667028583605442,0.4344177968910607,0.13916930436696587,0.32774751105500627,0.33586542402630354,0.3537029458402809,0.10734983681602134,0.2611717579579249,0.4228269665108949,0.13323820259310257,0.4789418767656891,0.16165520855297,0.3457036741725865,0.7156704391230471,0.7067049921804732,0.2487129605422583,0.5290835389306574,0.8674693948109253,0.3513737381374187,1.1377323715191647,0.3383858558802679,0.786358633381746,1.0,1.0,0.03826093937386221,0.015236428277559944,0.015236428277559944,0.00023214874665722826,1.0,1.0,0.03575740423644036,0.05359492605041771,0.05359492605041771,0.0028724160983497433,1.0,1.0,0.07475568213332084,0.065790235190747,0.065790235190747,0.004328355046453805
32,0.7842236779144693,0.4227929412984518,1.8548646425032949,0.8194828438605872,0.4227929412984518,25,0.9139477630062103,mild,0.8306361937346091,0.8370317413984734,0.044092652539165826,0.8066176528554732,0.861773295625369,0.7490007869759207,0.8932601859436934,0.05515564276989582,0.14425939896777273,0.43723388315985495,0.43795075922231885,0.023414500460839597,0.42112145195434836,0.45396083429830936,0.3979745166905786,0.4742113425926004,0.032839382343961,0.0762368259020218,1.9006994706439504,1.8978379928090057,0.06082340857652883,1.8604392963353082,1.9364929982251513,1.8095350199920763,2.010042540402826,0.07605370188984306,0.2005075204107496,0.0,1.0,0.04641251582013972,0.05280806348400402,0.05280806348400402,0.0027886915689305986,1.0,1.0,0.014440941861403156,0.015157817923867056,0.015157817923867056,0.0002297594442131054,0.0,1.0,0.04583482814065554,0.04297335030571081,0.04297335030571081,0.0018467088364973354
33,0.20780375059392284,0.4008815707494104,0.5183669336693459,0.22940994122097044,0.4008815707494104,18,0.8528412819641322,mild,0.22947829937829817,0.20966701250268274,0.09949028355817156,0.1486976661554293,0.2892350717806632,0.10704391228364322,0.4275802865138725,0.14053740562523392,0.32053637423022924,0.3321249395821011,0.34709633623204916,0.10711868768077673,0.25628859176475205,0.4184757433700938,0.1339508061885477,0.4799015223698102,0.16218715160534175,0.3459507161812625,0.717497561077133,0.7113082729460727,0.23813985803484003,0.5491349577489919,0.8635079449718059,0.35394843585937,1.1003113599817487,0.31437298722281404,0.7463629241223786,1.0,1.0,0.02167454878437533,0.0018632619087599056,0.0018632619087599056,3.471744940635607e-06,1.0,1.0,-0.06875663116730929,-0.053785234517361225,0.053785234517361225,0.0028928514520875455,0.0,1.0,0.1991306274077871,0.19294133927672674,0.19294133927672674,0.037226360401896974
34,0.6262777856690493,0.24921974388286117,2.5129541340168213,0.64072804350668,0.24921974388286117,26,0.9530148490713231,mild,0.6537136111491688,0.653716142734726,0.01912549343768144,0.6408566447150605,0.6666300622765454,0.6225226651485046,0.6848760490794151,0.02577341756148488,0.0623533839309105,0.26906052202445685,0.268494644239029,0.009221624828370049,0.2625165454736296,0.27511997965071816,0.25485047617352047,0.28472223698309146,0.012603434177088535,0.02987176080957099,2.431007855121795,2.429695915885385,0.07023908869838422,2.382310735341087,2.478641788943376,2.31746136713872,2.547563169684011,0.096331053602289,0.230101802545291,0.0,1.0,0.02743582548011947,0.027438357065676655,0.027438357065676655,0.0007528634384635681,0.0,0.0,0.019840778141595683,0.019274900356167857,0.019274900356167857,0.0003715217837401998,0.0,1.0,-0.08194627889502648,-0.0832582181314363,0.0832582181314363,0.0069319308864218285
35,0.760216032644175,0.12133408800721257,6.265477782294657,0.7927158270156803,0.12133408800721257,17,0.937881759129902,mild,0.7561683617474295,0.7568004964765096,0.030428515140220967,0.7372313914080899,0.7774783338248822,0.7034495750112396,0.803975996797362,0.040246942416792275,0.10052642178612237,0.12493893532492721,0.12463376367226503,0.00559326241662499,0.12104788559977994,0.12867031668945833,0.11627792310805954,0.13471883279703706,0.007622431089678389,0.01844090968897752,6.064163891793398,6.062827557602236,0.36187215284487867,5.81277876413264,6.305576430046023,5.489196227780992,6.6677017507212275,0.4927976659133835,1.1785055229402355,1.0,1.0,-0.004047670896745514,-0.003415536167665434,0.003415536167665434,1.166588731263068e-05,1.0,1.0,0.0036048473177146406,0.0032996756650524595,0.0032996756650524595,1.088785949453939e-05,1.0,1.0,-0.20131389050125925,-0.20265022469242133,0.20265022469242133,0.04106711356788885
36,0.77257592792211,0.05109355052329082,15.120811139753028,0.7910165462627274,0.05109355052329082,13,0.9684965445639726,mild,0.7922366578396811,0.7993106371959258,0.07054417122091623,0.747877297927527,0.8453557747388881,0.6659064999055692,0.8964061783325673,0.09747847681136113,0.23049967842699814,0.05431412607506069,0.053473904679580256,0.0035391012459855286,0.05215067470945982,0.05546627172765511,0.051012088976970786,0.0604896198856594,0.003315597018195289,0.009477530908688615,14.64649035104238,14.736500914265052,1.6227589950452732,13.603249719458246,15.801236754682467,11.870915072850194,17.106424024976135,2.1979870352242212,5.235508952125942,1.0,1.0,0.019660729917571063,0.026734709273815715,0.026734709273815715,0.000714744679955448,0.0,1.0,0.003220575551769869,0.002380354156289434,0.002380354156289434,5.666085909364383e-06,1.0,1.0,-0.4743207887106493,-0.384310225487976,0.384310225487976,0.14769434941461895
37,0.8664004451485454,0.3431698063211541,2.5246989367640578,0.9199937248425982,0.3431698063211541,26,0.8786375786982901,mild,0.9180883517411271,0.9252309349577157,0.039831913846705806,0.8976197013269767,0.9465812384681251,0.8431511844020534,0.9677725427995938,0.04896153714114848,0.1246213583975404,0.35360324539743476,0.35162945621172037,0.020219986377018183,0.3395583111114287,0.3657765598851118,0.32383207059852226,0.39016408594070934,0.026218248773683117,0.06633201534218708,2.6011833676374136,2.5935539581485108,0.1289295685128954,2.51291682591022,2.682804775987899,2.406954813744619,2.8197871677534216,0.16988795007767887,0.4128323540088026,0.0,1.0,0.05168790659258171,0.05883048980917027,0.05883048980917027,0.0034610265311868873,1.0,1.0,0.010433439076280637,0.008459649890566245,0.008459649890566245,7.156567627095748e-05,1.0,1.0,0.07648443087335588,0.06885502138445299,0.06885502138445299,0.0047410139698534776
38,0.9114017093619062,0.3299705637902874,2.7620697400788363,0.9712534651045913,0.3299705637902874,26,0.8716183135739622,mild,0.9598699101068505,0.9686394898627997,0.03159225225873083,0.9477803324487628,0.9818605127915306,0.8981521615536606,0.9918825297457747,0.03408018034276783,0.09373036819211411,0.3548210264564582,0.35394193464484763,0.022075157536413377,0.3396980696903017,0.3675626101127514,0.32158437625636255,0.3946466267186486,0.02786454042244968,0.07306225046228604,2.713439492709376,2.6983601868133396,0.1592210975979564,2.612536695248602,2.8016156708080704,2.4761914221547063,2.9827913756631412,0.18907897555946818,0.5065999535084349,0.0,1.0,0.04846820074494429,0.057237780500893454,0.057237780500893454,0.003276163516668459,0.0,1.0,0.024850462666170803,0.023971370854560248,0.023971370854560248,0.0005746266206468605,1.0,1.0,-0.0486302473694602,-0.06370955326549677,0.06370955326549677,0.00405890717728917
39,0.14343049870801727,0.32778274487652315,0.43757794133442873,0.14664399547027124,0.32778274487652315,12,0.971166325631456,mild,0.2766988354592574,0.26455446470085037,0.12055877345346164,0.17945307018301784,0.35565180394533474,0.1104927827001784,0.4979605597319156,0.1761987337623169,0.3874677770317372,0.3693684651939473,0.3947627748262816,0.10203938894266085,0.31091433838162374,0.44927577128858115,0.16046376318564154,0.48830711250415004,0.1383614329069574,0.3278433493185085,0.7610683089642819,0.7613620614676926,0.25135506096320465,0.5790833184402499,0.9236165128283266,0.3519807293750694,1.1761040215264658,0.3445331943880767,0.8241232921513963,0.0,1.0,0.1332683367512401,0.1211239659928331,0.1211239659928331,0.014671015137832987,1.0,1.0,0.041585720317424135,0.06698002994975844,0.06698002994975844,0.004486324412070537,0.0,1.0,0.32349036762985317,0.32378412013326385,0.32378412013326385,0.10483615645047184
40,0.55673140852984,0.44014052401108633,1.2648946828531904,0.5836297066689945,0.44014052401108633,29,0.8902667800042104,mild,0.5231835355797352,0.5307353831019839,0.09981004300422983,0.45731313459137857,0.5998728336246356,0.34613750762313134,0.669385371969528,0.14255969903325705,0.32324786434639663,0.4223667417028176,0.4316331339025702,0.04946919673657291,0.39325196903866516,0.45960233359065944,0.33178845183210076,0.4870947793843614,0.06635036455199428,0.15530632755226065,1.2353036676907132,1.257436576830607,0.1652268421382059,1.1433485364120837,1.3482369312710902,0.9476575518297315,1.4494135900650897,0.20488839485900656,0.5017560382353582,1.0,1.0,-0.03354787295010486,-0.025996025427856173,0.025996025427856173,0.0006757933380457448,1.0,1.0,-0.017773782308268704,-0.008507390108516144,0.008507390108516144,7.237568645847833e-05,1.0,1.0,-0.029591015162477197,-0.007458106022583344,0.007458106022583344,5.562334544409395e-05
41,0.8792778963792941,0.34225882946052527,2.5690437198223,0.9643286359842775,0.34225882946052527,10,0.889753948457917,mild,0.9746535755741609,0.9825141576823782,0.02683013609483694,0.9677518887302206,0.9905006747939428,0.9252890979760491,0.9975862092636788,0.022748786063722215,0.07229711128762972,0.3669224047061423,0.3656336815300122,0.027468136375737636,0.3510628144857108,0.3819868320912195,0.3289785908897635,0.41043767642288836,0.03092401760550867,0.08145908553312486,2.671977486987981,2.6551684559808546,0.24444823755543124,2.5549769565110694,2.7604501269077097,2.4019048826979725,2.955803987749775,0.20547317039664037,0.5538991050518023,0.0,0.0,0.09537567919486678,0.10323626130308405,0.10323626130308405,0.01065772564783865,0.0,1.0,0.02466357524561702,0.023374852069486918,0.023374852069486918,0.0005463837092703969,1.0,1.0,0.10293376716568092,0.08612473615855443,0.08612473615855443,0.007417470178380612
42,0.18574610976353145,0.0927501104367397,2.002651089997567,0.19681568321567838,0.0927501104367397,19,0.9092849185717383,mild,0.19377196513190917,0.1934847778422145,0.015170637818114,0.18331462284933597,0.20386815180660484,0.16960520334430657,0.21898358002438026,0.020553528957268863,0.04937837668007369,0.09351662686772136,0.09094452203521064,0.01988610738696987,0.07912357860611953,0.10376270242737759,0.06612567370361934,0.1307929902202184,0.02463912382125806,0.06466731651659906,2.141538512315117,2.140201345222125,0.35563736135603813,1.900380742660364,2.409846391167413,1.5269321190311076,2.69477700283986,0.509465648507049,1.1678448838087525,1.0,1.0,0.008025855368377716,0.007738668078683036,0.007738668078683036,5.98869836320278e-05,1.0,1.0,0.0007665164309816619,-0.0018055884015290569,0.0018055884015290569,3.2601494757362545e-06,1.0,1.0,0.13888742231755025,0.137550255224558,0.137550255224558,0.018920072712341043
43,0.28785271358606046,0.47716886953080373,0.6032512428338078,0.3134876392801075,0.47716886953080373,21,0.8590115136601448,mild,0.24056774909662643,0.21845087834687474,0.10807649863162742,0.14995196393403215,0.30881983722659456,0.1067273906870884,0.4517736503442542,0.1588678732925624,0.3450462596571658,0.3385574533369665,0.3568589957051503,0.11149336464467163,0.26335594791620187,0.43179530432527735,0.12675379166410525,0.4836081754510494,0.16843935640907548,0.3568543837869441,0.7418064837511809,0.7297467294151669,0.26317425044324455,0.5547453337714731,0.9009777346984973,0.3420043739473798,1.1799108196414643,0.34623240092702423,0.8379064456940845,1.0,1.0,-0.047284964489434034,-0.06940183523918572,0.06940183523918572,0.004816614734567081,0.0,1.0,-0.1386114161938372,-0.12030987382565345,0.12030987382565345,0.014474465739944653,1.0,1.0,0.13855524091737303,0.12649548658135912,0.12649548658135912,0.016001108125454806
44,0.274164970009573,0.11647969287646093,2.3537576657276564,0.29367988031650855,0.11647969287646093,15,0.9050720013043565,mild,0.28588167676996173,0.2854529253281479,0.010322486402883635,0.27878522436163033,0.29251082229508857,0.2696781946508067,0.3031239604477886,0.013725597933458233,0.033445765796981886,0.1198156956298973,0.11916873635531924,0.007715747080773719,0.11433780397592186,0.12461073237065909,0.10815804019368613,0.13372848203667617,0.01027292839473723,0.025570441842990038,2.3939236581495855,2.386912863537757,0.1484863086935451,2.2922999364665166,2.4924124318393597,2.1603573433451544,2.642137183775013,0.20011249537284304,0.48177984042985855,0.0,1.0,0.011716706760388718,0.011287955318574905,0.011287955318574905,0.00012741793527414348,1.0,1.0,0.0033360027534363734,0.002689043478858316,0.002689043478858316,7.230954831190436e-06,1.0,1.0,0.040165992421929086,0.03315519781010057,0.03315519781010057,0.0010992671418268974
45,0.12664315689771996,0.12235043294778084,1.0350854823028806,0.13110704260519304,0.12235043294778084,23,0.9369488103035616,mild,0.25894321100956885,0.24595995075262356,0.10538164928117523,0.17468068814948426,0.3285713441983736,0.11373439338543402,0.45721178213473407,0.15389065604888932,0.34347738874930006,0.3332975355114624,0.34951775686588127,0.10677430674963329,0.2581084619395163,0.42047007355952426,0.13390290696943188,0.48112623632003826,0.16236161162000795,0.3472233293506064,0.8112817447809652,0.8046402528612817,0.26608488696660715,0.6257797517454128,0.9767916862398924,0.38294106812837303,1.2457510612002045,0.35101193449447965,0.8628099930718315,0.0,1.0,0.1323000541118489,0.1193167938549036,0.1193167938549036,0.01423649729581356,0.0,0.0,0.21094710256368157,0.22716732391810043,0.22716732391810043,0.051604993056111166,0.0,1.0,-0.2238037375219154,-0.23044522944159884,0.23044522944159884,0.053105003772391135
46,0.11478391815823687,0.41442723395756353,0.2769700172985989,0.11876042872473612,0.41442723395756353,30,0.9162913394385757,mild,0.2509564777280721,0.23531287509931095,0.10628763475414059,0.16376446488172075,0.3151748196325532,0.11185977118117896,0.4625406347958092,0.15141035475083248,0.35068086361463024,0.3404710911970425,0.3614793501172109,0.10676369392827778,0.2673529075335665,0.42786088431372077,0.13493227838704275,0.4823344385874576,0.16050797678015427,0.34740216020041487,0.7668362382271501,0.7554018632473908,0.2589447120617527,0.58953520933783,0.9235506825264859,0.36113689276873373,1.2126898491763967,0.3340154731886559,0.8515529564076629,0.0,1.0,0.13617255956983526,0.12052895694107409,0.12052895694107409,0.014527229461303292,1.0,1.0,-0.07395614276052104,-0.05294788384035265,0.05294788384035265,0.0028034784031714774,0.0,0.0,0.4898662209285512,0.4784318459487919,0.4784318459487919,0.22889703121796853
47,0.3503759137070124,0.22158415319886565,1.581231819373652,0.3665851768632655,0.22158415319886565,24,0.9149674840030468,mild,0.36902167002753017,0.3685974891153901,0.019290520335999647,0.35557761261330223,0.3824483447264654,0.3368853887446624,0.40114888443411084,0.026870732113163154,0.06426349568944845,0.22219303798274376,0.22132712295011817,0.018343696108967415,0.20991317025461448,0.23405775283324654,0.19226172860844998,0.2533834745335893,0.024144582578632057,0.061121745925139304,1.6671452790166552,1.6637124445543874,0.09950119157707374,1.5978642937099818,1.731056266047192,1.5111742600849605,1.8399610722690733,0.13319197233721014,0.3287868121841129,0.0,1.0,0.018645756320517792,0.01822157540837771,0.01822157540837771,0.00033202581036319534,1.0,1.0,0.0006088847838781053,-0.00025703024874748626,0.00025703024874748626,6.606454877119466e-08,0.0,1.0,0.08591345964300312,0.08248062518073529,0.08248062518073529,0.006803053530204944
48,0.8523137168936327,0.06688136793657784,12.743664539006788,0.8762505405645131,0.06688136793657784,30,0.93170667930356,mild,0.8885880001592834,0.8980917645890434,0.059527613142268745,0.8576376707016848,0.9330585861644969,0.7764945948984368,0.9655565230529425,0.07542091546281204,0.18906192815450573,0.0649377560385476,0.06450398383360761,0.004456791819316279,0.06179856650286962,0.06759876349508813,0.05867234170244307,0.07278136036166395,0.005800196992218509,0.01410901865922088,13.756241936765255,13.777944051725314,1.4077399369091783,12.809507172882356,14.756544300696323,11.42597190644779,16.019484836897515,1.9470371278139673,4.593512930449725,0.0,1.0,0.03627428326565074,0.04577804769541072,0.04577804769541072,0.0020956296508032983,1.0,1.0,-0.0019436118980302453,-0.002377384102970226,0.002377384102970226,5.651955173055545e-06,0.0,1.0,1.0125773977584664,1.0342795127185251,1.0342795127185251,1.06973411042927
49,0.6596824012633528,0.10524850580090409,6.267855265434904,0.6913104053926079,0.10524850580090409,26,0.9046858332302108,mild,0.6663155991748141,0.6668617393925735,0.023976120977483868,0.6508582881131184,0.6820769950105017,0.6261626847656798,0.7064371080245743,0.031218706897383264,0.08027442325889445,0.10719619517362977,0.1070297365794728,0.004714710102861365,0.10401993750558651,0.11046555304060549,0.09946478964876843,0.11528627249031977,0.006445615535018975,0.01582148284155134,6.227105703493687,6.211746883391808,0.34128623030387345,5.9908670104854975,6.454734598938797,5.692152599938249,6.800329279409474,0.4638675884532999,1.1081766794712244,1.0,1.0,0.00663319791146133,0.00717933812922078,0.00717933812922078,5.154289597368334e-05,1.0,1.0,0.001947689372725686,0.0017812307785687181,0.0017812307785687181,3.172783086520522e-06,1.0,1.0,-0.04074956194121704,-0.05610838204309587,0.05610838204309587,0.0031481505354940035
50,0.649224541747502,0.3180913953279194,2.04100001220787,0.6857817294788836,0.3180913953279194,23,0.9012827363448456,mild,0.6661766155830808,0.6658221561955315,0.023280323641050527,0.6505826150994258,0.6825396832579156,0.6295166344267615,0.7040157349427375,0.031957068158489754,0.07449910051597597,0.31019056990545485,0.30936905784119384,0.012843577733678264,0.30123350227288237,0.31866546815449304,0.2901633531287704,0.3320685821336058,0.017431965881610667,0.0419052290048354,2.1491443506448507,2.1465383987508666,0.06534625182904971,2.10452357398024,2.191511241485456,2.045570409485615,2.262300356355457,0.0869876675052157,0.21672994686984204,0.0,1.0,0.01695207383557884,0.01659761444802954,0.01659761444802954,0.00027548080536543893,1.0,1.0,-0.007900825422464564,-0.008722337486725573,0.008722337486725573,7.607917123233819e-05,0.0,0.0,0.10814433843698046,0.10553838654299641,0.10553838654299641,0.011138351034098926
51,0.5477729319966707,0.40181838715064866,1.3632351069870308,0.5612442193992201,0.40181838715064866,21,0.9586163085733603,mild,0.49672170338912075,0.49868717480382213,0.06623214342901036,0.45438390344423324,0.5425385336796095,0.38588237823626936,0.5988239932631475,0.08815463023537623,0.21294161502687814,0.3695226661156336,0.3711100151549139,0.04540283907440568,0.34070407797563246,0.400687121877802,0.2930916561219366,0.44173456860418814,0.05998304390216952,0.14864291248225153,1.3481610152792989,1.3480890681239859,0.1240525172335041,1.2751093640844156,1.4204598510642272,1.157622239340314,1.5473650494222875,0.14535048697981168,0.38974281008197353,0.0,1.0,-0.0510512286075499,-0.04908575719284852,0.04908575719284852,0.0024094115591952805,0.0,1.0,-0.032295721035015046,-0.030708371995734784,0.030708371995734784,0.0009430041106284284,1.0,1.0,-0.015074091707731885,-0.015146038863044886,0.015146038863044886,0.00022940249324086603
52,0.3026821477409711,0.47034949492066447,0.6435260396995336,0.3070232271311938,0.47034949492066447,28,0.9678653318336151,mild,0.2017351000725808,0.1776806129519032,0.09072651331664477,0.12839512854008295,0.25465866935172954,0.1021526477275479,0.3794195672503118,0.1262635408116466,0.2772669195227639,0.3107808120819445,0.3253970451911171,0.12301128540696132,0.2114976764648948,0.416641666106147,0.09060742333651824,0.4810286870476197,0.2051439896412522,0.3904212637111015,0.7195263330878364,0.6747779594761989,0.3006693613577548,0.5032169131041261,0.8736793842544803,0.32400746147237913,1.3018207456355808,0.37046247115035424,0.9778132841632017,0.0,1.0,-0.10094704766839027,-0.12500153478906786,0.12500153478906786,0.015625383699622544,0.0,1.0,-0.15956868283871994,-0.14495244972954735,0.14495244972954735,0.021011212682596953,1.0,1.0,0.07600029338830283,0.031251919776665305,0.031251919776665305,0.000976682489727124
53,0.6039710564592711,0.4032595724892013,1.4977228010512869,0.6633760478139018,0.4032595724892013,17,0.8643189440512004,mild,0.7199687702076768,0.7232217764879472,0.04436470140644793,0.6929136467329015,0.7523519677652196,0.6414199631896939,0.7864642541646801,0.059438321032318164,0.14504429097498628,0.41993656379014943,0.42032480089648083,0.024935771167573333,0.40318901829437986,0.4369989233495357,0.37876308325275443,0.4606038702965725,0.03380990505515585,0.08184078704381809,1.715187442865214,1.71256550269224,0.05881462939862,1.6765062207037134,1.7511739816514544,1.62309083924035,1.8145526858766705,0.07466776094774108,0.1914618466363205,0.0,0.0,0.11599771374840573,0.1192507200286761,0.1192507200286761,0.01422073422735769,1.0,1.0,0.01667699130094813,0.01706522840727953,0.01706522840727953,0.00029122202059262027,0.0,0.0,0.21746464181392722,0.2148427016409531,0.2148427016409531,0.04615738644838359
54,0.3381045425935247,0.4724225761794501,0.7156824411903113,0.35981283329634595,0.4724225761794501,27,0.868843098568379,mild,0.2519419593850234,0.23299779399735043,0.11259449043972544,0.15861000586931245,0.32550276757896357,0.1081223153080055,0.4695481547593393,0.16689276170965112,0.3614258394513338,0.3586647758095903,0.38427513267166036,0.10641559779035044,0.2891147234651645,0.44572856068802447,0.14815579853346847,0.4891738867891637,0.15661383722286,0.34101808825569524,0.7206670293106264,0.7083976685127569,0.24964314886406866,0.5423990340574967,0.88041061892767,0.34338819679764054,1.1125147689509942,0.33801158487017335,0.7691265721533537,0.0,1.0,-0.08616258320850129,-0.10510674859617425,0.10510674859617425,0.011047428600459378,0.0,1.0,-0.11375780036985983,-0.08814744350778975,0.08814744350778975,0.0077699717969589846,1.0,1.0,0.004984588120315103,-0.007284772677554452,0.007284772677554452,5.306791296364386e-05
55,0.30298301087175217,0.4392748005284302,0.6897345591126001,0.32037170029763407,0.4392748005284302,24,0.8956219062844855,mild,0.25205420904614106,0.2346369538365476,0.10711391329067568,0.1665159318031712,0.3202134243103715,0.11132377268008249,0.455000341425322,0.15369749250720027,0.3436765687452395,0.3389357368979578,0.35663854429557446,0.10390888024757888,0.26663197165228697,0.4232055890704281,0.14175029879116313,0.47601306513437974,0.15657361741814113,0.3342627663432166,0.7674383219192479,0.7592481926295189,0.25095323034947065,0.5896845813847245,0.9326827065860457,0.36751668974509977,1.1782715862533268,0.3429981252013212,0.8107548965082271,1.0,1.0,-0.0509288018256111,-0.06834605703520458,0.06834605703520458,0.004671183512259437,0.0,1.0,-0.1003390636304724,-0.08263625623285575,0.08263625623285575,0.006828750844182192,1.0,1.0,0.07770376280664781,0.06951363351691886,0.06951363351691886,0.004832145244724505
56,0.6875086779525565,0.4678511251009968,1.4695030984571031,0.6974059677524869,0.4678511251009968,30,0.9645210599795055,mild,0.6292238927875358,0.6379757720724264,0.07346100308615068,0.5825023428940347,0.684217228187617,0.4958760593424763,0.7340834065647707,0.1017148852935823,0.23820734722229436,0.42453004160401275,0.4280219887923675,0.03896008934192082,0.3984423220023509,0.4539084359340532,0.35544843248384517,0.48164574002130567,0.05546611393170231,0.1261973075374605,1.4816770643480894,1.4895893577149006,0.10411261694705284,1.4244174073939195,1.548362879755928,1.2993702561727658,1.634601038518111,0.12394547236200837,0.3352307823453451,0.0,1.0,-0.05828478516502078,-0.04953290588013015,0.04953290588013015,0.0024535087649298322,0.0,1.0,-0.04332108349698405,-0.039829136308629276,0.039829136308629276,0.001586360099091371,1.0,1.0,0.012173965890986294,0.0200862592577975,0.0200862592577975,0.0004034578109714558
57,0.8334798737542799,0.4529826178605309,1.8399820233519435,0.886873519010525,0.4529826178605309,16,0.9114641886693092,mild,0.8817524087252214,0.8888697462248655,0.043044697058902084,0.8591756458384608,0.9118378135793807,0.8008356296481347,0.9396735694043015,0.05266216774091981,0.13883793975616676,0.4466736425654218,0.4474233009275771,0.02269195736444047,0.4316534692701358,0.4627133849413857,0.40779849566044774,0.4826746771339193,0.031059915671249883,0.07487618147347158,1.975215485515894,1.9720409168475865,0.06443719107424598,1.9326599979178078,2.014616588923478,1.8819066621913307,2.0842131597561555,0.08195659100567032,0.20230649756482477,0.0,1.0,0.04827253497094153,0.05538987247058558,0.05538987247058558,0.003068037972307734,1.0,1.0,-0.006308975295109098,-0.005559316932953806,0.005559316932953806,3.090600476102691e-05,0.0,0.0,0.1352334621639506,0.13205889349564304,0.13205889349564304,0.017439551351293592
58,0.8893623369380096,0.18379133842038564,4.838978509987084,0.9624290416441336,0.18379133842038564,24,0.8540018145903175,mild,0.9400219936534754,0.9481162322702918,0.03637138785913726,0.9232293338777884,0.9650063680058585,0.8690971050975494,0.9820538599029793,0.0417770341280701,0.11295675480542988,0.18954981433095047,0.1893484921510646,0.009701591457731142,0.1828316096697511,0.19570045152205787,0.17414944446409214,0.206141212981235,0.012868841852306773,0.03199176851714286,4.971974268464722,4.959331492249775,0.31751894377801604,4.769421223155456,5.171840708188733,4.476605675617286,5.48346415295132,0.40241948503327674,1.0068584773340339,0.0,1.0,0.050659656715465795,0.05875389533228226,0.05875389533228226,0.0034520202167167787,1.0,1.0,0.005758475910564831,0.005557153730678971,0.005557153730678971,3.0881957586399204e-05,1.0,1.0,0.13299575847763823,0.1203529822626912,0.1203529822626912,0.014484840339523663
59,0.6770186199235947,0.13649481425855584,4.960031804879778,0.7243710469351519,0.13649481425855584,24,0.8742876871971911,mild,0.7080729923954336,0.7081087089566045,0.025709529884033747,0.6910944555851808,0.7256916202347328,0.6657147684501177,0.750807688287813,0.03459716464955198,0.08509291983769529,0.13226512164255638,0.13211145379052047,0.005773002773868109,0.1282344802767799,0.13589900276150918,0.12330279666591569,0.14239274632889415,0.007664522484729291,0.01908994966297846,5.3627571119890165,5.360876448118298,0.2892811720877295,5.161906048027758,5.547857348390033,4.901797663549066,5.855512451505511,0.385951300362275,0.9537147879564456,0.0,1.0,0.031054372471838954,0.031090089033009805,0.031090089033009805,0.0009665936360804766,0.0,1.0,-0.004229692615999453,-0.004383360468035363,0.004383360468035363,1.9213848992735198e-05,0.0,1.0,0.4027253071092387,0.4008446432385204,0.4008446432385204,0.1606764280130167
60,0.4708697643610773,0.2483737348535992,1.895811425626891,0.5035926476536244,0.2483737348535992,15,0.9071730368780858,mild,0.5256695667184963,0.5254923205599681,0.015130856198926375,0.5156565630489389,0.5360916021596012,0.5015285498807123,0.5508112483565277,0.020435039110662245,0.049282698475815456,0.2621865963298564,0.26159047359202625,0.01058718336232317,0.2550300196503068,0.2689274703694161,0.24537860545324555,0.28046388481823714,0.013897450719109306,0.03508527936499159,2.0066190131429362,2.0064252161989673,0.059484772872986834,1.9658166242187995,2.0451282514800386,1.912725730813692,2.1052237026513563,0.07931162726123908,0.19249797183766426,0.0,0.0,0.05479980235741899,0.05462255619889078,0.05462255619889078,0.0029836236457009817,0.0,1.0,0.01381286147625721,0.013216738738427047,0.013216738738427047,0.00017468218287983818,0.0,0.0,0.11080758751604525,0.11061379057207632,0.11061379057207632,0.01223541066472316
61,0.5791325189626151,0.14356624961516665,4.033904350883275,0.6011078822951196,0.14356624961516665,10,0.9543023723782345,mild,0.6066767789394883,0.6065581066636279,0.014900023024677864,0.5964735168136012,0.6174008119218497,0.5822399615325466,0.6312451563465191,0.020927295108248534,0.049005194813972475,0.15065822642754664,0.15055747060604635,0.00539412570353006,0.1470144869173573,0.15429177713305342,0.14194121989928762,0.15953658551256572,0.0072772902156961194,0.017595365613278097,4.031560070811388,4.0287499000038025,0.16490496054386022,3.915855117338104,4.137991007497269,3.776316030294348,4.317279394998109,0.2221358901591648,0.540963364703761,0.0,0.0,0.027544259976873264,0.027425587701012777,0.027425587701012777,0.0007521628607459433,0.0,1.0,0.0070919768123799964,0.006991220990879704,0.006991220990879704,4.887717094331699e-05,1.0,1.0,-0.0023442800718873613,-0.0051544508794725274,0.0051544508794725274,2.656836386889511e-05
62,0.38140334424902933,0.4730704426441736,0.8062294953732865,0.38747507425811556,0.4730704426441736,29,0.9626905032554333,mild,0.2860752722981426,0.2687534234275165,0.12297735997946707,0.1808562781839249,0.3704347860281714,0.11927588203746513,0.5137990694039425,0.1895785078442465,0.39452318736647735,0.36624548104418236,0.3923052334827951,0.10354094316901323,0.30271985268093776,0.4493816177241903,0.15710761287160221,0.48878030563494546,0.1466617650432525,0.3316726927633432,0.7968303016964448,0.8005320521907894,0.26032591385603937,0.6132510960433352,0.9678062047312286,0.3658661562044728,1.222206035497778,0.3545551086878934,0.8563398792933051,0.0,1.0,-0.09532807195088672,-0.11264992082151282,0.11264992082151282,0.012690004661093107,0.0,1.0,-0.10682496159999122,-0.08076520916137847,0.08076520916137847,0.006523019010881213,1.0,1.0,-0.009399193676841722,-0.005697443182497097,0.005697443182497097,3.2460858817782655e-05
63,0.5994214000882413,0.3551571107261141,1.687764040153193,0.6002747433458488,0.3551571107261141,26,0.9970383587298046,mild,0.635965066721087,0.6376032815345833,0.03439632211333816,0.6124722236263824,0.6592552682190393,0.5778962153435213,0.6909043787825649,0.04678304459265692,0.11300816343904363,0.3785326747298665,0.3781924152125016,0.022014036845119416,0.36376748457999264,0.3927994450759375,0.34359451147719233,0.4150850742282252,0.029031960495944864,0.07149056275103288,1.6814687265477626,1.6790121433655507,0.05889644171495294,1.6407881515029685,1.717246322256635,1.5913163964276478,1.782304393545574,0.07645817075366645,0.19098799711792624,0.0,1.0,0.036543666632845695,0.03818188144634205,0.03818188144634205,0.0014578560707825192,0.0,1.0,0.023375564003752403,0.023035304486387465,0.023035304486387465,0.0005306252527805824,1.0,1.0,-0.006295313605430453,-0.008751896787642321,0.008751896787642321,7.659569738154399e-05
64,0.6083331162211956,0.09811552230209974,6.200172021182593,0.638221171280795,0.09811552230209974,18,0.9268277391411107,mild,0.6210813470280955,0.6206705200752605,0.021112645300598157,0.6068272786990585,0.6352180072059999,0.5868108902803915,0.6563933428363562,0.028390728506941354,0.06958245255596474,0.09862192644021221,0.09840837198989669,0.0044839722935761704,0.09550005229099329,0.10158432022345534,0.09166876424822697,0.10633253863866705,0.006084267932462056,0.014663774390440087,6.309959306866007,6.296252936014549,0.34820577757007987,6.066873444863845,6.521962326324727,5.77368159129493,6.901655772618295,0.455088881460882,1.1279741813233652,1.0,1.0,0.012748230806899907,0.012337403854064899,0.012337403854064899,0.00015221153385829543,1.0,1.0,0.0005064041381124679,0.0002928496877969422,0.0002928496877969422,8.576093964276652e-08,1.0,1.0,0.10978728568341456,0.09608091483195658,0.09608091483195658,0.009231542194945694
65,0.8249097436238314,0.4053999886317049,2.0348045553924274,0.8953589286868843,0.4053999886317049,22,0.8594953239942307,mild,0.9534459716845876,0.9617266837838072,0.03247443666609236,0.9406445440058626,0.9755881786385219,0.8928556336700373,0.9873755118985983,0.03494363463265926,0.094519878228561,0.43339930440527535,0.4336612511558445,0.02343660130039298,0.41717018721730725,0.4493234360586649,0.3955082027630554,0.4721042987865826,0.03215324884135767,0.07659609602352718,2.2038172684756026,2.1976171641874878,0.09530326728440915,2.1430358883641984,2.2587568533487588,2.0639074805128974,2.3552894984832444,0.1157209649845603,0.291382017970347,0.0,0.0,0.12853622806075615,0.1368169401599758,0.1368169401599758,0.018718875114738402,0.0,1.0,0.027999315773570455,0.028261262524139574,0.028261262524139574,0.0007986989594583359,0.0,0.0,0.16901271308317511,0.16281260879506032,0.16281260879506032,0.026507945582653354
66,0.8864643389226989,0.35519074676733114,2.495741645835668,0.8907797699001242,0.35519074676733114,27,0.9894683601861475,mild,0.9189437214784706,0.9275102182868855,0.03958324879390749,0.8989138034942311,0.9471220933937692,0.8429755771948866,0.9682104577835591,0.04820828989953807,0.1252348805886725,0.35587295582663225,0.3540341372704293,0.020670896200558158,0.3421575703463279,0.36719689837490266,0.32526637878361386,0.3929358646894832,0.02503932802857478,0.06766948590586935,2.5872000046118053,2.5830237073536906,0.1290538014397959,2.502588325639825,2.6592108523067295,2.390897740339184,2.805804704716578,0.15662252666690435,0.41490696437739416,0.0,1.0,0.03247938255577165,0.04104587936418658,0.04104587936418658,0.0016847642127793576,1.0,1.0,0.0006822090593011088,-0.0011566094969018281,0.0011566094969018281,1.3377455283235e-06,0.0,1.0,0.0914583587761375,0.08728206151802276,0.08728206151802276,0.007618158262835909
67,0.9872526871749301,0.48826737069958037,2.021950976901063,0.9919490230907532,0.48826737069958037,23,0.9912324946542743,mild,0.9687020970106681,0.9740848795020798,0.02982091482189726,0.961476986755857,0.9846481497841526,0.9254112211592493,0.9965244812086507,0.023171163028295583,0.07111326004940133,0.4882741110557863,0.49350194952459003,0.02494291127574232,0.4853144439266341,0.49781888856625256,0.4650800735444898,0.4997343189887882,0.012504444639618473,0.03465424544429835,2.017826472225997,1.978410344581696,0.7720697299496421,1.9561623819593947,2.00084853386548,1.9177610621591226,2.0508550654072137,0.04468615190608505,0.13309400324809117,0.0,1.0,-0.01855059016426197,-0.013167807672850307,0.013167807672850307,0.0001733911589091754,1.0,1.0,6.740356205903186e-06,0.005234578825009661,0.005234578825009661,2.740081547523953e-05,0.0,1.0,-0.0041245046750661984,-0.043540632319367,0.043540632319367,0.0018957866627703063
68,0.1257664596154778,0.44529276185776645,0.2824354455948907,0.12666839003877123,0.44529276185776645,13,0.9903778291018822,mild,0.2807988009129158,0.2643909687117644,0.11587252984494467,0.1903854800570674,0.3596386775700816,0.11909041492124312,0.49560312385892263,0.1692531975130142,0.3765127089376795,0.3491655918646064,0.3689887772176308,0.10504924120466562,0.27915115613336317,0.4366608968560505,0.1445356524284103,0.4826059311802567,0.1575097407226873,0.33807027875184636,0.8288460061521601,0.8222741039971265,0.2667053278328889,0.6424363037856149,1.0070431838870564,0.3993535032735967,1.2515390838381097,0.3646068801014415,0.8521855805645131,0.0,1.0,0.155032341297438,0.13862450909628657,0.13862450909628657,0.01921675452218644,0.0,1.0,-0.09612716999316007,-0.07630398464013566,0.07630398464013566,0.005822298071962059,0.0,0.0,0.5464105605572693,0.5398386584022359,0.5398386584022359,0.2914257771055259
69,0.1294289926161953,0.3181096904280224,0.4068690659566084,0.13452845352549656,0.3181096904280224,21,0.934644502697063,mild,0.2502747532368263,0.2363122260728692,0.10038407497004058,0.16794928951439286,0.3204735893040854,0.1128205195929303,0.430117225287142,0.15252429978969256,0.31729670569421176,0.3408263257127119,0.359994035873981,0.09971537259484733,0.27863974816963055,0.4154284144909134,0.1458237223464831,0.4745939699591267,0.13678866632128284,0.3287702476126436,0.7585127612850249,0.7627713366619349,0.24424612224719444,0.5941802378191826,0.9081127605366066,0.36346264462977895,1.129543192106649,0.313932522717424,0.76608054747687,0.0,1.0,0.12084576062063099,0.10688323345667389,0.10688323345667389,0.011424025594153852,1.0,1.0,0.02271663528468948,0.04188434544595859,0.04188434544595859,0.0017542983934363922,0.0,1.0,0.3516436953284165,0.3559022707053265,0.3559022707053265,0.12666642629320748
70,0.6061051993767494,0.2635722333935869,2.299579100472489,0.6845142339705432,0.2635722333935869,11,0.8531449043180852,mild,0.6499291418999901,0.6504972893527068,0.020739320817111082,0.6363188061496348,0.6638837583720187,0.6147703316916335,0.6832898434786095,0.027564952222383976,0.06851951178697602,0.271481567449292,0.2714670103935504,0.01030364520069794,0.264218632113236,0.2782050635639751,0.25520563070955027,0.2892041438275959,0.013986431450739134,0.03399851311804564,2.395775354757351,2.390959408650575,0.07812423735832064,2.3412140300988247,2.447261948637344,2.272560760764991,2.527503001313569,0.10604791853851925,0.25494224054857817,0.0,0.0,0.04382394252324062,0.04439208997595734,0.04439208997595734,0.001970657652433492,0.0,1.0,0.007909334055705153,0.007894776999963549,0.007894776999963549,6.232750387915345e-05,0.0,1.0,0.096196254284862,0.09138030817808618,0.09138030817808618,0.008350360722722003
71,0.8805344428852312,0.23151971485652084,3.803280612326785,0.8847086143191784,0.23151971485652084,19,0.9923901107529476,mild,0.8665188608026714,0.8705325922783207,0.03803349652246731,0.8432520317350359,0.8939008295951656,0.7946640256690232,0.9232070561244312,0.05064879786012966,0.12854303045540805,0.22903470732632192,0.22799024765636025,0.011159634854956378,0.2213545847250752,0.2359863086473526,0.21251477427054716,0.24967259619317247,0.014631723922277406,0.03715782192262532,3.790390870470424,3.7837502156776375,0.21932278010572503,3.636301999557301,3.9276767759221025,3.4425471657446494,4.165499181767968,0.2913747763648016,0.7229520160233189,1.0,1.0,-0.014015582082559819,-0.0100018506069105,0.0100018506069105,0.00010003701556295594,1.0,1.0,-0.002485007530198924,-0.003529467200160591,0.003529467200160591,1.2457138717009441e-05,1.0,1.0,-0.012889741856360715,-0.019530396649147352,0.019530396649147352,0.00038143639327302615
72,0.5923659803893551,0.32137828234295857,1.843204761911112,0.6696675196780307,0.32137828234295857,11,0.852009340997705,mild,0.7129082840309753,0.7138253509054628,0.030127994486396907,0.6934399891424824,0.7326890501846377,0.6611068242308674,0.7626003243590707,0.03924906104215531,0.10149350012820324,0.3571410707344381,0.35641606226803774,0.01650565958606768,0.3458520006038871,0.3675917970261411,0.3317128131247294,0.3859713157797167,0.021739796422253987,0.05425850265498733,1.9974044094074517,1.9962425021813945,0.060924589742013854,1.9544775340474585,2.037360296362466,1.9010663016302058,2.100525027690063,0.08288276231500769,0.19945872605985704,0.0,0.0,0.12054230364162022,0.12145937051610778,0.12145937051610778,0.014752378686169151,0.0,0.0,0.03576278839147956,0.03503777992507917,0.03503777992507917,0.001227646022078281,0.0,0.0,0.15419964749633963,0.1530377402702825,0.1530377402702825,0.023420549947034446
73,0.523397820901077,0.26863003686550435,1.9483964898650847,0.5687406449082459,0.26863003686550435,22,0.85763400363747,mild,0.5693437901966117,0.5693563330652115,0.016191169431259003,0.5581484051764003,0.580429119232852,0.5425787858532409,0.5955608265869814,0.02228071405645171,0.052982040733740465,0.27945556901210805,0.2789424822517409,0.010731048194523649,0.27228589884556953,0.2862444258079249,0.2627777335503731,0.2977426476689899,0.013958526962355389,0.0349649141186168,2.0388631895997107,2.036214082695178,0.059307450793355906,1.9980884109802453,2.077614215354319,1.9426896595231684,2.1389690785250495,0.07952580437407364,0.19627941900188106,0.0,0.0,0.04594596929553474,0.04595851216413449,0.04595851216413449,0.002112184840340898,0.0,1.0,0.0108255321466037,0.010312445386236546,0.010312445386236546,0.00010634652984411143,0.0,1.0,0.09046669973462595,0.08781759283009327,0.08781759283009327,0.007711929610472049
74,0.5635561849909991,0.4363672353982305,1.2914722721486993,0.5847160602736274,0.4363672353982305,27,0.9213298009058412,mild,0.5010575412355208,0.5040363389601024,0.06894735834408455,0.45407152919759586,0.5506108597335928,0.3843640944095252,0.6102902647072008,0.09653933053599695,0.22592617029767564,0.3823316907154557,0.38377867520484976,0.04550626307450414,0.3528514061684636,0.41395229570996234,0.3058145933561197,0.45452640454319465,0.061100889541498726,0.14871181118707494,1.3122004554196738,1.3145321505581697,0.1114851423067682,1.2464488128692786,1.3789844502074728,1.1274123490716867,1.4851705626047635,0.1325356373381943,0.3577582135330768,0.0,1.0,-0.06249864375547831,-0.05951984603089677,0.05951984603089677,0.003542612071541658,0.0,1.0,-0.05403554468277483,-0.05258856019338076,0.05258856019338076,0.0027655566632128316,1.0,1.0,0.020728183270974476,0.023059878409470436,0.023059878409470436,0.0005317579922595608
75,0.26682838174677415,0.27923587468053424,0.95556626472886,0.2848962751842022,0.27923587468053424,19,0.8977109701068818,mild,0.2918642959192018,0.27791895157875646,0.1185619410930907,0.19789783103063743,0.3757306148706555,0.12123751686398566,0.5061806836675707,0.17783278384001808,0.3849431668035851,0.35493617260661164,0.37516032124439147,0.09788994205364375,0.2933537418522454,0.43108200041587963,0.16206294891818873,0.48191172211893335,0.13772825856363424,0.3198487732007446,0.8369922341428688,0.8449009714723574,0.25910492659987466,0.6608559992217311,1.011075289910046,0.3930979775360041,1.2340621758650827,0.3502192906883148,0.8409641983290785,1.0,1.0,0.025035914172427676,0.011090569831982311,0.011090569831982311,0.00012300073919807616,0.0,1.0,0.07570029792607741,0.09592444656385724,0.09592444656385724,0.009201499448582302,1.0,1.0,-0.11857403058599114,-0.11066529325650254,0.11066529325650254,0.012246807131547707
76,0.28303497549817136,0.23827790770803425,1.1878355749412517,0.2910670741412154,0.23827790770803425,28,0.9372832887500518,mild,0.390238470033865,0.39083583139656847,0.0874937710025028,0.33105644490366193,0.4511977547899121,0.24516645672029946,0.5324421890380691,0.12014130988625016,0.2872757323177696,0.33979710027662946,0.3450480906335156,0.06674786316937731,0.29674647424011713,0.3871536988817975,0.2235397395645381,0.44275597478502254,0.09040722464168038,0.21921623522048445,1.162063415438329,1.1681239693075804,0.20520293217623384,1.0477634306073045,1.2858651033080144,0.8072139693880273,1.4634281264884264,0.23810167270070992,0.6562141571003991,0.0,1.0,0.10720349453569367,0.10780085589839711,0.10780085589839711,0.011621024532426978,0.0,1.0,0.1015191925685952,0.10677018292548135,0.10677018292548135,0.01139987196194075,1.0,1.0,-0.025772159502922776,-0.019711605633671248,0.019711605633671248,0.00038854739665738006
77,0.3062937242490689,0.32390739907295046,0.9456212643666266,0.3469391732156997,0.32390739907295046,10,0.8535570061536383,mild,0.23575014073675127,0.21568494662501353,0.10223461812832177,0.1526015620522259,0.29735687389767207,0.10793503950698945,0.43592375733366173,0.14475531184544618,0.32798871782667227,0.33107105006557913,0.347639884119346,0.10996454111659344,0.25527360487680156,0.42028551969566647,0.11843711728518119,0.47938518819531745,0.1650119148188649,0.36094807091013625,0.7490278087518193,0.7312286590529842,0.2644808138942962,0.5588898396997374,0.9093022143319696,0.3517787309553555,1.190922098189613,0.3504123746322322,0.8391433672342574,0.0,1.0,-0.07054358351231765,-0.09060877762405539,0.09060877762405539,0.008209950582525521,1.0,1.0,0.007163650992628667,0.023732485046395524,0.023732485046395524,0.0005632308464773872,0.0,1.0,-0.19659345561480734,-0.21439260531364246,0.21439260531364246,0.045964189213171275
78,0.7110877018781123,0.22376731073997402,3.1777997399469253,0.7178743763100741,0.22376731073997402,10,0.9881826914013044,mild,0.7164976426435017,0.7165625886183276,0.022599080239929896,0.7010482662444996,0.7318174261970442,0.6792403155718203,0.7531028476944934,0.03076915995254459,0.07386253212267313,0.23204902900148133,0.2317588829271989,0.008312656026053869,0.22647253517542681,0.23719301915733443,0.21882130348697656,0.24656866668749286,0.010720483981907614,0.027747363200516295,3.0903242772193797,3.0816728968369747,0.11688311618210934,3.010363707762414,3.1589575294916523,2.912983575297463,3.300173739341505,0.1485938217292384,0.38719016404404183,1.0,1.0,0.005409940765389365,0.005474886740215235,0.005474886740215235,2.9974384818184596e-05,0.0,1.0,0.00828171826150731,0.007991572187224877,0.007991572187224877,6.38652260236262e-05,0.0,1.0,-0.08747546272754558,-0.09612684310995068,0.09612684310995068,0.009240369966285073
79,0.6414869805005269,0.10153158111683366,6.3181029335331615,0.6733022117302918,0.10153158111683366,19,0.9237862460775319,mild,0.648937355356836,0.6489268367125836,0.023700029389926627,0.6322029874971806,0.665451068899572,0.6097899722349408,0.6873901482747837,0.03324808140239133,0.07760017603984293,0.0993630050537402,0.09912887288533004,0.004462320253235823,0.09623197762215094,0.10212200484887239,0.09249518152793686,0.10717013175641939,0.005890027226721453,0.01467495022848253,6.543789580097778,6.522627884622106,0.37424131208070327,6.294509682187061,6.786612208750868,5.9675969871718975,7.175051028633055,0.4921025265638068,1.2074540414611574,1.0,1.0,0.007450374856309172,0.0074398562120566725,0.0074398562120566725,5.535146045607826e-05,1.0,1.0,-0.0021685760630934664,-0.0024027082315036252,0.0024027082315036252,5.773006845735279e-06,1.0,1.0,0.22568664656461657,0.20452495108894464,0.20452495108894464,0.0418304556179352
80,0.2101281100719226,0.45986860752439884,0.4569307550761095,0.22689764636162313,0.45986860752439884,23,0.8631334554115007,mild,0.2482152378267974,0.23550359813319627,0.09513500571534593,0.17162419936066517,0.3091382931143182,0.11571095925499619,0.42717585904997285,0.137514093753653,0.31146489979497666,0.3358360312178467,0.3504037280642731,0.09499627006204164,0.27614661996512546,0.409812204040354,0.15055727588429682,0.465649125541661,0.13366558407522855,0.31509184965736414,0.760404264992218,0.7605596316963924,0.22882377262352127,0.6088325838445687,0.9059579266448667,0.3823146307584791,1.1210924318792026,0.297125342800298,0.7387778011207236,1.0,1.0,0.0380871277548748,0.025375488061273654,0.025375488061273654,0.0006439153943478418,0.0,1.0,-0.12403257630655212,-0.10946487946012573,0.10946487946012573,0.011982559835219855,0.0,1.0,0.30347350991610855,0.30362887662028293,0.30362887662028293,0.092190494717695
81,0.8134501009037612,0.09950357316671202,8.175084321252227,0.8204705473381261,0.09950357316671202,21,0.9852472242549668,mild,0.8027524533578931,0.8047411167034516,0.03998875210718464,0.7771393984909076,0.8311512538263828,0.7333583300486117,0.8658694838309471,0.054011855335475145,0.13251115378233536,0.10189211978662145,0.10162092270223058,0.005171267678498275,0.09829707599375456,0.10519317116813104,0.09388292808903044,0.11097509420646899,0.0068960951743764765,0.01709216611743855,7.898684836309231,7.895065183477051,0.562472897261269,7.509821017841886,8.267275249605202,6.979933645178645,8.841799825162916,0.7574542317633162,1.861866179984271,1.0,1.0,-0.010697647545868105,-0.008708984200309633,0.008708984200309633,7.584640580124282e-05,1.0,1.0,0.0023885466199094346,0.0021173495355185645,0.0021173495355185645,4.4831690555606805e-06,1.0,1.0,-0.2763994849429956,-0.2800191377751755,0.2800191377751755,0.07841071752035272
82,0.5974759079419419,0.13636145819082277,4.381559979402982,0.6332763819737002,0.13636145819082277,24,0.8912843311302456,mild,0.6273815927980168,0.6266798980849966,0.018903079543572593,0.6147524642058858,0.6400473089567484,0.5964923020445105,0.6592923476153972,0.025294844750862633,0.0628000455708867,0.1356997123571316,0.13547098007229105,0.005295795755625498,0.1317905239727979,0.13902023827695803,0.12772788304297886,0.14515872325888055,0.00722971430416014,0.01743084021590169,4.629608797997905,4.624108392159732,0.21316839054149458,4.481973470100966,4.772483667690775,4.289268963462341,4.990264669860607,0.2905101975898088,0.7009957063982659,0.0,1.0,0.02990568485607481,0.029203990143054637,0.029203990143054637,0.0008528730402756324,1.0,1.0,-0.000661745833691163,-0.0008904781185317123,0.0008904781185317123,7.929512795837783e-07,0.0,1.0,0.24804881859492323,0.24254841275674988,0.24254841275674988,0.058829732530818704
83,0.7849824141855362,0.1412050734064184,5.55916579517075,0.8593013851581311,0.1412050734064184,14,0.8798782420227355,mild,0.8453902677251097,0.8479922691186448,0.03613540699477709,0.822191292745554,0.8705570415289637,0.7822404997714755,0.9017806227048611,0.04836574878340971,0.11954012293338567,0.14924281464693356,0.149137702944583,0.006576034917585729,0.14460860667835435,0.15347857627553785,0.13880395120377495,0.16000430332292329,0.008869969597183502,0.021200352119148336,5.675073839844447,5.668097189705058,0.3421680022173916,5.4398174351506725,5.892969404456915,5.1391356366732035,6.270802608845129,0.45315196930624246,1.1316669721719252,0.0,1.0,0.060407853539573564,0.06300985493310862,0.06300985493310862,0.003970241818691393,0.0,1.0,0.00803774124051515,0.007932629538164593,0.007932629538164593,6.29266113897614e-05,1.0,1.0,0.11590804467369686,0.10893139453430845,0.10893139453430845,0.011866048715189164
84,0.4091220268123351,0.055505929929279274,7.370780515408031,0.44954433657504866,0.055505929929279274,17,0.8637599922857117,mild,0.4251451907647642,0.42433949818936084,0.020950033421196737,0.4113649103549096,0.43869067900468245,0.39088341333970894,0.4599573506088229,0.027325768649772875,0.06907393726911398,0.05828202438528404,0.05761362954063963,0.0038129516640565504,0.055630797835209446,0.059995802322063724,0.053535878328915314,0.06529093577223587,0.004365004486854278,0.011755057443320553,7.3236123424919,7.330139198294505,0.5769789573591527,6.938168842458409,7.707498869958841,6.33546499773397,8.24257961754051,0.7693300275004322,1.9071146198065403,0.0,1.0,0.016023163952429087,0.015217471377025726,0.015217471377025726,0.00023157143511059726,0.0,1.0,0.0027760944560047685,0.0021076996113603558,0.0021076996113603558,4.442397651728595e-06,1.0,1.0,-0.0471681729161304,-0.04064131711352559,0.04064131711352559,0.001651716656722148
85,0.6581397253678043,0.17428165326640152,3.776299530288437,0.7143363867574999,0.17428165326640152,19,0.8731133145177958,mild,0.701052287192743,0.7014466705527296,0.02185545927037838,0.6870862862943529,0.7161792060577097,0.663819695410076,0.7366677906398356,0.029092919763356817,0.07284809522975955,0.1810688389135123,0.18093248075214677,0.006870070201897408,0.17612227530877345,0.1856692703811549,0.17023903386903766,0.192620406265505,0.009546995072381464,0.02238137239646734,3.8763871437410966,3.8736149764907477,0.1708394628773232,3.760012303896276,3.9849847212933867,3.595946750988122,4.16331274922462,0.22497241739711082,0.5673659982364976,0.0,0.0,0.042912561824938744,0.04330694518492528,0.04330694518492528,0.0018754915012501232,0.0,1.0,0.006787185647110783,0.006650827485745248,0.006650827485745248,4.423350624514445e-05,1.0,1.0,0.1000876134526596,0.0973154462023107,0.0973154462023107,0.009470296069554827
86,0.779225739542027,0.4483810529851864,1.7378650019981354,0.8690733990200169,0.4483810529851864,10,0.8707708986673279,mild,0.834717273037903,0.8430317144324317,0.050364972846924386,0.8071739196580202,0.8711383183929918,0.7379367487545855,0.9012021273767374,0.06396439873497162,0.16326537862215196,0.4429213969193594,0.444336807616912,0.025381510104473884,0.42526445371618343,0.46157891714161803,0.39995338416803633,0.481504408396787,0.036314463425434595,0.08155102422875066,1.885360388465601,1.8827775839444896,0.06808965169745572,1.8440428944234295,1.927850345801247,1.7771583666449415,2.0010551806342964,0.08380745137781753,0.2238968139893549,0.0,1.0,0.05549153349587599,0.06380597489040474,0.06380597489040474,0.00407120243171496,1.0,1.0,-0.00545965606582699,-0.004044245368274357,0.004044245368274357,1.6355920598808592e-05,0.0,0.0,0.14749538646746552,0.14491258194635415,0.14491258194635415,0.020999656406358806
87,0.5624409956517761,0.21036228398451168,2.6736779283742083,0.5705802308191714,0.21036228398451168,26,0.9702815852772726,mild,0.5812655690509255,0.5813818939892379,0.014289524542737986,0.5713525494785827,0.5909373177514103,0.557918005119323,0.6051779992867661,0.019584768272827624,0.04725999416744309,0.22038664530761273,0.22025349161078184,0.007483036395319023,0.21540441780122677,0.22489289070796512,0.2082789300501172,0.2335014666765087,0.009488472906738349,0.025222536626391512,2.639471536535134,2.635761269039671,0.08206054747107404,2.5824329002777047,2.6945157809527824,2.5070901647839943,2.7789231518015427,0.11208288067507777,0.27183298701754843,0.0,1.0,0.018824573399149447,0.01894089833746182,0.01894089833746182,0.00035875762983006394,0.0,1.0,0.010024361323101055,0.00989120762627016,0.00989120762627016,9.783598830598497e-05,1.0,1.0,-0.03420639183907426,-0.03791665933453725,0.03791665933453725,0.0014376730550913507
88,0.4833796815766401,0.4142692931728993,1.1668247913680074,0.5181957138752972,0.4142692931728993,11,0.9138627787740178,mild,0.35871389787715563,0.35570979767262384,0.11848827796102263,0.27073921240557897,0.4466568181794177,0.168624512118724,0.5577916142301166,0.17591760577383875,0.3891671021113926,0.36930473597950364,0.3845378866005875,0.0850522702544564,0.3190886362371253,0.43649605028016225,0.20351484610016088,0.47903479957927725,0.11740741404303695,0.2755199534791164,0.9763804934380683,0.9916877031815405,0.23316164524380648,0.8279377932052834,1.140054265454884,0.5600688794125749,1.3292979132908154,0.3121164722496006,0.7692290338782405,0.0,1.0,-0.12466578369948444,-0.12766988390401623,0.12766988390401623,0.016299599256064983,1.0,1.0,-0.04496455719339565,-0.02973140657231177,0.02973140657231177,0.0008839565367681035,0.0,1.0,-0.1904442979299391,-0.1751370881864669,0.1751370881864669,0.030672999658434282
89,0.1263207023819732,0.4806739074481146,0.2627991668043863,0.13244453848117588,0.4806739074481146,19,0.9254242182276333,mild,0.25807850588355996,0.2402416212892893,0.11130726842665073,0.1658131653524172,0.32850192780118337,0.11294856613177771,0.47461127698792105,0.16268876244876618,0.3616627108561433,0.3448296369085067,0.36556616216284255,0.10710836380950402,0.2748189267044602,0.4334089481170456,0.13894254377187445,0.482617465264005,0.15859002141258544,0.3436749214921305,0.7737898498356823,0.7670298192394653,0.2590222366196761,0.5833638918201355,0.9428034359767826,0.3692737169693411,1.1849450973472775,0.35943954415664714,0.8156713803779364,0.0,1.0,0.13175780350158675,0.1139209189073161,0.1139209189073161,0.01297797576468729,0.0,1.0,-0.1358442705396079,-0.11510774528527207,0.11510774528527207,0.013249793024659074,0.0,0.0,0.510990683031296,0.504230652435079,0.504230652435079,0.25424855085510545
90,0.6239489722467838,0.4348396418851103,1.4348944119764462,0.6544375707033828,0.4348396418851103,14,0.9352951640770669,mild,0.623056135717293,0.6275973239962043,0.06561992486436784,0.5804869367359041,0.6722482165196835,0.5081497591486525,0.7204493275583406,0.09176127978377935,0.2122995684096881,0.41487290232211593,0.41700371784794527,0.03738602525595074,0.3906001778690862,0.442390175477249,0.34922258531345923,0.47205137958226756,0.05178999760816283,0.12282879426880833,1.5022730592103735,1.506672661066371,0.09306317871845154,1.4509979914129563,1.557839710323374,1.3429981939743116,1.647747284875982,0.10684171891041783,0.30474909090167035,1.0,1.0,-0.0008928365294907925,0.0036483517494204643,0.0036483517494204643,1.3310470487499362e-05,1.0,1.0,-0.019966739562994384,-0.017835924037165052,0.017835924037165052,0.0003181201862595221,0.0,1.0,0.06737864723392728,0.0717782490899248,0.0717782490899248,0.005152117042415291
91,0.6568272538929265,0.36923548537642314,1.7788844244569648,0.6682937839823501,0.36923548537642314,23,0.9682260773789046,mild,0.6548560467243707,0.6551299246074146,0.030306048257157023,0.6353849500269932,0.6750304125897848,0.6031019973532237,0.703906691860694,0.039645462562791556,0.10080469450747032,0.3711910832528865,0.3706598753228906,0.019089012750016128,0.3577453366337667,0.383795048326668,0.34129900116207984,0.40368835783024554,0.026049711692901323,0.062389356668165696,1.7654717921780525,1.7641992204650325,0.05482197207499966,1.7275511145755127,1.8003876791146165,1.6799101291921474,1.8583740541933151,0.07283656453910381,0.1784639250011677,1.0,1.0,-0.001971207168555811,-0.001697329285511917,0.001697329285511917,2.880926703456395e-06,1.0,1.0,0.0019555978764633775,0.0014243899464674303,0.0014243899464674303,2.028886719597489e-06,1.0,1.0,-0.013412632278912318,-0.014685203991932294,0.014685203991932294,0.00021565521628466418
92,0.7494400896015775,0.2709415973209887,2.7660576929193494,0.7629461989059253,0.2709415973209887,10,0.977871786169661,mild,0.7411123887321487,0.7417690994563723,0.026529722023605776,0.7231579304853238,0.7592162406741134,0.6975430875277091,0.7852169818012463,0.03605831018878958,0.08767389427353722,0.2633408388673831,0.262916773820983,0.010250170931262518,0.2563802818868003,0.2697490035600866,0.24719184257838547,0.28073181725333013,0.013368721673286288,0.033539974674944656,2.816694701830086,2.81071132557554,0.10940031676806324,2.7425630040113407,2.8853162327741058,2.644863939914941,3.0027254331227007,0.14275322876276508,0.35786149320775973,1.0,1.0,-0.0083277008694288,-0.007670990145205225,0.007670990145205225,5.884408980783568e-05,0.0,1.0,-0.007600758453605638,-0.008024823500005718,0.008024823500005718,6.439779220624402e-05,1.0,1.0,0.050637008910736636,0.04465363265619038,0.04465363265619038,0.001993946909393992
93,0.7010582454529797,0.3459207868584881,2.026643879425997,0.7670129264033169,0.3459207868584881,13,0.8837986373344129,mild,0.7774824054129222,0.7777790805507803,0.03410929641340935,0.754708631491328,0.8014854672945554,0.7196899248162894,0.8304387781866489,0.046776835803227335,0.11074885337035956,0.36059874244276974,0.3597818548019356,0.016590250971697813,0.3489000804680207,0.37182944324996814,0.3355595631810666,0.3882514077061718,0.02292936278194746,0.05269184452510517,2.15741960176243,2.151684410968371,0.07076416122393356,2.107981979983472,2.2042520001527093,2.0499962647056558,2.2826621757890115,0.09627002016923747,0.23266591108335577,0.0,0.0,0.07642415995994256,0.07672083509780059,0.07672083509780059,0.005886086538103911,0.0,1.0,0.014677955584281643,0.013861067943447491,0.013861067943447491,0.00019212920453286767,0.0,0.0,0.1307757223364332,0.12504053154237393,0.12504053154237393,0.01563513452839941
94,0.45203150167220296,0.4631297511753505,0.9760364142554394,0.4750211810770093,0.4631297511753505,21,0.9165566087089432,mild,0.3317892479175736,0.3259435727566933,0.12553060290658458,0.23366730147737308,0.42637848832595304,0.13795981776910074,0.550027170378031,0.19271118684857996,0.41206735260893024,0.37561289048577906,0.39583014351965595,0.09045286783392864,0.32539282794407126,0.4470124550513538,0.1933667431394023,0.4852146637511795,0.12161962710728252,0.2918479206117772,0.8865861728886767,0.9082442831143359,0.24583462766639064,0.715907262596835,1.0602378950529263,0.45441666120315094,1.263915404794843,0.3443306324560913,0.8094987435916922,0.0,1.0,-0.12024225375462938,-0.12608792891550968,0.12608792891550968,0.015898165818202623,0.0,1.0,-0.08751686068957143,-0.06729960765569454,0.06729960765569454,0.004529237190610419,1.0,1.0,-0.08945024136676272,-0.0677921311411035,0.0677921311411035,0.004595773044652574
95,0.09759844474864174,0.32873743127760063,0.2968887490826234,0.10194981716603352,0.32873743127760063,26,0.9110801818493126,mild,0.21589233800266294,0.19663112698102775,0.0918404591725939,0.14075979501899977,0.2699208478618547,0.10696507106200508,0.4008804142558566,0.12916105284285495,0.2939153431938515,0.3231711156021844,0.3363756259385421,0.10927872918906376,0.2492016862210522,0.4118457917464101,0.12136568556276794,0.47641376779655636,0.1626441055253579,0.3550480822337884,0.70834477235427,0.6871766910569727,0.2553992868489068,0.5261286022276747,0.8622784512955743,0.33199133910841094,1.1423295435126555,0.3361498490678997,0.8103382044042445,0.0,0.0,0.1182938932540212,0.09903268223238601,0.09903268223238601,0.009807472150140743,1.0,1.0,-0.005566315675416211,0.007638194660941455,0.007638194660941455,5.8342017678434554e-05,0.0,0.0,0.41145602327164654,0.39028794197434924,0.39028794197434924,0.152324677650573
96,0.9023339585390198,0.4978258473713995,1.8125494353165632,0.9485838787520428,0.4978258473713995,20,0.9187386565577641,mild,0.9108195260252892,0.9204610289946689,0.043375666463660686,0.8939076197453714,0.9385915982368175,0.831473266151985,0.9608582643195005,0.04468397849144612,0.12938499816751547,0.476969608829987,0.48194878078743997,0.018738140900616835,0.46757808837124115,0.49096430155083615,0.439088810744516,0.4982433439996219,0.023386213179594995,0.05915453325510589,1.9097100667948184,1.9072209617337794,0.058971429355881906,1.8771969597165237,1.9428660819847159,1.8257460895004158,2.0022208321057473,0.06566912226819221,0.17647474260533147,1.0,1.0,0.008485567486269385,0.018127070455649097,0.018127070455649097,0.00032859068330406635,0.0,1.0,-0.020856238541412497,-0.015877066583959543,0.015877066583959543,0.00025208124331148476,0.0,0.0,0.09716063147825516,0.09467152641721621,0.09467152641721621,0.008962697914165667
97,0.5008552453333268,0.20359656399752796,2.4600378095742723,0.5648108235497118,0.20359656399752796,11,0.8548286831131685,mild,0.5609712936210753,0.5605724803800658,0.013964752647616938,0.5515781291434227,0.5704308854947082,0.5382067447691864,0.5838247672620774,0.01885275635128547,0.04561802249289104,0.22125335971874838,0.22085188705026465,0.0077249221508749405,0.21601545160935837,0.22616388171436003,0.20953834503761637,0.23446350147842648,0.01014843010500166,0.024925156440810114,2.53743993082285,2.5336569691050106,0.0801356819088825,2.4827982527937276,2.5906911722323933,2.41119182543444,2.674573726032638,0.10789291943866575,0.2633819005981981,0.0,0.0,0.060116048287748525,0.05971723504673898,0.05971723504673898,0.0035661481616274704,0.0,0.0,0.01765679572122042,0.017255323052736693,0.017255323052736693,0.00029774617365430637,0.0,1.0,0.0774021212485776,0.07361915953073828,0.07361915953073828,0.005419780650012292
98,0.5046832606228113,0.09408902142375379,5.3638910574895045,0.5364721130081057,0.09408902142375379,23,0.890267837357162,mild,0.5233823252915222,0.523004299585734,0.016373530942378447,0.5119736542485598,0.5342820273150113,0.49701187123717194,0.5514174364940054,0.022308373066451503,0.05440556525683349,0.09348737865178108,0.09310599996650898,0.004411040479292453,0.09028837937447222,0.09636948797769945,0.08677115144789734,0.1010900327052003,0.006081108603227234,0.014318881257302962,5.609931121025877,5.602431525762828,0.3010090103840966,5.3976960722109695,5.819195179796244,5.128164025724456,6.106542500096728,0.42149910758527476,0.9783784743722714,0.0,1.0,0.018699064668710852,0.018321038962922698,0.018321038962922698,0.0003356604686809316,1.0,1.0,-0.0006016427719727074,-0.000983021457244812,0.000983021457244812,9.663311854037138e-07,0.0,1.0,0.24604006353637242,0.23854046827332365,0.23854046827332365,0.056901555004056525
99,0.42693579637744855,0.2099634215349892,2.0333817826754275,0.43563380400942453,0.2099634215349892,25,0.9600673430210307,mild,0.43210237364358123,0.43180557978648726,0.011525539779811154,0.4243735343597696,0.43969779942402487,0.4139205829960651,0.45088551548770156,0.015324265064255271,0.03696493249163646,0.2168901611277062,0.216432596882512,0.00886038130487033,0.2106060764164291,0.22252787852700356,0.20303546078018328,0.23243532933071653,0.011921802110574475,0.029399868550533254,1.9942385164315528,1.9929023448268945,0.0641879805226348,1.951333633225799,2.0369460153336685,1.8881452957093219,2.1019986798950643,0.08561238210786959,0.2138533841857424,1.0,1.0,0.005166577266132677,0.004869783409038708,0.004869783409038708,2.3714790450948664e-05,0.0,1.0,0.006926739592717002,0.00646917534752281,0.00646917534752281,4.1850229676996864e-05,1.0,1.0,-0.03914326624387465,-0.04047943784853292,0.04047943784853292,0.0016385848885332392
