case_id,pointwise_empirical_50,pointwise_empirical_90,curve_bias_full,curve_mae_full,curve_rmse_full,curve_bias_first,curve_mae_first,curve_rmse_first,curve_bias_second,curve_mae_second,curve_rmse_second,second_minus_first_rmse,second_minus_first_mae,split_mode,split_idx,true_beta,true_gamma,true_R0,true_beta_timeavg,true_beta_infweighted,true_R0_timeavg,true_R0_infweighted,beta_ref_mode,beta0,gamma,tau,kappa,severity
0,0.76,0.98,-0.006342181544168852,0.011716261065448635,0.016242961041444504,0.0001194393279387013,0.00687773827538716,0.007985233910017299,-0.009670895326769713,0.01420883341184394,0.01915463535918756,0.011169401449170262,0.00733109513645678,tau,17,0.2080845525294241,0.33796092457181953,0.6157059511926042,0.2080845525294241,0.24952474103860464,0.6157059511926042,0.738324234834961,time_avg,0.26104133230789256,0.33796092457181953,17,0.692625131777012,medium
1,0.44,0.82,0.006654678382910788,0.0234740825323388,0.028925033142774028,-0.006043455839972012,0.01793525971879717,0.020992195794813602,0.012630270958385047,0.026080587385770154,0.03198442661805906,0.010992230823245457,0.008145327666972985,tau,16,0.2980045453362274,0.09375293050568131,3.1786157907690007,0.2980045453362274,0.28269541547749233,3.1786157907690007,3.015323509918032,time_avg,0.38426463760700225,0.09375293050568131,16,0.669880950641827,medium
2,0.84,0.98,-0.0031358870957046746,0.007787138341809623,0.012039731992233913,-0.0037069020292940826,0.00994839084759245,0.016290351400256226,-0.0028417278874919498,0.006673765838830591,0.009106063570244348,-0.007184287830011878,-0.00327462500876186,tau,17,0.23590054692584636,0.42381710222092844,0.5566093149371673,0.23590054692584636,0.2721158903497324,0.5566093149371673,0.6420597208648817,time_avg,0.27537615462093723,0.42381710222092844,17,0.782800631764664,medium
3,0.6,0.88,-0.0033898852835409343,0.014659530709031969,0.019754954066907,-0.005598539253696799,0.015346938883885742,0.020802059862077883,-0.0019174493034370243,0.014201258592462788,0.019024893008171194,-0.0017771668539066886,-0.001145680291422953,tau,20,0.43582955553093305,0.20865185201255343,2.0887883396535183,0.43582955553093305,0.4603264169874734,2.0887883396535183,2.2061937746892277,time_avg,0.5088133920563621,0.20865185201255343,20,0.7609345008574233,medium
4,0.72,0.98,-0.008304613075742963,0.011238776500395033,0.015413246257869885,-0.009453224311437225,0.013679073131788755,0.01889907122109273,-0.007538872251946789,0.009611912079465885,0.012563054498393683,-0.006336016722699048,-0.00406716105232287,tau,20,0.1393144380106585,0.18700362221474154,0.7449825642985662,0.1393144380106585,0.15784572583380932,0.7449825642985662,0.8440784406440567,time_avg,0.18254132540300172,0.18700362221474154,20,0.605323275912911,medium
5,0.4,0.92,0.009271040549501777,0.02911450174637139,0.03518869869429553,-0.009216845600998827,0.021691316372847984,0.027343252367946054,0.016460774052474234,0.03200129605829716,0.03780251222144691,0.010459259853500859,0.010309979685449173,tau,14,0.24101531580891916,0.07434764212810198,3.2417344909694186,0.24101531580891916,0.22606498804330963,3.2417344909694186,3.040647713532013,time_avg,0.293222378204653,0.07434764212810198,14,0.7527139322485275,medium
6,0.64,0.88,-0.0003841680008918047,0.01564405226148665,0.020552893701890416,0.00015878393922163093,0.01658005453646183,0.02112296861278606,-0.0008466826165439906,0.014846716990211496,0.02005449659254909,-0.0010684720202369692,-0.0017333375462503346,tau,23,0.6614836108542218,0.12007176008901925,5.509068996438535,0.6614836108542218,0.7647611723704096,5.509068996438535,6.369200982840829,time_avg,0.8072158415831313,0.12007176008901925,23,0.6656724416848065,medium
7,0.52,0.84,-0.0021424889552872626,0.016460016291821377,0.021264672062646487,-0.0003020707729526541,0.01619583984244276,0.021947831461191735,-0.003588531812835884,0.016667583502047428,0.02071210236959437,-0.0012357290915973665,0.0004717436596046662,tau,22,0.4404213594148779,0.2922467506437757,1.5070188409099359,0.4404213594148779,0.4545895823132732,1.5070188409099359,1.5554991845482649,time_avg,0.48996164703975054,0.2922467506437757,22,0.8194454609567585,medium
8,0.62,0.9,-0.0023554479773156343,0.014080400275997818,0.019090989024955148,0.0015299380174838006,0.014259915857110173,0.020141757066997255,-0.004183864916044781,0.013995922355474356,0.018575954613751233,-0.0015658024532460221,-0.0002639935016358168,tau,16,0.44417350551151374,0.33693931512896735,1.318259655574777,0.44417350551151374,0.4548536663766191,1.318259655574777,1.3499572354817624,time_avg,0.5227998506544365,0.33693931512896735,16,0.7788312716489568,medium
9,0.5,0.9,-0.0019077314017340542,0.01626505729276687,0.020532787468574846,-0.00399547336564865,0.016264976249658503,0.018949607732822296,-0.0009252645951860092,0.01626509543070022,0.02123701397659963,0.002287406243777334,1.1918104171615429e-07,tau,16,0.3779261431185861,0.12948875842959828,2.91860195203015,0.3779261431185861,0.3776173019536333,2.91860195203015,2.9162168711266157,time_avg,0.4646839378666684,0.12948875842959828,16,0.7254370511226931,medium
10,0.6,0.96,-0.0028070795900566737,0.014695487642675288,0.01879129499889941,-0.0023400899091804467,0.015793517818329512,0.019199844889947134,-0.0033552848676070266,0.013406495697342072,0.018300058451125843,-0.0008997864388212914,-0.0023870221209874396,tau,27,0.6988397533517642,0.1551854573827073,4.503255428299157,0.6988397533517642,0.8212030668025821,4.503255428299157,5.291752723822501,time_avg,0.8374964213564154,0.1551854573827073,27,0.6400849825097135,medium
11,0.62,0.92,-0.0017916853283531963,0.013959946723189206,0.01754339064021536,-0.0011222288012504578,0.012529089208692312,0.015656153210235422,-0.001959049460128881,0.014317661101813428,0.01798428232119379,0.002328129110958369,0.0017885718931211162,tau,10,0.5620335766985064,0.4142892524820762,1.3566211851532939,0.5620335766985064,0.56600138340966,1.3566211851532939,1.3661985678331046,time_avg,0.6474256580029935,0.4142892524820762,10,0.8351314929966597,medium
12,0.62,0.92,-0.004611387370387092,0.014017418565927073,0.01932600124648601,-0.009453774015936587,0.018235827330499887,0.02415846990256035,-0.0018875448822655017,0.011644563635854865,0.015977861817572863,-0.008180608084987488,-0.006591263694645022,tau,18,0.4910500709061971,0.2540985352126566,1.9325183063146523,0.4910500709061971,0.5405607006107912,1.9325183063146523,2.127366457104496,time_avg,0.5994305981110294,0.2540985352126566,18,0.7174909417517197,medium
13,0.52,0.9,-0.002856286931782961,0.016782437823712824,0.02071632545324041,-0.006947704330086708,0.0167513382807374,0.021489241837074066,0.0012351304665207863,0.016813537366688253,0.019913431794567674,-0.0015758100425063912,6.219908595085297e-05,tau,25,0.36024495157028236,0.15368390653517353,2.3440642529986273,0.36024495157028236,0.3743246244436359,2.3440642529986273,2.435678744006709,time_avg,0.4130429568877796,0.15368390653517353,25,0.7443461778633257,medium
14,0.6,0.9,-0.005379718916956335,0.015451940693892538,0.019511861236220986,-0.013486399625738462,0.01975122011370129,0.022882500622482396,-0.0008197110182663891,0.013033596020250116,0.01733013760385613,-0.005552363018626265,-0.006717624093451176,tau,18,0.5995268125231712,0.184024715982677,3.25786027883128,0.5995268125231712,0.678156549897759,3.25786027883128,3.6851384134813534,time_avg,0.7246202710627209,0.184024715982677,18,0.7302607492868106,medium
15,0.62,0.94,-0.004360967729371623,0.01215133776269795,0.016729719796142028,-0.001836139486509968,0.014521504212594167,0.018518487455312663,-0.006344761348762924,0.010289064123493777,0.01517707377564069,-0.003341413679671973,-0.004232440089100391,tau,22,0.7983405477128247,0.19389193396296361,4.117451053251758,0.7983405477128247,0.8918660718175879,4.117451053251758,4.599810077648451,time_avg,0.9051074483412495,0.19389193396296361,22,0.7893563023450738,medium
16,0.54,0.84,-0.005295574608298921,0.01486749099656663,0.020459675178609808,-0.0025916454227020345,0.019213780355467287,0.02297464296573282,-0.008469752347912658,0.00976532522742238,0.017040095295754273,-0.005934547669978547,-0.009448455128044908,tau,27,0.6677291283885063,0.42179631479061813,1.583060602888317,0.6677291283885063,0.7343993322083398,1.583060602888317,1.7411231593450487,time_avg,0.740246937946567,0.42179631479061813,27,0.7870340233759666,medium
17,0.86,0.98,-0.002903214811640282,0.007233545195658735,0.009615940897063578,-0.0032611094674476508,0.008430806978140026,0.010376603266099833,-0.0026220118677916355,0.006292839509423435,0.008973154942195744,-0.0014034483239040892,-0.0021379674687165917,tau,22,0.26120696415671135,0.40585461416976637,0.6435973746191047,0.26120696415671135,0.3068608457779732,0.6435973746191047,0.756085640188423,time_avg,0.3123512109611524,0.40585461416976637,22,0.7076079459728863,medium
18,0.62,0.94,-0.0007395959598943591,0.01253421779256314,0.016011772346584557,0.0020315210657337536,0.013476710282982541,0.016514827722101954,-0.0037416394043248147,0.011513184261275455,0.015448320812179056,-0.0010665069099228975,-0.001963526021707086,tau,26,0.3561506549918327,0.2478963552731846,1.4366917762842888,0.3561506549918327,0.3879061480650223,1.4366917762842888,1.564791655115483,time_avg,0.43795130167305996,0.2478963552731846,26,0.6108745121473711,medium
19,0.58,0.98,-0.004763522463326808,0.0135584279653267,0.017479567945580015,-0.008193090533543574,0.019433165287697,0.02294846729844603,-0.002661529129968145,0.009957782509680387,0.013039337384953872,-0.009909129913492156,-0.009475382778016614,tau,19,0.629772368513695,0.1610967732962836,3.9092798423432074,0.629772368513695,0.6949192072160149,3.9092798423432074,4.3136755193596805,time_avg,0.7313359580150246,0.1610967732962836,19,0.7760095899348474,medium
20,0.5,0.98,-0.0025737503357231616,0.014723856467753649,0.017984155960349732,-0.004230498717251149,0.0159554282118651,0.01865610044058206,-0.0012720194645226002,0.013756192954523223,0.017438044860949097,-0.0012180555796329623,-0.002199235257341876,tau,22,0.40247032031154023,0.10967194134528829,3.6697656244126575,0.40247032031154023,0.4108256651750643,3.6697656244126575,3.74595051510606,time_avg,0.4449378633814678,0.10967194134528829,22,0.8295606991888229,medium
21,0.52,0.94,-0.0035416041733697056,0.015140498583205044,0.018276782942821125,-0.0019448947937538226,0.015328241062040131,0.017530728432488478,-0.004225908193205084,0.01506003752084715,0.018587356029873766,0.001056627597385288,-0.0002682035411929809,tau,15,0.276896780809424,0.2100296851457668,1.3183697371980987,0.276896780809424,0.26996328874877185,1.3183697371980987,1.2853577748374443,time_avg,0.3519870896761951,0.2100296851457668,15,0.6952391921295864,medium
22,0.74,0.94,-0.005276705373107688,0.00953821800168953,0.013803010978639932,-0.0016731305586290546,0.008769847547227982,0.011128547850227996,-0.006972505285803517,0.009899804097906728,0.014896350093568815,0.0037678022433408186,0.0011299565506787453,tau,16,0.10434001674349357,0.37430596003658884,0.27875595871701914,0.10434001674349357,0.12297618676779899,0.27875595871701914,0.3285445595249884,time_avg,0.12342430858238262,0.37430596003658884,16,0.7726125802968791,medium
23,0.58,0.96,-0.004010923793539405,0.01386127482401207,0.017452959977761594,0.0005776703224650451,0.01816619611123488,0.020669294025289844,-0.007333698843059869,0.010743918029816243,0.014690692072716479,-0.005978601952573366,-0.007422278081418638,tau,21,0.4489477138306255,0.2986049005386757,1.5034840788638604,0.4489477138306255,0.4671629240140134,1.5034840788638604,1.5644851212128912,time_avg,0.508324410180716,0.2986049005386757,21,0.7986057479311044,medium
24,0.7,0.96,-0.00586191141337622,0.01227691677690018,0.016835494349812817,-0.009603428604249429,0.013836825067604272,0.019841411391744165,-0.0037573079935100395,0.011399468363379128,0.014880171991438321,-0.004961239400305843,-0.0024373567042251434,tau,18,0.21000374409103462,0.2545962562740742,0.8248500868173195,0.21000374409103462,0.2235438571278315,0.8248500868173195,0.8780327739273016,time_avg,0.24183304297356684,0.2545962562740742,18,0.7943487006885466,medium
25,0.68,0.98,0.007211198871955276,0.021868477119132878,0.02731696148703156,-0.006943472311832011,0.016894194367341697,0.01947262419974979,0.016647646327813466,0.025184665620326997,0.03147864746125785,0.01200602326150806,0.0082904712529853,tau,20,0.1905649755430956,0.06153147514099945,3.0970324554452127,0.1905649755430956,0.1744403487755379,3.0970324554452127,2.8349775196484015,time_avg,0.2269015028017225,0.06153147514099945,20,0.7330961760209265,medium
26,0.64,0.94,-0.0071756235108478,0.014232048777048477,0.019420609290833,-0.016608704820100684,0.023624653047590982,0.027065318749439994,-0.00273652642414056,0.009811999708557884,0.014488839109526013,-0.012576479639913981,-0.013812653339033098,tau,16,0.7219349777962247,0.20565282354537723,3.510454976257255,0.7219349777962247,0.7973727531809185,3.510454976257255,3.8772759811147375,time_avg,0.8360559424568053,0.20565282354537723,16,0.7992658869966278,medium
27,0.68,0.94,-0.002820905430126004,0.011947234847466461,0.015661838864244795,-0.010103690166336795,0.018709726489355996,0.022245324790164105,0.0012756609839925659,0.008143333298903599,0.0102428012527708,-0.012002523537393305,-0.010566393190452397,tau,18,0.3478297315734039,0.3872814234409457,0.8981317215862858,0.3478297315734039,0.3861764919748199,0.8981317215862858,0.9971469546452587,time_avg,0.4322910210675198,0.3872814234409457,18,0.6947177748252524,medium
28,0.38,0.78,0.006161859012208879,0.028165507740341128,0.036211183320721096,-0.008000495734935005,0.01916627019333343,0.02315023707995058,0.012231439618127686,0.032022323831915854,0.04054045165774012,0.017390214577789536,0.012856053638582426,tau,15,0.2470135773073776,0.0981174611839631,2.5175292381877385,0.2470135773073776,0.22538083055581076,2.5175292381877385,2.2970511857541656,time_avg,0.34143081583494345,0.0981174611839631,15,0.6049513896534182,medium
29,0.78,0.92,-0.005036101113946642,0.010204752207209821,0.015620460876252358,-0.004218181205214932,0.012303729698760434,0.017464617675268544,-0.005581381053101116,0.008805433879509413,0.014259128641517663,-0.003205489033750881,-0.0034982958192510214,tau,20,0.11463290038959126,0.25617608006732534,0.4474769867642003,0.11463290038959126,0.14055606797800957,0.4474769867642003,0.5486697584765533,time_avg,0.14421184336208065,0.25617608006732534,20,0.6581540243979374,medium
30,0.58,0.88,-0.0008790726284496486,0.016165758126880973,0.020984658593687498,0.0026606909377733245,0.01972841333190445,0.023630372722105546,-0.00254484371843693,0.014489214500987573,0.019616531574842576,-0.00401384114726297,-0.005239198830916876,tau,16,0.3437282474993304,0.26621328445714815,1.291176164255844,0.3437282474993304,0.3583991801615666,1.291176164255844,1.346285858319957,time_avg,0.4688872839710154,0.26621328445714815,16,0.6074591637094064,medium
31,0.52,0.96,-0.0012592749949544668,0.016614024238660933,0.020199538210966705,-0.0030925038858856026,0.013925416860729456,0.01653854656857428,-0.0001356830940611901,0.01826188037352216,0.022146229758058435,0.005607683189484156,0.004336463512792703,tau,19,0.3181776135978939,0.14838527838054388,2.1442667161489317,0.3181776135978939,0.31141148910101535,2.1442667161489317,2.0986683618463817,time_avg,0.3709323607515289,0.14838527838054388,19,0.7706096559267351,medium
32,0.44,0.78,0.011123541067354381,0.027963078492321075,0.0374768228854105,-0.01155631394746403,0.017628482806806765,0.0205342126563623,0.020843478930847984,0.03239219092897006,0.042728646910464706,0.022194434254102405,0.014763708122163297,tau,15,0.291191771791848,0.0777618267850433,3.744662179770908,0.291191771791848,0.2727425369714165,3.744662179770908,3.5074090752183276,time_avg,0.3782914598017678,0.0777618267850433,15,0.6710786815180558,medium
33,0.54,0.9,-0.00600995181244798,0.01338081314926967,0.018269126682181246,-0.008994547941256315,0.018363146891351788,0.02250953400371162,-0.004020221059909091,0.010059257321214925,0.014781144593923644,-0.007728389409787975,-0.008303889570136863,tau,20,0.7018396911877147,0.3475094399093271,2.019627700965016,0.7018396911877147,0.8626182688858309,2.019627700965016,2.4822872987591564,time_avg,0.8792886080567839,0.3475094399093271,20,0.6636506010974239,medium
34,0.56,0.9,-0.005632223804132082,0.015515518606989645,0.020607470193934847,-0.007589736126613355,0.017121077410626673,0.02080350952693583,-0.003334274556001891,0.013630732185328785,0.020374930414912687,-0.0004285791120231426,-0.0034903452252978886,tau,27,0.34153527921488086,0.3065617480356771,1.1140831542203158,0.34153527921488086,0.3465444544283241,1.1140831542203158,1.1304230115102094,time_avg,0.37054717281814487,0.3065617480356771,27,0.8297940490532578,medium
35,0.72,0.92,-0.002003542589955032,0.011862658564932644,0.015202672158994839,-0.00032009132732839686,0.012139852168848332,0.01580268447129374,-0.0034375936655258693,0.011626530680115576,0.01467220955766713,-0.0011304749136266112,-0.0005133214887327563,tau,23,0.3953174321458718,0.26484155916900204,1.4926563390816237,0.3953174321458718,0.4327860972757319,1.4926563390816237,1.6341321151925414,time_avg,0.48641627796217346,0.26484155916900204,23,0.6531745051106131,medium
36,0.64,0.94,-0.005757651182793779,0.012541549958259566,0.01827815139695814,-0.0068513270816765726,0.020100026682484895,0.024691332528745596,-0.005242980171554818,0.008984619735094705,0.01429721331525492,-0.010394119213490675,-0.01111540694739019,tau,16,0.5784162255386461,0.31041420465268965,1.8633690625911064,0.5784162255386461,0.6444759302104549,1.8633690625911064,2.076180537329256,time_avg,0.7031782773377269,0.31041420465268965,16,0.7390795314645879,medium
37,0.66,1.0,-0.005494091693399241,0.012243130205752096,0.015996169624638127,-0.007154776651242917,0.014536393234844912,0.018649377991195194,-0.004189267797950639,0.010441280682893453,0.013551868011621266,-0.005097509979573927,-0.00409511255195146,tau,22,0.6600051974132889,0.1686178812456674,3.9142064444025126,0.6600051974132889,0.7329370326717782,3.9142064444025126,4.3467337346264445,time_avg,0.7540818043272001,0.1686178812456674,22,0.7772205350219472,medium
38,0.52,0.96,-0.0049184558528941125,0.014922146369935945,0.01831381347140521,-0.008740014084226762,0.015715990683141477,0.019426562964642246,0.0008138814941048622,0.01373137990012765,0.016504617133842974,-0.002921945830799272,-0.001984610783013827,tau,30,0.3984569932744151,0.11407017625384999,3.4930865048169566,0.3984569932744151,0.42742478564350533,3.4930865048169566,3.7470336215867754,time_avg,0.4525458678863301,0.11407017625384999,30,0.7011967269497807,medium
39,0.64,0.92,-0.00225769629701972,0.013614884919952601,0.01762946120685565,-0.0013781749770383942,0.01834801633164964,0.021608503521242026,-0.002948748762719333,0.009895995953619214,0.013715856028693543,-0.007892647492548484,-0.008452020378030426,tau,22,0.5136761485148895,0.3945465818643039,1.3019404352400592,0.5136761485148895,0.5561735397274205,1.3019404352400592,1.4096524093540488,time_avg,0.5933500901384514,0.3945465818643039,22,0.7602176217363302,medium
40,0.7,0.88,-0.007789002104836982,0.013133873941551428,0.01835184994901004,-0.0066970755049789495,0.015364786080846732,0.018905698337197015,-0.008096981402232837,0.01250464231251942,0.018192588024234256,-0.0007131103129627593,-0.0028601437683273122,tau,11,0.36947465994357176,0.42040059676575253,0.878863309866906,0.36947465994357176,0.3895388820746169,0.878863309866906,0.9265897457602045,time_avg,0.42248815497436476,0.42040059676575253,11,0.8391291720962654,medium
41,0.48,0.92,0.0040748441498726605,0.02190211453475058,0.02721828172703119,-0.0006560038521208546,0.016106970311904497,0.017512478120014656,0.005409185894024678,0.0235366423924764,0.029381743511679236,0.01186926539166458,0.007429672080571902,tau,11,0.30367862436150006,0.09313352767300545,3.2606799285830195,0.30367862436150006,0.2911179135289293,3.2606799285830195,3.1258121624153747,time_avg,0.36424168603693796,0.09313352767300545,11,0.7868312336494292,medium
42,0.64,0.88,-0.009189376112190076,0.016400568954995833,0.02165948178600168,-0.0068651232764490745,0.01611193460121285,0.020565104745945348,-0.010093252214978242,0.016512815648133658,0.022070422702078422,0.0015053179561330746,0.0004008810469208063,tau,14,0.15104681082242227,0.13262141182567433,1.1389323092184196,0.15104681082242227,0.14851823128555575,1.1389323092184196,1.1198661606828404,time_avg,0.19151320661556806,0.13262141182567433,14,0.706530278074768,medium
43,0.62,0.92,-0.0013151098368689418,0.01556263177189976,0.019190813091083364,0.002029274490528873,0.016989532625302672,0.02127154317332683,-0.005571598980829797,0.013746576140296052,0.016159666377565735,-0.005111876795761094,-0.00324295648500662,tau,28,0.34381693265650887,0.22055145979148189,1.5588966537857742,0.34381693265650887,0.35398817497183455,1.5588966537857742,1.605013974092527,time_avg,0.3893056578906616,0.22055145979148189,28,0.7344413975347567,medium
44,0.84,0.98,-0.004618790448294021,0.008921646061935462,0.012177484506310248,-0.003783209244315715,0.009842572161806342,0.012024841680665616,-0.005330581844275541,0.00813715345834175,0.01230602027289237,0.00028117859222675373,-0.0017054187034645923,tau,23,0.23984209066581832,0.3866667428395353,0.6202811467686828,0.23984209066581832,0.27682331003799976,0.6202811467686828,0.7159222125107356,time_avg,0.2803081750708738,0.3866667428395353,23,0.7326614062406567,medium
45,0.74,0.96,-0.005167575039922667,0.01073353555311769,0.01419569303445328,-0.005075110350735486,0.011440389710478484,0.015305630041875042,-0.005260039729109849,0.010026681395756895,0.012991269779282655,-0.0023143602625923868,-0.0014137083147215887,tau,25,0.3839048475381827,0.4643095108079695,0.8268296009490084,0.3839048475381827,0.43783536169886866,0.8268296009490084,0.942981678184813,time_avg,0.45518619796528914,0.4643095108079695,25,0.6868035509611736,medium
46,0.6,0.9,0.004556860779412091,0.01748680784832686,0.023422283133687046,0.0083317315147724,0.022602028747011598,0.02925229299808193,0.0010723647160025744,0.012765065480310183,0.0162828931754427,-0.012969399822639227,-0.009836963266701415,tau,24,0.7095516540059666,0.08980683677432433,7.900864561002183,0.7095516540059666,0.7747304596304185,7.900864561002183,8.626631194874832,time_avg,0.8170088790714031,0.08980683677432433,24,0.7470669964124543,medium
47,0.6,0.92,-0.001617372038163012,0.014678808021271835,0.018677579274392057,-0.003014544004817372,0.0195243161212167,0.023383759372593616,-0.0004271885110130016,0.010551152973170651,0.013424954269136136,-0.00995880510345748,-0.008973163148046049,tau,23,0.47521958009105775,0.345445152229597,1.37567303238694,0.47521958009105775,0.5397831243597974,1.37567303238694,1.5625725846082663,time_avg,0.5800509461814752,0.345445152229597,23,0.6653187781095998,medium
48,0.76,0.9,-0.006169678735313937,0.011323433704674243,0.01710937095038605,-0.0030100268565795636,0.010798449035395275,0.012657566955653433,-0.007060862598546709,0.011471506303701645,0.018168848165155398,0.005511281209501964,0.0006730572683063697,tau,11,0.2956576434459779,0.373768153746296,0.7910188187050909,0.2956576434459779,0.31827661302685994,0.7910188187050909,0.8515348614823341,time_avg,0.34336400979420834,0.373768153746296,11,0.821874144074058,medium
49,0.78,0.98,-0.0033462391156535887,0.007778012832550303,0.012034397396703315,-0.0023635419685693443,0.007965441162761116,0.011680165579400322,-0.00459694457557899,0.007539467685009268,0.012470693886335621,0.0007905283069352988,-0.00042597347775184726,tau,28,0.30956492159843263,0.4435478323962886,0.6979290597047746,0.30956492159843263,0.331192738555261,0.6979290597047746,0.7466900170968624,time_avg,0.3324186477713753,0.4435478323962886,28,0.8437503819207812,medium
50,0.82,0.98,-0.004002105546242092,0.008265218959131744,0.01242068189807803,-0.0037115124287083745,0.008800657861866058,0.011004185801033564,-0.0040747538256255215,0.008131359233448165,0.01275024106558919,0.0017460552645556255,-0.0006692986284178928,tau,10,0.2548873363777737,0.48096774104971846,0.5299468438807948,0.2548873363777737,0.31235844117824224,0.5299468438807948,0.6494374040481713,time_avg,0.3247512768821289,0.48096774104971846,10,0.7310867366900575,medium
51,0.58,0.98,-0.004760288217657944,0.015077899616590002,0.01834009982033775,-0.005938265204895288,0.01719714398883904,0.02060563922507871,-0.002993322736801929,0.011899033058216445,0.014283192981218466,-0.006322446243860245,-0.005298110930622595,tau,30,0.30989476903702107,0.26378591351412295,1.1747965041371684,0.30989476903702107,0.31744412860962745,1.1747965041371684,1.2034157714514642,time_avg,0.3523744208519941,0.26378591351412295,30,0.6986185056206483,medium
52,0.62,0.96,0.0021844741294626147,0.013551804308081046,0.01793597863707152,0.0033944486553082243,0.012301440435112453,0.014968710790947783,0.0013778244455655416,0.01438538022339344,0.019666994710778398,0.0046982839198306155,0.0020839397882809873,tau,20,0.24385655697973768,0.14747527762946946,1.6535419420767288,0.24385655697973768,0.2334033289730716,1.6535419420767288,1.582660719307108,time_avg,0.28037533648713875,0.14747527762946946,20,0.7829173090796196,medium
53,0.72,1.0,0.009224779104697519,0.019223536496865562,0.02402358726182608,-0.0034070608937485226,0.01580412738890711,0.017712692595235228,0.019985235399670072,0.02213636647771906,0.028310859864973618,0.01059816726973839,0.006332239088811951,tau,23,0.1568022555020579,0.05764742881120199,2.720021668539504,0.1568022555020579,0.13930990531563403,2.720021668539504,2.4165848883196586,time_avg,0.19032101172285026,0.05764742881120199,23,0.673857498878603,medium
54,0.66,0.96,-0.0015971099492162466,0.01656749746762216,0.020755056730543727,-0.015016537815840407,0.017903106096623975,0.02165727486901866,0.008946726231702737,0.015518090687692165,0.020017664333082903,-0.0016396105359357573,-0.0023850154089318093,tau,22,0.3950159845257231,0.07177988812874839,5.503156870587491,0.3950159845257231,0.40485410756343476,5.503156870587491,5.640216474526485,time_avg,0.4649651272529849,0.07177988812874839,22,0.7313579532738232,medium
55,0.62,0.94,-0.00572216231317725,0.013769374691764823,0.017332309398844555,-0.006171013303101063,0.01844890967011452,0.021226193451495384,-0.005273311323253438,0.009089839713415131,0.012258328179415218,-0.008967865272080166,-0.009359069956699387,tau,25,0.7439906961474445,0.24275466082359726,3.0647843943481723,0.7439906961474445,0.827109331137379,3.0647843943481723,3.4071820838835105,time_avg,0.8328253331275154,0.24275466082359726,25,0.7866668232906184,medium
56,0.72,0.96,-0.006639729469752637,0.010874674214137485,0.01555728188984383,-0.003855421235784888,0.00990297608077526,0.01258608002028577,-0.009424037703720387,0.01184637234749971,0.018045737151002977,0.005459657130717206,0.0019433962667244498,tau,25,0.34837165942977344,0.36524074568062576,0.9538137887123825,0.34837165942977344,0.36893424903665506,0.9538137887123825,1.0101125172908803,time_avg,0.3929383450482381,0.36524074568062576,25,0.773161941662916,medium
57,0.52,0.98,-0.0014978447882458567,0.017683945936150847,0.02133674981437799,-0.013485477871394582,0.01894980111336779,0.02323995737008194,0.007182855030585979,0.016767292187131685,0.019844947799898524,-0.0033950095701834153,-0.002182508926236105,tau,21,0.35290521797579766,0.06903863817893392,5.111705956034939,0.35290521797579766,0.35017698193995433,5.111705956034939,5.072188432111997,time_avg,0.38729714209150956,0.06903863817893392,21,0.8468968281848359,medium
58,0.76,0.94,-0.005385359337087721,0.011054150881245733,0.015986219191085768,-0.006494274699232644,0.013135434671615561,0.016984070323650853,-0.004761594445881201,0.009883428749162704,0.015396534305257456,-0.0015875360183933967,-0.0032520059224528577,tau,18,0.1719155211188709,0.48252369273529055,0.356284103158397,0.1719155211188709,0.20094914672329964,0.356284103158397,0.41645446586089,time_avg,0.2011855363965291,0.48252369273529055,18,0.7726755129096345,medium
59,0.66,0.96,0.0016890687216073274,0.014495545541867614,0.019700287856687346,-0.003936972682519506,0.014157106614826867,0.019175544775815328,0.006882337710032096,0.01480795070528984,0.020172554339454144,0.0009970095636388163,0.0006508440904629733,tau,24,0.2631124796284154,0.08747943527080108,3.007706654871801,0.2631124796284154,0.25486755783959386,3.007706654871801,2.913456826174364,time_avg,0.289698322354362,0.08747943527080108,24,0.8235177193595141,medium
60,0.72,0.98,-0.003083341447636485,0.010184273083577864,0.013550507657932073,-0.0013595027580427437,0.012384051806293428,0.015639018193862646,-0.004950833361363038,0.00780117946730267,0.010843127138915866,-0.00479589105494678,-0.004582872338990758,tau,26,0.6967899679599765,0.39527599222973603,1.7627935459206925,0.6967899679599765,0.7726518291183931,1.7627935459206925,1.9547147924666386,time_avg,0.7775393660192726,0.39527599222973603,26,0.7836406489811547,medium
61,0.68,0.94,-0.005668908101506531,0.012100009201094507,0.015515892543769498,-0.010988313559209928,0.016586306708632037,0.01967727198369604,-0.0031656584743519917,0.009988810374018024,0.013108176105869404,-0.0065690958778266365,-0.006597496334614013,tau,16,0.18644130325625563,0.2303376661337327,0.8094260325968958,0.18644130325625563,0.19784315055395232,0.8094260325968958,0.8589266092462956,time_avg,0.21660678702793257,0.2303376661337327,16,0.7952002974825384,medium
62,0.76,0.92,-0.006485185516357888,0.010722679558966774,0.01621577331268615,-0.004068636092900609,0.012938690924784169,0.02037042848286589,-0.0072483063869233436,0.010022886496077072,0.014661184815619501,-0.005709243667246388,-0.002915804428707097,tau,12,0.2357531421445515,0.27536807668235685,0.8561382458886037,0.2357531421445515,0.2613903069563772,0.8561382458886037,0.9492396871330031,time_avg,0.3325904610574312,0.27536807668235685,12,0.6168936280365368,medium
63,0.62,1.0,0.008830338451080024,0.01944663607981056,0.02345484116262794,-0.0029340822524814444,0.016216252877546303,0.01871898982911032,0.018073811861021177,0.021984794310161045,0.026590590396197565,0.007871600567087245,0.005768541432614741,tau,22,0.12228400663002936,0.05161869025613436,2.368987008838279,0.12228400663002936,0.10675668101061923,2.368987008838279,2.068178802695062,time_avg,0.15617569375639376,0.05161869025613436,22,0.6124821448662197,medium
64,0.54,0.92,0.0004477942269295454,0.015874904626980425,0.021041457925013395,-0.002829577870822201,0.01498036274764066,0.019014602847735738,0.0034730607787003885,0.016700635592524823,0.022752704543834386,0.003738101696098648,0.0017202728448841628,tau,24,0.3071446190595357,0.15121587434230033,2.031166505470628,0.3071446190595357,0.3043806272653278,2.031166505470628,2.012888055498165,time_avg,0.34721511891881074,0.15121587434230033,24,0.7780665374955987,medium
65,0.7,0.92,-0.005067465020692908,0.012000730453582947,0.017167747837318958,-0.0019146564959858854,0.013114220129015546,0.016654921026075877,-0.00979667780775344,0.010330495940434049,0.01790947578621965,0.0012545547601437723,-0.002783724188581497,tau,30,0.7764582597137661,0.3676398367471465,2.1120079548065807,0.7764582597137661,0.8352590102345613,2.1120079548065807,2.2719491381153873,time_avg,0.8362032366375812,0.3676398367471465,30,0.8213802150418217,medium
66,0.62,0.94,-0.005555033142445609,0.011708117873640731,0.016134436335624204,-0.006053140442818403,0.015174195785075426,0.019345170010751155,-0.0050569258420728146,0.008242039962206037,0.012099771443781717,-0.0072453985669694385,-0.0069321558228693896,tau,25,0.7850938716723115,0.40265383384192155,1.9497985755688412,0.7850938716723115,0.8766981105806355,1.9497985755688412,2.1772997967400944,time_avg,0.8797285661201962,0.40265383384192155,25,0.7848547879597786,medium
67,0.64,0.98,-0.0004307258635526523,0.011888801482855342,0.015126153155973508,-0.005839988519437611,0.013613795372657478,0.01714813705408447,0.0009215898004185874,0.011457553010404808,0.014576899036353478,-0.002571238017730992,-0.0021562423622526698,tau,10,0.5115865030864849,0.38483502997329866,1.329365736591029,0.5115865030864849,0.5147400890138056,1.329365736591029,1.3375603802219365,time_avg,0.610087580512059,0.38483502997329866,10,0.7981825057336438,medium
68,0.48,0.82,-0.005783459013327956,0.018498694864101706,0.02409602071887577,-0.018679633798698584,0.027492232682804266,0.030927010337148727,-0.0002565269624548299,0.014644321513229183,0.020482543925647627,-0.0104444664115011,-0.012847911169575083,tau,15,0.5835224720605957,0.16393192507269058,3.5595413876940114,0.5835224720605957,0.6979048389712371,3.5595413876940114,4.257284471354635,time_avg,0.8043513924151916,0.16393192507269058,15,0.6077959344688854,medium
69,0.58,0.94,-0.0003294716589152813,0.019678398203104734,0.025241064738654843,-0.009548353923795124,0.02134892619991054,0.028305214230335815,0.00818026581635842,0.018136372359899375,0.0220376633848329,-0.006267550845502914,-0.0032125538400111647,tau,24,0.5221755847019444,0.07091875502191004,7.3630111603146515,0.5221755847019444,0.5481001753385806,7.3630111603146515,7.728564540779761,time_avg,0.5925256432108177,0.07091875502191004,24,0.7716747357592582,medium
70,0.52,0.88,-0.00441460010370065,0.015933000501172502,0.019893737756233796,-0.0006316971344252427,0.0182188728513817,0.020059151284316328,-0.0060358442333901105,0.014953340922511415,0.01982242369639838,-0.0002367275879179495,-0.003265531928870283,tau,15,0.6734445918513107,0.2602568776668978,2.5876149667531587,0.6734445918513107,0.8622051720611671,2.5876149667531587,3.312900622609872,time_avg,0.9291661929828106,0.2602568776668978,15,0.6068339810424441,medium
71,0.74,0.94,-0.005902205741149373,0.010863089522754308,0.014752879522693907,-0.007539302187589263,0.012766332155609104,0.016846038396818672,-0.0038186284456804224,0.008440780717302749,0.011552804539232355,-0.0052932338575863176,-0.004325551438306355,tau,28,0.23762859582591653,0.25149033345325,0.9448816285023923,0.23762859582591653,0.24616727901233282,0.9448816285023923,0.9788339600658779,time_avg,0.26264490174615396,0.25149033345325,28,0.7835281006795899,medium
72,0.6,0.9,-0.008669953611679375,0.01604698079172522,0.021036517654643313,-0.007393878910483586,0.015471692705802896,0.02020443806915731,-0.010167954347865738,0.016722318979547075,0.021973137922853256,0.0017686998536959458,0.0012506262737441796,tau,27,0.2586101819532404,0.22948532185923104,1.1269138255032927,0.2586101819532404,0.2649428677862854,1.1269138255032927,1.1545089927311536,time_avg,0.3132115590604869,0.22948532185923104,27,0.621027249947708,medium
73,0.5,0.9,0.0029880963684991,0.018339786822907628,0.023434042133409057,0.003426966800664862,0.020669604817937528,0.024627906047756713,0.0026702936417583763,0.016652677240299767,0.02253006240963529,-0.0020978436381214223,-0.0040169275776377605,tau,21,0.607301947313491,0.09523592619945846,6.376815678167303,0.607301947313491,0.6444249059665833,6.376815678167303,6.766615621681723,time_avg,0.6849603671167936,0.09523592619945846,21,0.8045232488258067,medium
74,0.72,0.9,-0.002921096409554593,0.01279456412710715,0.019165398061674988,-0.0013841340103401588,0.012889329021653304,0.01917836547298541,-0.004586139008703564,0.012691902158015486,0.0191513401244778,-2.7025348507611624e-05,-0.00019742686363781806,tau,26,0.5605690135630668,0.32313664666840863,1.7347738776849497,0.5605690135630668,0.621966652760124,1.7347738776849497,1.9247790653666221,time_avg,0.6346798762950522,0.32313664666840863,26,0.756731485496384,medium
75,0.76,0.96,-0.005827727048999805,0.009357475784963754,0.013594942512821062,-0.004338981913979692,0.009807023871436959,0.013587190008507848,-0.007095917349202123,0.008974527415005097,0.013601543012709277,1.435300420142907e-05,-0.0008324964564318613,tau,23,0.16470943139910804,0.3128434453487288,0.5264915530370319,0.16470943139910804,0.19314641425785486,0.5264915530370319,0.6173899985104472,time_avg,0.1956328376872004,0.3128434453487288,23,0.7072803938379016,medium
76,0.64,0.96,0.0006250019151048036,0.011376312061984209,0.016547876414700777,0.00462581514907272,0.01567787104083792,0.019993661532832337,-0.002783098247164162,0.007712021079997713,0.012906273463869548,-0.007087388068962789,-0.007965849960840207,tau,23,0.7164470214045957,0.46499854909492,1.540751090082106,0.7164470214045957,0.7809161514921803,1.540751090082106,1.6793948131927874,time_avg,0.7902311024831781,0.46499854909492,23,0.8270921167830544,medium
77,0.68,0.88,-0.005180019620456733,0.013831523939152247,0.018988647953413974,-0.01621054974384606,0.020048692496493457,0.02585176307915017,-0.0024223870896094013,0.012277231799816945,0.016841393211318292,-0.009010369867831877,-0.0077714606966765125,tau,10,0.5325638584385091,0.18089440429232445,2.944059328545556,0.5325638584385091,0.5491091239042476,2.944059328545556,3.035522995044612,time_avg,0.7218342998880969,0.18089440429232445,10,0.6722404964010964,medium
78,0.64,0.94,-0.0035697110447654268,0.013659817631341865,0.017610416270395453,-0.0018175832757895644,0.016462070698087864,0.019951303667291927,-0.004946382863246461,0.011458047364612867,0.015525484423419462,-0.004425819243872465,-0.005004023333474997,tau,22,0.7101594533532958,0.2386919122428906,2.9752137250073405,0.7101594533532958,0.7843282805068276,2.9752137250073405,3.285944098971827,time_avg,0.7952676908264648,0.2386919122428906,22,0.8088958004444253,medium
79,0.54,0.94,-0.0033689336315728723,0.014840541242156178,0.018619356750894028,-0.0018859359435737133,0.01850303215906024,0.02215614417419959,-0.0040045040692867975,0.013270902277768722,0.016878220472240357,-0.005277923701959234,-0.0052321298812915175,tau,15,0.43346205381007186,0.25228892267837133,1.7181176613238298,0.43346205381007186,0.4382092602642017,1.7181176613238298,1.7369342086527102,time_avg,0.512515999636541,0.25228892267837133,15,0.779647448267729,medium
80,0.58,0.94,-0.002349477220850531,0.013391054268868174,0.0174085635675591,-0.00119662282734432,0.016609536462717435,0.020090539589099114,-0.0032552913871768396,0.010862246830843756,0.0149678811993045,-0.005122658389794614,-0.005747289631873679,tau,22,0.5619440858825526,0.4401458945565456,1.276722316014604,0.5619440858825526,0.6003281321885772,1.276722316014604,1.3639298687391321,time_avg,0.6300782006652179,0.4401458945565456,22,0.8069000610028263,medium
81,0.66,0.98,-0.006175262759206816,0.011965363809140398,0.015837069271690887,-0.005803311646795245,0.012291831665034234,0.015198673118012715,-0.006611901021603009,0.011582118934830245,0.016555108515415654,0.0013564353974029383,-0.0007097127302039888,tau,27,0.2747351673043656,0.23774780584853872,1.155573934000427,0.2747351673043656,0.2778474446761891,1.155573934000427,1.1686646010655364,time_avg,0.3180362455536828,0.23774780584853872,27,0.7040187081853394,medium
82,0.72,0.94,-0.004321512121387059,0.01338207445878652,0.01962703514354603,-0.010763841730199362,0.017068141091026758,0.025172840242415027,-0.0003729875224375827,0.011122872329348953,0.015262498415911471,-0.009910341826503556,-0.005945268761677804,tau,19,0.6233527912200567,0.17536908826992742,3.5545191993049228,0.6233527912200567,0.7191249089388467,3.5545191993049228,4.100636640318118,time_avg,0.7614287716140926,0.17536908826992742,19,0.7075193340647767,medium
83,0.86,0.92,-0.004030214588110539,0.008340639573925729,0.014599541866581129,-0.0023260624562681186,0.008021159969939618,0.01526698274550155,-0.006586442785874169,0.008819858979904893,0.013536816965519442,-0.0017301657799821072,0.0007986990099652751,tau,30,0.26331342133985475,0.3250636212203553,0.8100365717680813,0.26331342133985475,0.2922013453500082,0.8100365717680813,0.8989050951103805,time_avg,0.3040160480103402,0.3250636212203553,30,0.6652921207871473,medium
84,0.72,0.94,-0.005782635563373333,0.01221976712535252,0.01888472501681253,-0.006430662956766107,0.02099051212214611,0.028481541854727434,-0.005599858606262551,0.009745967254462019,0.015113639159740438,-0.013367902694986996,-0.01124454486768409,tau,11,0.6493221811833348,0.34601078088206527,1.8765952307267866,0.6493221811833348,0.7628144008122049,1.8765952307267866,2.2045972060974695,time_avg,0.9026472650097189,0.34601078088206527,11,0.6401963855816178,medium
85,0.62,0.94,-0.006149092827836284,0.014519634851167211,0.01884615595132179,-0.010837407052067333,0.01790328693961532,0.02201492301897339,0.0003252458627684973,0.0098469724433103,0.013280546956372439,-0.008734376062600952,-0.00805631449630502,tau,29,0.4664054397611535,0.2231256609512457,2.0903263110694645,0.4664054397611535,0.5362310059331253,2.0903263110694645,2.403269097991804,time_avg,0.5528101045806079,0.2231256609512457,29,0.6278552242033509,medium
86,0.62,0.98,0.0005712919216603041,0.01488215739838779,0.018661736640408953,0.0009076397823677821,0.014145871857181191,0.01752294881062706,0.00030701860253299983,0.015460667466478688,0.019509922888624673,0.0019869740779976143,0.0013147956092974967,tau,22,0.16592969961383122,0.10197764176763263,1.6271184226040494,0.16592969961383122,0.15271483050605084,1.6271184226040494,1.4975324773054521,time_avg,0.20418726096032935,0.10197764176763263,22,0.6654195099551024,medium
87,0.66,0.98,0.013897456098347902,0.022682777103036643,0.028296487954669675,-0.0010989760980010034,0.014085070304572582,0.017251321583371337,0.028893888294696808,0.031280483901500705,0.036107815840405504,0.018856494257034166,0.017195413596928125,tau,25,0.17953527088350008,0.07166368098564256,2.505247684939168,0.17953527088350008,0.16760974339525234,2.505247684939168,2.338838043064409,time_avg,0.20057927886821716,0.07166368098564256,25,0.7901676773048604,medium
88,0.72,0.96,-5.53769082762301e-05,0.010823438094812446,0.01470905562357442,0.0037176055484451354,0.011481576599180698,0.015831456869203123,-0.0018308980643804021,0.010513725857462679,0.014150093993916969,-0.0016813628752861548,-0.0009678507417180196,tau,16,0.5046732549984303,0.3901102894262513,1.2936681463610475,0.5046732549984303,0.5254472205521645,1.2936681463610475,1.3469196655257618,time_avg,0.5891776804843937,0.3901102894262513,16,0.7890768471613248,medium
89,0.86,0.96,-0.0036367401821917156,0.007166227635971154,0.012634655741161632,-0.006174283114550808,0.009366946940038664,0.016030156832094286,-0.0006578854355093031,0.004582774539891904,0.006736165298052752,-0.009293991534041535,-0.00478417240014676,tau,27,0.19138192589667624,0.46410260330618214,0.4123698607448146,0.19138192589667624,0.2311387444794546,0.4123698607448146,0.4980337167532878,time_avg,0.2312464797503152,0.46410260330618214,27,0.6252393822883734,medium
90,0.72,0.94,-0.006949167416241835,0.011436288452896405,0.016537671753304256,-0.005874470109120011,0.013221812953885932,0.016337630187863765,-0.008113422832290476,0.009501970243491087,0.016751687958433646,0.00041405777056988113,-0.0037198427103948446,tau,26,0.9043183656699293,0.3306509353024254,2.734963882206493,0.9043183656699293,0.9959480674359232,2.734963882206493,3.012083018984939,time_avg,0.9972644377727748,0.3306509353024254,26,0.8058311889204439,medium
91,0.52,0.88,-0.004007081288218615,0.016287255292918416,0.020723837720553258,0.0010644275764072383,0.01716671587416419,0.020966051229437725,-0.009960591694518529,0.015254845045369027,0.020435837320953883,-0.0005302139084838418,-0.001911870828795164,tau,27,0.6083217456199368,0.45862198125261144,1.32641210078605,0.6083217456199368,0.7267899690756161,1.32641210078605,1.584725544751629,time_avg,0.738158664178608,0.45862198125261144,27,0.6176239818389173,medium
92,0.52,0.92,-0.0020062051969580354,0.01679053424624726,0.020639515982153262,0.00010817183647304773,0.017788328579626977,0.022066787159933487,-0.004697230512233959,0.01552061418558217,0.018665810168165077,-0.0034009769917684105,-0.0022677143940448077,tau,28,0.3605304747769404,0.2694458163441617,1.3380444338257482,0.3605304747769404,0.39417126524269497,1.3380444338257482,1.462896216355507,time_avg,0.43723691249654206,0.2694458163441617,28,0.6012852345798376,medium
93,0.48,0.86,-3.268638189183548e-05,0.020421767937659752,0.02461114659309923,0.0018325273172351822,0.02001001324568843,0.025282281101680255,-0.0026084576806862884,0.020990381559905864,0.023653056218437652,-0.0016292248832426026,0.0009803683142174321,tau,29,0.6698871928198917,0.1325630985801483,5.053345915981849,0.6698871928198917,0.7529180476746751,5.053345915981849,5.679695599597478,time_avg,0.7680338070970025,0.1325630985801483,29,0.6957394156531082,medium
94,0.5,0.9,-0.0035532254446297884,0.017957702996209263,0.022129855958502188,-0.0044287262329210835,0.015698539450143774,0.019141353962844894,-0.002239974262192845,0.0213464483153075,0.025975741848189054,0.00683438788534416,0.0056479088651637255,tau,30,0.43416277626216515,0.10987320116279928,3.951489277343122,0.43416277626216515,0.47368884476330797,3.951489277343122,4.311231854084624,time_avg,0.49915868712005673,0.10987320116279928,30,0.6744727050985955,medium
95,0.54,0.82,-0.0035501776923047147,0.016936160027180448,0.022114943599959663,-0.01278285812586546,0.01727299075573683,0.020509438233150865,-0.0012420075839145283,0.016851952345041353,0.0224984254755058,0.001988987242354936,-0.0004210384106954762,tau,10,0.5547134462326855,0.18702146495470656,2.9660416057965735,0.5547134462326855,0.5810570677155779,2.9660416057965735,3.106900418389408,time_avg,0.7580027133842111,0.18702146495470656,10,0.6647616433918956,medium
96,0.86,0.98,-0.0027348546926805285,0.006009028380649397,0.009995173695537306,-0.001846436506391249,0.008163878302597865,0.012050956843228718,-0.0029854341811210946,0.005401250197535727,0.009333828316984977,-0.0027171285262437405,-0.0027626281050621374,tau,11,0.11694172727425871,0.3957134628111631,0.29552122498815264,0.11694172727425871,0.13301713638161375,0.29552122498815264,0.33614508699465284,time_avg,0.13415718657103629,0.3957134628111631,11,0.8354832698369928,medium
97,0.68,0.92,-0.003013877074117772,0.013172491107252427,0.0185377743259225,-0.0020767274628659444,0.016330427531751672,0.02150679290923358,-0.004206612942983735,0.009153299294253387,0.013868331965641417,-0.007638460943592164,-0.0071771282374982846,tau,28,0.5895507219634184,0.3962615235997931,1.487781898700917,0.5895507219634184,0.6438075095591802,1.487781898700917,1.6247035637237335,time_avg,0.6533420888154887,0.3962615235997931,28,0.7780942301266698,medium
98,0.68,1.0,0.007694289218634367,0.01639751812443137,0.02091244364832678,0.005222668716063102,0.014659028759019243,0.01777715408978898,0.009084575751330703,0.017375418392475694,0.02248473456567556,0.0047075804758865795,0.002716389633456452,tau,18,0.6513573635489049,0.07195646945703671,9.052102868079333,0.6513573635489049,0.7115696334170143,9.052102868079333,9.888890308075407,time_avg,0.828130649675451,0.07195646945703671,18,0.6664677733145422,medium
99,0.66,0.94,0.0019837943380116487,0.013766734908858779,0.018369604492289523,-0.0020041273991492662,0.013262019450352951,0.015605687900259426,0.0031085927766980603,0.01390909055100145,0.019076906442294227,0.0034712185420348006,0.000647071100648499,tau,11,0.5527269151852907,0.48621258171231224,1.1368009302407036,0.5527269151852907,0.6291082907799014,1.1368009302407036,1.2938955396101604,time_avg,0.7832814296515334,0.48621258171231224,11,0.6226353649343426,medium
