case_id,true_beta,true_gamma,true_R0,rho0,tau,eta,severity,beta_mean,beta_median,beta_std,beta_ci50_low,beta_ci50_high,beta_ci90_low,beta_ci90_high,beta_width50,beta_width90,gamma_mean,gamma_median,gamma_std,gamma_ci50_low,gamma_ci50_high,gamma_ci90_low,gamma_ci90_high,gamma_width50,gamma_width90,R0_mean,R0_median,R0_std,R0_ci50_low,R0_ci50_high,R0_ci90_low,R0_ci90_high,R0_width50,R0_width90,beta_covered50,beta_covered90,beta_err_mean,beta_err_median,beta_abs_err_median,beta_sq_err_median,gamma_covered50,gamma_covered90,gamma_err_mean,gamma_err_median,gamma_abs_err_median,gamma_sq_err_median,R0_covered50,R0_covered90,R0_err_mean,R0_err_median,R0_abs_err_median,R0_sq_err_median
0,0.4480770837070597,0.31665052577402086,1.4150523913130402,1.0,14,0.5954778684770071,strong,0.43997005106270193,0.43952114623906263,0.08018411648213011,0.38410482767209475,0.4954315184598458,0.3065201619941788,0.5732083850206616,0.11132669078775104,0.2666882230264828,0.36521580602722586,0.3741620295213101,0.06838472777531755,0.32216965367826805,0.417904148625696,0.23175958559268714,0.45997988108670257,0.09573449494742797,0.22822029549401543,1.2243700346342212,1.2163544765418552,0.20112876704320595,1.0970094164644477,1.330552945282453,0.9175873222474504,1.5724665941650546,0.23354352881800522,0.6548792719176042,1.0,1.0,-0.008107032644357748,-0.008555937467997043,0.008555937467997043,7.320406595627566e-05,0.0,1.0,0.048565280253205,0.05751150374728925,0.05751150374728925,0.0033075730632744654,0.0,1.0,-0.19068235667881894,-0.19869791477118492,0.19869791477118492,0.03948086133441707
1,0.8656992231773614,0.3773758848611094,2.2939971998899082,1.0,25,0.4672481667567431,strong,0.8575052072796029,0.8609714422348278,0.03283830329685226,0.8380903008856255,0.8808372584448886,0.7982084564448441,0.9048399173889481,0.042746957559263055,0.10663146094410403,0.38913585950439183,0.38823319823245406,0.018147292272724175,0.37640160751467616,0.4018465356851337,0.36088002333727304,0.4204196958606538,0.025444928170457515,0.05953967252338077,2.2060709040402298,2.1999773744830797,0.08720508459039765,2.1452326788277123,2.2617710725083944,2.0723950088869514,2.359631269469379,0.11653839368068208,0.2872362605824277,1.0,1.0,-0.008194015897758478,-0.004727780942533566,0.004727780942533566,2.2351912640583572e-05,1.0,1.0,0.011759974643282434,0.010857313371344657,0.010857313371344657,0.00011788125364357948,0.0,1.0,-0.08792629584967848,-0.09401982540682852,0.09401982540682852,0.008839727569530517
2,0.13040313045335356,0.31647758845704255,0.41204538712874444,1.0,13,0.325329188392009,strong,0.17963006569850376,0.14222678431928565,0.09839774887401218,0.11263192237769296,0.20594963125892873,0.10092255100207397,0.40034032038497913,0.09331770888123578,0.29941776938290515,0.28674257990664287,0.2938380575117845,0.12600857488588188,0.17800824292490947,0.3934778555337063,0.08690829804434202,0.47677710327693135,0.21546961260879682,0.3898688052325893,0.7049123095130578,0.636940020332819,0.32514548195778903,0.4594077857888477,0.8898300317871839,0.29877123328484567,1.3199454261761274,0.4304222459983362,1.0211741928912819,1.0,1.0,0.049226935245150205,0.011823653865932093,0.011823653865932093,0.00013979879074137093,1.0,1.0,-0.029735008550399677,-0.022639530945258057,0.022639530945258057,0.0005125483614212972,0.0,1.0,0.2928669223843134,0.2248946332040746,0.2248946332040746,0.050577596043995254
3,0.5228990509942999,0.18446438505338342,2.8346883917075623,1.0,24,0.34050228896349005,strong,0.5628915826412533,0.5631504663968946,0.012929246926954921,0.5540448900266629,0.5714564736496583,0.5414663445862129,0.5834720034076508,0.01741158362299544,0.04200565882143792,0.22177098073002433,0.22151435670140357,0.0068783915476526005,0.21718363201433566,0.22623640692959834,0.2108299936621265,0.23316695702444618,0.009052774915262685,0.02233696336231966,2.5398584183376087,2.538026982372669,0.07632974135655314,2.4864874288648866,2.5883180576588463,2.4213023776179616,2.6686494973321326,0.10183062879395965,0.247347119714171,0.0,0.0,0.03999253164695338,0.04025141540259469,0.04025141540259469,0.0016201764419122371,0.0,0.0,0.03730659567664091,0.03704997164802015,0.03704997164802015,0.001372700399119097,0.0,0.0,-0.29482997336995354,-0.2966614093348934,0.2966614093348934,0.08800799178856517
4,0.2585507973881067,0.20910862294995536,1.2364425423526606,1.0,21,0.4224136635349441,strong,0.31276746302337277,0.3042217967014871,0.09845957628870258,0.23864118973297602,0.37502375554091016,0.1680826157923849,0.48759639317479847,0.13638256580793415,0.3195137773824136,0.33596310916185884,0.34622881062833644,0.09950697828359377,0.26895033379390076,0.4173634674721909,0.15213994681618287,0.4715729274039657,0.14841313367829012,0.31943298058778286,0.9748581474133275,0.9581730332460673,0.27393988385432605,0.7958721188328298,1.11632887683212,0.5561583252404625,1.4600471751367567,0.3204567579992902,0.9038888498962943,1.0,1.0,0.05421666563526606,0.04567099931338037,0.04567099931338037,0.00208584017828279,0.0,1.0,0.12685448621190348,0.13712018767838108,0.13712018767838108,0.01880194586895445,0.0,1.0,-0.26158439493933305,-0.2782695091065933,0.2782695091065933,0.07743391969842442
5,0.25998328631298845,0.3833953303326222,0.6781075974176181,1.0,17,0.5964514329406326,strong,0.2358876310933961,0.19436220110123928,0.1281306154379725,0.13962505107264364,0.29371632063068864,0.10532852205474881,0.5023850964828209,0.154091269558045,0.39705657442807213,0.326648519316769,0.3401395020091213,0.1219382361244428,0.23111434244977608,0.4347768040333346,0.10540062077283298,0.48950748034999364,0.2036624615835585,0.3841068595771607,0.7647470422335986,0.7184254390569196,0.31804530195541647,0.5172259876532028,0.9605402518142296,0.3282561128853897,1.338223460497474,0.4433142641610268,1.0099673476120845,1.0,1.0,-0.024095655219592338,-0.06562108521174917,0.06562108521174917,0.004306126824367646,1.0,1.0,-0.05674681101585316,-0.04325582832350089,0.04325582832350089,0.0018710666839521818,1.0,1.0,0.08663944481598052,0.04031784163930152,0.04031784163930152,0.0016255283544517956
6,0.5043321096504052,0.40230191813470506,1.2536159707832584,1.0,17,0.5904682044185241,strong,0.39275993910154233,0.3866160710320971,0.11416405665913566,0.3077844239605809,0.4719198689544274,0.21587624964326524,0.5882640110837729,0.16413544499384647,0.37238776144050767,0.3812035907136803,0.3986369473677639,0.08429823335552604,0.33241705704466756,0.4480778023859851,0.21047584407963996,0.48738210190436926,0.11566074534131754,0.27690625782472933,1.04427875247871,1.0408721972248065,0.23900458650083944,0.8896054153452144,1.196354361897201,0.6641146052099877,1.4320947440424392,0.3067489465519866,0.7679801388324515,0.0,1.0,-0.11157217054886287,-0.1177160386183081,0.1177160386183081,0.013857065747987002,1.0,1.0,-0.021098327421024743,-0.003664970766941167,0.003664970766941167,1.3432010722533324e-05,0.0,1.0,-0.20933721830454832,-0.21274377355845187,0.21274377355845187,0.04525991318788984
7,0.1782680912766364,0.4099814796292761,0.4348198641505331,1.0,11,0.30865309372820726,strong,0.21991078128943314,0.17083776869010026,0.1330439098956393,0.12003357647902643,0.2715433672639318,0.10179899555948578,0.5114397652526731,0.15150979078490537,0.4096407696931873,0.3107996963075378,0.324583147556453,0.13370734187984562,0.19299984169195172,0.43420591436095457,0.08740382132529355,0.4936079708494247,0.24120607266900285,0.40620414952413114,0.7651681972815746,0.7155021529710914,0.33698491083341675,0.5022133069388848,0.9719389492773303,0.31345339902942687,1.394081491139419,0.4697256423384455,1.0806280921099922,1.0,1.0,0.041642690012796746,-0.007430322586536142,0.007430322586536142,5.520969373998915e-05,1.0,1.0,-0.09918178332173833,-0.0853983320728231,0.0853983320728231,0.007292875120820167,0.0,1.0,0.3303483331310415,0.28068228882055835,0.28068228882055835,0.07878254725754734
8,0.8610039871024447,0.1770050362455169,4.864290900221501,1.0,22,0.4912491639009246,strong,0.8737425220370255,0.876686014887173,0.03253893838128059,0.8527548288046929,0.8969501786543651,0.8164473602763265,0.9222030397722165,0.044195349849672216,0.10575567949589004,0.18678309751155917,0.1867071897056576,0.008384616368390975,0.18121956181628146,0.19242238103976683,0.17308260233130496,0.20049112983498538,0.011202819223485372,0.02740852750368042,4.686231937989027,4.676927237503681,0.2562981317260078,4.510720556056704,4.847157062496338,4.275801513566682,5.115618737645858,0.3364365064396342,0.8398172240791757,1.0,1.0,0.01273853493458077,0.01568202778472827,0.01568202778472827,0.00024592599544098943,0.0,1.0,0.009778061266042276,0.009702153460140722,0.009702153460140722,9.413178176412059e-05,0.0,1.0,-0.1780589622324742,-0.18736366271782057,0.18736366271782057,0.035105142107037225
9,0.5472010893876081,0.102793267143065,5.323316444704767,1.0,11,0.5317215337092212,strong,0.5764536897120854,0.5769267937662279,0.014320509644450375,0.5663580597656129,0.5861140561696261,0.5528759317337325,0.5993188254035797,0.019755996404013154,0.04644289366984722,0.17340587630963442,0.17341424502606145,0.0066173680136216596,0.16858445003657813,0.17806016039433153,0.1626102680038602,0.1841203448890102,0.009475710357753409,0.021510076885149998,3.328255197403688,3.316164223274543,0.1307783750692688,3.235689704927034,3.416330483331094,3.1316419765394765,3.555204807999548,0.18064077840406023,0.42356283146007145,0.0,0.0,0.029252600324477296,0.029725704378619766,0.029725704378619766,0.0008836175008050943,0.0,0.0,0.07061260916656942,0.07062097788299646,0.07062097788299646,0.0049873225171506745,0.0,0.0,-1.9950612473010794,-2.0071522214302244,2.0071522214302244,4.0286600399922845
10,0.2517689382898641,0.4954444867079704,0.5081678069782702,1.0,16,0.5457405240079221,strong,0.2157767804273397,0.17365108777268884,0.11723039246943719,0.12782297209134597,0.26982096099019826,0.10364737087301586,0.45838566926035795,0.1419979888988523,0.3547382983873421,0.3043757183906939,0.3205722833024093,0.12767366704901253,0.19982981048677012,0.41599701550519846,0.09003357290156677,0.4865259514773184,0.21616720501842834,0.39649237857575165,0.7760446436155942,0.7355349897149708,0.3295436305285039,0.5246593093323346,0.9818420876915246,0.31966576955306963,1.3878788373532793,0.45718277835918997,1.0682130678002097,1.0,1.0,-0.03599215786252438,-0.07811785051717524,0.07811785051717524,0.006102398569423735,0.0,0.0,-0.19106876831727654,-0.17487220340556114,0.17487220340556114,0.03058028752391595,0.0,1.0,0.267876836637324,0.22736718273670053,0.22736718273670053,0.05169583578562417
11,0.17114771024641995,0.23212940214148786,0.7372944084959204,1.0,29,0.5367427368542159,strong,0.22641807015743284,0.17934213409893254,0.13333217093190128,0.1243600013550675,0.28823060801991407,0.10254990661566225,0.5088430948058708,0.16387060666484657,0.4062931881902085,0.31557892909821894,0.32923632155569715,0.1293254159238975,0.20937271691477266,0.43218827559663,0.09781310346580932,0.49304250802942623,0.22281555868185732,0.3952294045636169,0.7656316360077039,0.728063389324598,0.3284535566236994,0.5077869296929041,0.9696990003925802,0.32192731523687673,1.3716428156170013,0.4619120706996761,1.0497155003801246,1.0,1.0,0.055270359911012895,0.008194423852512595,0.008194423852512595,6.714858227462735e-05,1.0,1.0,0.08344952695673108,0.09710691941420929,0.09710691941420929,0.009429753798117738,1.0,1.0,0.02833722751178347,-0.009231019171322408,0.009231019171322408,8.521171494132182e-05
12,0.7301643093696458,0.2958090606622248,2.468363571200403,1.0,15,0.4141751272850625,strong,0.8328620380392361,0.8351316629368764,0.030481996584579996,0.8141165220791724,0.8548427949581603,0.7781108794690358,0.8777441080806213,0.04072627287898789,0.09963322861158552,0.3779097201425096,0.377856700968098,0.016710737723367074,0.36668369609319407,0.38919476710857526,0.3506270091738221,0.4053877639326799,0.02251107101538119,0.05476075475885778,2.2060539642806822,2.1983569652714987,0.08256393698934937,2.1487043236795196,2.2571987967379954,2.0851551655305425,2.3519927593567016,0.10849447305847582,0.2668375938261591,0.0,0.0,0.10269772866959026,0.10496735356723053,0.10496735356723053,0.011018145314907983,0.0,0.0,0.08210065948028483,0.08204764030587319,0.08204764030587319,0.0067318152797619475,0.0,0.0,-0.26230960691972083,-0.27000660592890435,0.27000660592890435,0.07290356724524664
13,0.9071248050539563,0.25506527841057447,3.556441749761691,1.0,23,0.5995019443824467,strong,0.8872720741789898,0.8918887568467313,0.03528989972098802,0.866141291890389,0.9131368125133161,0.8217986412126622,0.9363472281139316,0.04699552062292711,0.11454858690126934,0.2529833622327019,0.25289945130215397,0.010555453613706434,0.24579184769975598,0.26037964164714295,0.2354941855202092,0.27073122373808606,0.014587793947386962,0.035237038217876854,3.5119367273418227,3.5059373769308104,0.17808950326193485,3.3901159693784146,3.6185161093529468,3.2357177342520687,3.8174692909806938,0.22840013997453212,0.5817515567286251,1.0,1.0,-0.01985273087496653,-0.015236048207225017,0.015236048207225017,0.00023213716497288465,1.0,1.0,-0.002081916177872567,-0.002165827108420504,0.002165827108420504,4.690807063569121e-06,1.0,1.0,-0.0445050224198682,-0.050504372830880495,0.050504372830880495,0.0025506916750405798
14,0.9132984579736263,0.293768519384819,3.1089051334913815,1.0,14,0.3478961530625059,strong,0.9868340057909213,0.9982313330062217,0.04697840078703228,0.9928977224359586,0.9995195860976992,0.9378989017333312,0.9999241660207815,0.006621863661740557,0.062025264287450255,0.3561159883568607,0.35262708380018665,0.0271020521399587,0.3368327894777579,0.37388959568512936,0.3184036177555347,0.4056867541618468,0.03705680620737145,0.08728313640631208,2.783404570043978,2.8024506140644716,0.21598201467185138,2.6586633940685096,2.913642092425023,2.447212100416646,3.0867580608553498,0.25497869835651343,0.6395459604387037,0.0,0.0,0.07353554781729499,0.08493287503259539,0.08493287503259539,0.007213593261302466,0.0,0.0,0.062347468972041686,0.05885856441536763,0.05885856441536763,0.003464330605037981,0.0,0.0,-0.32550056344740375,-0.30645451942690993,0.30645451942690993,0.09391437247717832
15,0.8114977892239558,0.21885782867888204,3.70787645167869,1.0,12,0.5267754486853311,strong,0.9285461329271111,0.9356744253027085,0.035357292782418295,0.911033474066988,0.953691101606762,0.8611675201901277,0.9711595256780781,0.04265762753977398,0.1099920054879504,0.29358912561703604,0.293309719025091,0.012286283438108987,0.28477787486098816,0.30170348745348713,0.27419112735996,0.314442924302046,0.016925612592498973,0.04025179694208603,3.166871206129854,3.1625095669059533,0.15412293400161284,3.066079431321984,3.260944654158314,2.9223888966244402,3.4180217339981827,0.1948652228363299,0.4956328373737424,0.0,0.0,0.11704834370315531,0.12417663607875273,0.12417663607875273,0.015419836947834996,0.0,0.0,0.074731296938154,0.07445189034620897,0.07445189034620897,0.005543083976123925,0.0,0.0,-0.5410052455488361,-0.5453668847727369,0.5453668847727369,0.2974250390067197
16,0.414987696622405,0.05626286701329477,7.3758718432237815,1.0,26,0.5287507691217577,strong,0.42764781353889164,0.4271988638696276,0.013970231064097218,0.41847805730648185,0.43688972522880437,0.40493074022242953,0.4505269794692372,0.018411667922322517,0.04559623924680767,0.07613996199737436,0.07596927083200766,0.004074637306921915,0.0732935746577876,0.07863092148382575,0.06979507608941507,0.08322469791554593,0.005337346826038147,0.01342962182613086,5.632105589103022,5.618125405022032,0.34463742682397663,5.389554365531642,5.853562936000538,5.085115333478656,6.209943471623232,0.4640085704688959,1.1248281381445757,0.0,1.0,0.012660116916486663,0.012211167247222598,0.012211167247222598,0.00014911260553964194,0.0,0.0,0.019877094984079587,0.019706403818712893,0.019706403818712893,0.00038834235146618213,0.0,0.0,-1.74376625412076,-1.7577464382017496,1.7577464382017496,3.089672541010937
17,0.8659768380352417,0.4189683110996103,2.066926817836002,1.0,18,0.4263990270282747,strong,0.8786721209696855,0.8850901862116654,0.039893025299098286,0.8563733135337531,0.9078264193452047,0.8049010642318881,0.9307752968107871,0.05145310581145157,0.12587423257889896,0.46103954677631676,0.46324561990379515,0.019844817878722044,0.44907876774964767,0.4765420373049163,0.4242370323088957,0.48879095446023285,0.02746326955526862,0.06455392215133715,1.9066745750347494,1.9027734759518875,0.06359548241899075,1.8682346149978353,1.9423233874764365,1.8092016507411923,2.016042632583302,0.07408877247860124,0.20684098184210953,1.0,1.0,0.012695282934443775,0.019113348176423628,0.019113348176423628,0.0003653200785131964,0.0,0.0,0.04207123567670645,0.044277308804184845,0.044277308804184845,0.001960480074941145,0.0,0.0,-0.16025224280125272,-0.16415334188411457,0.16415334188411457,0.026946319651723002
18,0.3719741214156488,0.19954984105573564,1.8640662375258612,1.0,28,0.3965484129343471,strong,0.4296657796219575,0.4295463135718436,0.013261836183172589,0.4205142631552516,0.438457682536866,0.4084125400194234,0.45177289167445284,0.017943419381614423,0.04336035165502944,0.2451112614297877,0.24498980015821348,0.009522261547563759,0.23866809396609856,0.25147301328102895,0.2290882297553585,0.26095237145373235,0.012804919314930385,0.031864141698373843,1.7544495428005615,1.750743459192262,0.0598679163811838,1.7133078421315129,1.7937526048327328,1.6584042677804185,1.857745237745192,0.08044476270121992,0.19934096996477346,0.0,0.0,0.05769165820630873,0.0575721921561948,0.0575721921561948,0.003314557309669818,0.0,0.0,0.04556142037405206,0.045439959102477834,0.045439959102477834,0.002064789883234858,0.0,0.0,-0.10961669472529967,-0.11332277833359927,0.11332277833359927,0.012842052089246077
19,0.5965005318337268,0.19855388725543704,3.0042248987366156,1.0,14,0.5982114440420128,strong,0.6714731271079668,0.6715176636429512,0.016090738740995345,0.6607926333745562,0.6826681770810157,0.6447016157088294,0.69794517677967,0.0218755437064595,0.053243561070840606,0.2665108629264992,0.2664442118317083,0.009052393510969906,0.2602688381507622,0.2724901927052373,0.2515878669402094,0.2811146846143354,0.012221354554475095,0.029526817674126016,2.521472738896303,2.51713360995413,0.07959060987401737,2.4680045956229244,2.569744716243702,2.39639941106324,2.6638023295597186,0.10174012062077775,0.26740291849647857,0.0,0.0,0.07497259527424005,0.07501713180922442,0.07501713180922442,0.005627570064882551,0.0,0.0,0.06795697567106218,0.06789032457627125,0.06789032457627125,0.004609096171071461,0.0,0.0,-0.4827521598403126,-0.4870912887824854,0.4870912887824854,0.2372579236077826
20,0.8261474130228024,0.4036134749498376,2.0468776795063115,1.0,22,0.3425298160411486,strong,0.8567595640077367,0.8628845973236245,0.03798310468878409,0.8355653364699969,0.8842939730476629,0.7889322709443398,0.9082731436913959,0.04872863657766602,0.11934087274705607,0.4399000323237974,0.4414287202714827,0.02102860645710609,0.4264442811434256,0.45537404839945117,0.4028207565876041,0.4716034976302008,0.028929767256025585,0.06878274104259674,1.9492256198150497,1.943147982969943,0.07216747547311178,1.9014701257509152,1.991313665599864,1.8458004461372106,2.0752009331119696,0.08984353984894877,0.229400486974759,0.0,1.0,0.030612150984934305,0.03673718430082218,0.03673718430082218,0.0013496207103525755,0.0,1.0,0.03628655737395975,0.0378152453216451,0.0378152453216451,0.0014299927787362013,0.0,1.0,-0.09765205969126178,-0.10372969653636854,0.10372969653636854,0.010759849943527107
21,0.9477736778764508,0.1074628085345575,8.819550603608775,1.0,30,0.3082827672358233,strong,0.9155752360816904,0.9232878279915245,0.03943062615660627,0.8943367129168197,0.9438660157230467,0.840838534380824,0.9654279288612844,0.04952930280622703,0.12458939448046036,0.11374621558227369,0.11335570432861138,0.005633747226757984,0.10987509429483211,0.1173479990225549,0.10524087262633439,0.12341627117772157,0.007472904727722787,0.01817539855138718,8.06846463696985,8.072127167914356,0.5246493942109691,7.726212845432473,8.426716101786377,7.207790300867015,8.912847152197322,0.7005032563539046,1.7050568513303075,0.0,1.0,-0.03219844179476039,-0.024485849884926303,0.024485849884926303,0.0005995568445871455,0.0,1.0,0.006283407047716183,0.005892895794053873,0.005892895794053873,3.472622083957783e-05,0.0,1.0,-0.7510859666389251,-0.7474234356944187,0.7474234356944187,0.5586417922252489
22,0.8016883048501701,0.4848073381357573,1.6536224635809424,1.0,30,0.5970436805355017,strong,0.8002781730603872,0.8095717706667909,0.05373556279095234,0.7737694870030988,0.8399035297944683,0.7008776116742204,0.8687882430922749,0.06613404279136947,0.1679106314180545,0.4774880850783493,0.48313338653093396,0.019826590265655183,0.46844724684171646,0.4920304417950203,0.43794148748673634,0.4983708747780641,0.023583194953303854,0.06042938729132774,1.6754903965848233,1.6841534972269923,0.08019308695963424,1.6331893626193608,1.7274234800713637,1.5309224244352966,1.784009482638552,0.09423411745200294,0.2530870582032554,1.0,1.0,-0.0014101317897828869,0.007883465816620805,0.007883465816620805,6.214903328182874e-05,1.0,1.0,-0.007319253057408048,-0.001673951604823365,0.001673951604823365,2.802113975290719e-06,1.0,1.0,0.0218679330038809,0.03053103364604981,0.03053103364604981,0.0009321440154962256
23,0.554491909448532,0.06803157775035758,8.150507863910558,1.0,21,0.42633706541564,strong,0.5884386959050537,0.5881134012872224,0.017530395265738265,0.5761246807514606,0.6002221986846582,0.5609556991792265,0.6179605879084813,0.024097517933197588,0.0570048887292548,0.09687407896538357,0.09668572987332766,0.004936380955579553,0.09341969938700731,0.10014457393536298,0.08919622596195696,0.10526409565382018,0.006724874548355672,0.016067869691863218,6.088652098197443,6.070706492498958,0.33598832158244507,5.856604832458938,6.310145053667353,5.567503687467542,6.665962531957849,0.45354022120841453,1.098458844490307,0.0,0.0,0.033946786456521716,0.033621491838690454,0.033621491838690454,0.0011304047134591288,0.0,0.0,0.02884250121502599,0.02865415212297008,0.02865415212297008,0.0008210604338863108,0.0,0.0,-2.0618557657131156,-2.0798013714116,2.0798013714116,4.325573744525572
24,0.9698012809137599,0.49891715262890207,1.943812265831447,1.0,22,0.5984431811721711,strong,0.9298005660835211,0.9411388684939943,0.04300450506544308,0.9175556143121135,0.9564054014542431,0.8465450899204526,0.9710116584101984,0.03884978714212961,0.1244665684897458,0.4901378765325376,0.4950404820198907,0.012988312689633132,0.48722672011476487,0.49844935498659204,0.46444219612104287,0.4998055084647708,0.011222634871827175,0.035363312343727915,1.89651608075883,1.9051319339398987,0.06056799030372309,1.8745886923067934,1.9308555890410366,1.7927633380981407,1.9657381891145644,0.05626689673424323,0.17297485101642374,0.0,1.0,-0.040000714830238815,-0.028662412419765637,0.028662412419765637,0.0008215338857207354,0.0,1.0,-0.008779276096364474,-0.003876670609011368,0.003876670609011368,1.502857501077257e-05,0.0,1.0,-0.047296185072617014,-0.03868033189154829,0.03868033189154829,0.0014961680752403278
25,0.5297603414384228,0.47162999636431946,1.1232541304035282,1.0,24,0.4392162604368836,strong,0.33111642499896343,0.3211072934036773,0.12243701295681048,0.23438384538437207,0.41398696740844276,0.1551136984478127,0.5555086470144405,0.1796031220240707,0.4003949485666278,0.35928048436655863,0.3815412086274922,0.10175102598061511,0.2949849320931438,0.4441431782187867,0.15906145139748076,0.48432148359770893,0.14915824612564288,0.32526003220022814,0.9455025845021673,0.9470667093823786,0.2659657437866436,0.7698529882162906,1.1163847808894338,0.5048216208997409,1.3670753949807222,0.34653179267314327,0.8622537740809813,0.0,1.0,-0.19864391643945933,-0.2086530480347455,0.2086530480347455,0.04353609445418981,0.0,1.0,-0.11234951199776083,-0.09008878773682727,0.09008878773682727,0.00811598967589112,0.0,1.0,-0.17775154590136089,-0.1761874210211496,0.1761874210211496,0.031042007326083827
26,0.36904588156670104,0.3930157913074754,0.9390103139086808,1.0,27,0.3187725760088833,strong,0.2340462104400666,0.20229795463770647,0.11635116910522324,0.14058897621873018,0.2987723765159214,0.1079525572646926,0.4700826455331694,0.15818340029719125,0.3621300882684768,0.3202639523028357,0.33729317914628276,0.12136338981190024,0.22099606340473804,0.4273581738331117,0.10381262629259627,0.4840787030673246,0.20636211042837366,0.38026607677472835,0.780960992179529,0.7497344098089935,0.3039673833988096,0.5518694695232795,0.9650233071705562,0.3412349704237207,1.325061988661837,0.41315383764727664,0.9838270182381164,0.0,1.0,-0.13499967112663444,-0.16674792692899457,0.16674792692899457,0.02780487113511731,1.0,1.0,-0.07275183900463966,-0.05572261216119262,0.05572261216119262,0.0031050095060666917,1.0,1.0,-0.15804932172915187,-0.1892759040996873,0.1892759040996873,0.035825367872754026
27,0.3180263022640479,0.05556132064187366,5.7238794648874505,1.0,18,0.5473067127525686,strong,0.3414052578302497,0.3410839547699498,0.012590479777145492,0.332926891277073,0.34966127077006065,0.32099096413549594,0.3624601427052619,0.016734379492987672,0.04146917856976595,0.08728760296494317,0.08695465048606574,0.005470986475803432,0.08365661163392374,0.09067666657053325,0.07890130338694913,0.09693994656223055,0.00702005493660951,0.01803864317528142,3.9258985123830903,3.9202303871590853,0.27595058742739015,3.73886673148798,4.106457104251568,3.4770961298332894,4.388986587542784,0.36759037276358786,0.9118904577094948,0.0,0.0,0.023378955566201842,0.023057652505901916,0.023057652505901916,0.0005316553390829248,0.0,0.0,0.03172628232306951,0.031393329844192075,0.031393329844192075,0.0009855411587062408,0.0,0.0,-1.7979809525043602,-1.8036490777283651,1.8036490777283651,3.253149995590382
28,0.6324651337119632,0.17782424566556188,3.5566867237072657,1.0,12,0.3973429668813398,strong,0.7400704210446623,0.7408594330216902,0.021320168244314996,0.7262259844806234,0.755202630412892,0.7026291128731974,0.7727804951706926,0.028976645932268674,0.07015138229749518,0.295788871712224,0.29556665891689693,0.0110667841353169,0.28825940757614016,0.30297881596053244,0.2785868462929417,0.3149203111693579,0.014719408384392285,0.0363334648764162,2.5043045995133344,2.4979017099355443,0.08913502021420287,2.4403582784072517,2.56435205975896,2.370689388918735,2.65923367770864,0.12399378135170824,0.2885442887899048,0.0,0.0,0.10760528733269903,0.108394299309727,0.108394299309727,0.011749324122846681,0.0,0.0,0.11796462604666214,0.11774241325133505,0.11774241325133505,0.013863275878248161,0.0,0.0,-1.0523821241939313,-1.0587850137717214,1.0587850137717214,1.1210257053875843
29,0.9382964795291376,0.1863803149001111,5.03431105389005,1.0,13,0.49508135550144017,strong,0.9800498570982389,0.9948201885205316,0.047210423623838406,0.9831347811891308,0.9985582413322551,0.9153087641645941,0.9997480058198307,0.015423460143124346,0.08443924165523664,0.2329850717168631,0.23230977703815836,0.012193799196627615,0.22469527790626298,0.24023755871850444,0.21421428248194402,0.25414669830079295,0.01554228081224146,0.03993241581884893,4.216185877032272,4.220710038335826,0.27916124746067644,4.072410343853264,4.380055120187034,3.8101589464964944,4.630697211611048,0.3076447763337704,0.8205382651145539,0.0,1.0,0.04175337756910125,0.05652370899139392,0.05652370899139392,0.0031949296781437855,0.0,0.0,0.046604756816752024,0.04592946213804727,0.04592946213804727,0.002109515492290318,0.0,0.0,-0.8181251768577784,-0.8136010155542248,0.8136010155542248,0.661946612510866
30,0.578598570959476,0.30448575023853897,1.9002484369340524,1.0,25,0.550016725152142,strong,0.5961883604773577,0.5962227691473406,0.01847624602571184,0.5835287957774022,0.6083247763943517,0.5663228524696642,0.6275893893208987,0.02479598061694943,0.06126653685123451,0.3345280828131516,0.3340242298598517,0.013103183613631946,0.3255785496870044,0.34303410055177214,0.3140935673963747,0.357086536073191,0.017455550864767744,0.042992968676816345,1.783593619796721,1.7810250609644194,0.05712474201262391,1.7438445940040097,1.8211106700429234,1.6948952823969927,1.8810415256830142,0.07726607603891367,0.18614624328602147,0.0,1.0,0.017589789517881704,0.017624198187864648,0.017624198187864648,0.00031061236176513156,0.0,0.0,0.03004233257461264,0.02953847962131273,0.02953847962131273,0.0008725217783387074,0.0,0.0,-0.11665481713733139,-0.11922337596963306,0.11922337596963306,0.014214213377596478
31,0.6804511002252784,0.0697084452236049,9.761386845490305,1.0,18,0.4179912435116703,strong,0.7136019012103192,0.7139859877247221,0.021844542953271436,0.6988515274973708,0.7280055816672608,0.6777700039098367,0.7496278962329033,0.02915405416989003,0.07185789232306661,0.10198972520509733,0.10174351005994468,0.004947305493891691,0.09852793399292226,0.10529582513626824,0.09411057010271358,0.11043063317904346,0.006767891143345986,0.016320063076329883,7.01214608388239,7.002697692911544,0.3837442895240057,6.744515685693195,7.260826647750081,6.420892178455523,7.663857840850597,0.5163109620568855,1.2429656623950747,0.0,1.0,0.03315080098504075,0.033534887499443666,0.033534887499443666,0.0011245886796003432,0.0,0.0,0.032281279981492425,0.03203506483633978,0.03203506483633978,0.0010262453790684932,0.0,0.0,-2.749240761607915,-2.7586891525787616,2.7586891525787616,7.610365840555725
32,0.5305852080188661,0.40486246179554475,1.3105319907055528,1.0,13,0.5875676806069178,strong,0.4362121989121808,0.43954067714909817,0.1308880538751826,0.34050096675723274,0.5299883546128403,0.21851994991466803,0.6493178999027927,0.1894873878556076,0.4307979499881246,0.40958285902627606,0.43468894982208156,0.08108254427262176,0.36822193961944893,0.4709829910766318,0.2362856961575114,0.4952077909367214,0.10276105145718284,0.25892209477921,1.0683319600003305,1.0811194464987426,0.23883930082870958,0.9215855425111903,1.2249598789220808,0.6461873441144528,1.4300111548439143,0.3033743364108905,0.7838238107294615,0.0,1.0,-0.09437300910668528,-0.09104453086976794,0.09104453086976794,0.008289106601296127,1.0,1.0,0.00472039723073131,0.029826488026536813,0.029826488026536813,0.0008896193879971439,0.0,1.0,-0.24220003070522234,-0.22941254420681023,0.22941254420681023,0.05263011543944166
33,0.9390419293437126,0.3022214396104524,3.107132076910521,1.0,25,0.44279388143317944,strong,0.943866501076678,0.953771573270131,0.03810551556023645,0.929772450920163,0.9690887107818424,0.874027296121925,0.9835275069186343,0.039316259861679415,0.10950021079670935,0.29900113589339994,0.298614401769977,0.013520917638255558,0.28991975468066544,0.3079048821816804,0.27754664462147055,0.32244232200593353,0.01798512750101494,0.044895677384462984,3.1613201056258533,3.1553775778167688,0.1612714326818864,3.0572671121590487,3.265534109396535,2.9141889829180347,3.4375444545887675,0.20826699723748643,0.5233554716707327,1.0,1.0,0.004824571732965466,0.014729643926418401,0.014729643926418401,0.00021696241019907448,1.0,1.0,-0.003220303717052453,-0.003607037840475391,0.003607037840475391,1.3010721982621373e-05,1.0,1.0,0.05418802871533224,0.048245500906247685,0.048245500906247685,0.002327628357694746
34,0.6270636539631633,0.4343076723695009,1.4438235699176625,1.0,24,0.37508013476133506,strong,0.5734962935614227,0.5770331517911316,0.07438413987307982,0.5243071765755638,0.6287289036298052,0.445498701866713,0.6900234497843254,0.10442172705424135,0.24452474791761242,0.4453706313824404,0.453982648670307,0.03997077695124302,0.42492684263506825,0.47451482578109905,0.36739585344524894,0.49240893374634614,0.0495879831460308,0.1250130803010972,1.287787670004641,1.2991819820609212,0.11918738304859723,1.2166976275586727,1.368568208266594,1.0820588316514816,1.4609830176216105,0.15187058070792125,0.3789241859701289,1.0,1.0,-0.053567360401740594,-0.050030502172031754,0.050030502172031754,0.002503051147585674,1.0,1.0,0.011062959012939466,0.019674976300806113,0.019674976300806113,0.0003871046924372822,0.0,1.0,-0.15603589991302158,-0.1446415878567413,0.1446415878567413,0.020921188937719413
35,0.6830652503663882,0.08764931003394032,7.793161749954288,1.0,19,0.36820746869288506,strong,0.7350680328199974,0.7357045201310435,0.02189622404120054,0.720613942183417,0.7503200427759538,0.6978662766698717,0.769642555496634,0.029706100592536755,0.0717762788267623,0.12349854415495129,0.1233255506295799,0.005573739981929701,0.11955432514005884,0.1272387939781527,0.1146429957858148,0.13280325480724223,0.007684468838093844,0.018160259021427427,5.963304034567811,5.955848569236203,0.30743191272603015,5.754145532441826,6.156270004383184,5.474854669793685,6.482425402433373,0.4021244719413577,1.0075707326396879,0.0,0.0,0.05200278245360923,0.05263926976465527,0.05263926976465527,0.0027708927213561507,0.0,0.0,0.03584923412101097,0.03567624059563958,0.03567624059563958,0.0012727941430379613,0.0,0.0,-1.8298577153864768,-1.837313180718085,1.837313180718085,3.375719724040406
36,0.21339016411921197,0.224053806259968,0.9524058871448803,1.0,16,0.43030149820254704,strong,0.27379333489313384,0.21832219833575944,0.1651968983518628,0.13612137452390224,0.3672909769412237,0.10502533645166989,0.6142503179121654,0.23116960241732146,0.5092249814604956,0.35818306467766026,0.39438974250424186,0.12359841501183517,0.25798821221955937,0.46996263257847476,0.12622600724417546,0.498334271329691,0.2119744203589154,0.37210826408551556,0.7727617227374929,0.7264240155517334,0.3291002801777729,0.5136246983012441,1.0007743142064536,0.3115212636983699,1.3682035197937534,0.48714961590520944,1.0566822560953835,1.0,1.0,0.06040317077392188,0.004932034216547476,0.004932034216547476,2.432496151319508e-05,0.0,1.0,0.13412925841769224,0.17033593624427384,0.17033593624427384,0.029014331176213323,1.0,1.0,-0.1796441644073874,-0.22598187159314687,0.22598187159314687,0.05106780628874152
37,0.6524115054225231,0.07414747152347503,8.79883685873186,1.0,25,0.3960641164613583,strong,0.6678643859022033,0.6675210105072993,0.02004450946989691,0.6533050269156401,0.6823371703062733,0.6356311106560377,0.7009778131376984,0.029032143390633203,0.06534670248166063,0.09412616079757354,0.09400250697839041,0.004767666901725083,0.0908159715098654,0.09718887166682037,0.08668969945170048,0.10206412512136916,0.006372900156954978,0.015374425669668679,7.112220924991203,7.088731289406036,0.3956409836872101,6.852316557509265,7.3569426993269085,6.482208245089882,7.792317094927004,0.5046261418176439,1.310108849837122,0.0,1.0,0.015452880479680187,0.015109505084776154,0.015109505084776154,0.00022829714390687643,0.0,0.0,0.0199786892740985,0.019855035454915376,0.019855035454915376,0.00039422243291594664,0.0,0.0,-1.686615933740657,-1.7101055693258242,1.7101055693258242,2.9244610582392014
38,0.8021185332490429,0.32716583600565746,2.451718501668898,1.0,28,0.44212802405840534,strong,0.8240104375610519,0.8266352202856104,0.029616145025454236,0.8052319692126932,0.8447838320439893,0.7723813095149964,0.8678836999017704,0.03955186283129608,0.095502390386774,0.3451407437758797,0.3444349182499867,0.014358026370338225,0.3355424821059967,0.3542836142891155,0.3224555868178699,0.3692209331369798,0.01874113218311879,0.04676534631910989,2.3898027491415443,2.3826358408756976,0.0941774758273431,2.322309107607103,2.448294645882459,2.24570242958694,2.557820576162341,0.12598553827535586,0.31211814657540105,0.0,1.0,0.021891904312008936,0.024516687036567508,0.024516687036567508,0.0006010679432489973,0.0,1.0,0.01797490777022226,0.017269082244329215,0.017269082244329215,0.00029822120156140655,0.0,1.0,-0.06191575252735371,-0.06908266079320047,0.06908266079320047,0.004772414022268397
39,0.1289024642823298,0.120195308954259,1.072441723423535,1.0,18,0.5348860371395823,strong,0.34113833319494974,0.3249514590467162,0.13401085186307596,0.23752929491224714,0.43366928659186554,0.1489066105302955,0.593606974242202,0.1961399916796184,0.44470036371190647,0.3835964567956452,0.4110575867387025,0.09772257649301729,0.32520010589081527,0.46171009681606,0.18000861376363528,0.49352388366896727,0.13650999092524474,0.31351526990533196,0.9023073942948554,0.8993617199000035,0.2770944523762576,0.7147390092247576,1.0794768326678374,0.447246122891148,1.3342078532475674,0.3647378234430798,0.8869617303564195,0.0,0.0,0.21223586891261995,0.1960489947643864,0.1960489947643864,0.0384352083481264,0.0,0.0,0.2634011478413862,0.2908622777844435,0.2908622777844435,0.08460086463795478,1.0,1.0,-0.17013432912867965,-0.1730800035235316,0.1730800035235316,0.029956687619705706
40,0.6100214388353437,0.4010674703646353,1.5209945555562892,1.0,20,0.364548327399578,strong,0.7065839986965999,0.7229215150904953,0.07724715143121562,0.6602849531376825,0.7660719736161281,0.5572094567732035,0.804199081202031,0.10578702047844557,0.24698962442882744,0.4794723764301128,0.48714745809368654,0.02323755178301998,0.47187637012908956,0.4956960954749153,0.4320268636988154,0.49947013691453346,0.023819725345825715,0.06744327321571808,1.4717505711608843,1.4964752393889538,0.12694959372284628,1.4011941271450603,1.5633172127135064,1.2268684597221233,1.6325065943937243,0.16212308556844612,0.4056381346716009,0.0,1.0,0.09656255986125628,0.11290007625515164,0.11290007625515164,0.012746427218419055,0.0,0.0,0.07840490606547751,0.08607998772905123,0.08607998772905123,0.007409764287433611,1.0,1.0,-0.049243984395404894,-0.02451931616733538,0.02451931616733538,0.0006011968653137542
41,0.7095257625358456,0.23870144668975574,2.9724401438506076,1.0,25,0.3620696379472838,strong,0.7162639030032228,0.7163687108286179,0.01731976920515054,0.7049719809952093,0.7278463618679806,0.6877072939338956,0.7440912095581594,0.02287438087277127,0.056383915624263814,0.25587994285817306,0.25566014404934,0.008694060498503473,0.25011694780851007,0.2616011355459614,0.2418201706554219,0.27026085543204825,0.011484187737451357,0.02844068477662634,2.801585107979212,2.7976274853576006,0.09413872101850242,2.737610051393786,2.8594554046394967,2.657227365171736,2.9676335165885206,0.12184535324571044,0.3104061514167844,1.0,1.0,0.006738140467377196,0.006842948292772211,0.006842948292772211,4.6825941337554116e-05,0.0,0.0,0.017178496168417323,0.016958697359584274,0.016958697359584274,0.0002875974161339706,0.0,0.0,-0.1708550358713956,-0.17481265849300698,0.17481265849300698,0.030559465569392683
42,0.42013207618160076,0.31493863804506667,1.3340124882405864,1.0,28,0.5623563335882766,strong,0.41907663621836877,0.416939110681204,0.05786527587022169,0.3785199535316709,0.4575766020362143,0.33067598524021663,0.5169242842820968,0.07905664850454341,0.18624829904188017,0.3452993381386843,0.3468375925324284,0.05679924400621401,0.3079147006649123,0.38879491847522013,0.2474820863753037,0.4314446546544239,0.08088021781030785,0.1839625682791202,1.231252656066343,1.2231248586283479,0.16830879263281062,1.123845070034482,1.3311894137321798,0.9654370456337243,1.518430033308852,0.20734434369769783,0.5529929876751277,1.0,1.0,-0.0010554399632319855,-0.0031929655003967716,0.0031929655003967716,1.0195028686724006e-05,1.0,1.0,0.030360700093617632,0.03189895448736174,0.03189895448736174,0.0010175432973867759,0.0,1.0,-0.10275983217424334,-0.11088762961223853,0.11088762961223853,0.012296066401020999
43,0.646856221655137,0.34792665329482797,1.859174097556132,1.0,12,0.47401933936469187,strong,0.7640481909611817,0.7771919302531914,0.0640969090775413,0.7303719071652646,0.8104190999559399,0.641843846593826,0.8439910322759216,0.08004719279067529,0.20214718568209566,0.4806797526326735,0.4873691403558156,0.020305264253316004,0.47240497294233535,0.49503733775740144,0.44114124670185845,0.4993798065470141,0.022632364815066086,0.058238559845155635,1.588322007569228,1.6029443355619848,0.10053516395729382,1.5358659462058357,1.6576115576881483,1.399525902469026,1.7170469259439103,0.12174561148231255,0.3175210234748842,0.0,1.0,0.1171919693060447,0.13033570859805443,0.13033570859805443,0.01698739693575696,0.0,0.0,0.13275309933784551,0.1394424870609876,0.1394424870609876,0.019444207197753697,0.0,0.0,-0.270852089986904,-0.25622976199414715,0.25622976199414715,0.0656536909315773
44,0.8946029656533341,0.4340135723523933,2.0612326955687217,1.0,27,0.38962578874021353,strong,0.8520252416577198,0.85712132432122,0.03857468632285042,0.8289966522941622,0.8807538920438458,0.7833190677029779,0.9046612364695227,0.0517572397496836,0.1213421687665448,0.4355819880264168,0.4364478251358806,0.021800362611240527,0.42117496936489895,0.4508443556610442,0.397837211738709,0.4696787599998869,0.02966938629614524,0.07184154826117789,1.9579783537731672,1.9495757848366595,0.07705033024057804,1.907526244761192,2.003782242095011,1.8496383409201187,2.0887865584767495,0.09625599733381884,0.23914821755663085,0.0,1.0,-0.042577723995614325,-0.03748164133211407,0.03748164133211407,0.0014048734369492416,1.0,1.0,0.0015684156740234934,0.0024342527834873007,0.0024342527834873007,5.9255866139156715e-06,0.0,1.0,-0.10325434179555448,-0.11165691073206219,0.11165691073206219,0.012467265714227705
45,0.3889708334867428,0.13795508935958536,2.8195468198558085,1.0,10,0.43065117665941743,strong,0.44077026123970625,0.44080938789035184,0.014102255996443783,0.43142870232096514,0.45003225397332103,0.41771999237813967,0.46398717246946736,0.018603551652355887,0.046267180091327686,0.25228029334519375,0.25226100840299936,0.01015962190186978,0.2453263217849393,0.25900744473525694,0.23627573688924347,0.2684840880011332,0.013681122950317648,0.032208351111889744,1.74879619708757,1.7458916876545918,0.06299631581961768,1.7054694423304446,1.7901298195494957,1.652270870844161,1.8555261436068355,0.08466037721905106,0.20325527276267463,0.0,0.0,0.05179942775296348,0.05183855440360907,0.05183855440360907,0.0026872357226559373,0.0,0.0,0.11432520398560839,0.114305919043414,0.114305919043414,0.013065843128359515,0.0,0.0,-1.0707506227682384,-1.0736551322012167,1.0736551322012167,1.152735342902012
46,0.5732129632816306,0.297086885295682,1.9294455314347798,1.0,19,0.44673206985370845,strong,0.6784400729560299,0.6794604800065973,0.02466108540915551,0.6613852024731061,0.6962083954803712,0.6374960692862929,0.7168327273919668,0.03482319300726511,0.07933665810567392,0.38992367204761097,0.39031377161935044,0.01786611044717125,0.37830294534097,0.40217368758513883,0.3597836879834668,0.41859356029689154,0.023870742244168852,0.058809872313424716,1.7417525614393108,1.7357727176902213,0.06326621976381254,1.6980186097545966,1.7825011008394311,1.6443816176064274,1.8531552089881562,0.08448249108483452,0.2087735913817288,0.0,0.0,0.1052271096743993,0.10624751672496668,0.10624751672496668,0.011288534810222075,0.0,0.0,0.09283678675192897,0.09322688632366843,0.09322688632366843,0.008691252333606196,0.0,0.0,-0.18769296999546903,-0.19367281374455847,0.19367281374455847,0.03750915878373444
47,0.3640248690354113,0.172749938025899,2.1072358878695288,1.0,15,0.45511202204518697,strong,0.4342757943487303,0.43395756295417864,0.019934129949858024,0.42090105639052944,0.44691335429557066,0.4017124611449516,0.4677108904915662,0.026012297905041226,0.0659984293466146,0.26989237190015797,0.2699902018608952,0.017294856076245875,0.2581253061987689,0.2820360330303029,0.24126602059342644,0.29750184821460823,0.023910726831534,0.05623582762118179,1.6127687017561774,1.6107710989329382,0.08189061877981062,1.5546481909895102,1.6667902481834496,1.486467771048886,1.7545322214100803,0.11214205719393933,0.2680644503611942,0.0,0.0,0.070250925313319,0.06993269391876733,0.06993269391876733,0.004890581678735997,0.0,0.0,0.09714243387425897,0.09724026383499618,0.09724026383499618,0.009455668910699665,0.0,0.0,-0.4944671861133514,-0.4964647889365905,0.4964647889365905,0.24647728665385338
48,0.21796739364066992,0.42382327010684423,0.5142884051310377,1.0,21,0.5277930658092016,strong,0.22484768210740527,0.17990068050807198,0.13019968395968862,0.12543374556435313,0.2839588607453881,0.10272161581457888,0.502351905036077,0.158525115181035,0.39963028922149807,0.3244157609979526,0.3406787246853655,0.12591886456765336,0.2235875323462205,0.435875900422663,0.10320788664244646,0.49171613290716587,0.2122883680764425,0.3885082462647194,0.7371945041697207,0.6852194098065274,0.32304112376723465,0.483273462143741,0.9408228828052816,0.3027522396791638,1.3219125865955323,0.4575494206615406,1.0191603469163686,1.0,1.0,0.006880288466735357,-0.038066713132597935,0.038066713132597935,0.001449074648719504,1.0,1.0,-0.09940750910889162,-0.08314454542147875,0.08314454542147875,0.006913015433344344,1.0,1.0,0.22290609903868297,0.17093100467548972,0.17093100467548972,0.02921740835937229
49,0.3079954720057795,0.1512845985782021,2.0358679925145875,1.0,28,0.531469785385843,strong,0.35791638949744176,0.3576151368250128,0.012806720395767362,0.3490431007534434,0.36640903309027606,0.3371345636689574,0.3788418459894205,0.017365932336832646,0.04170728232046311,0.19624522570413017,0.19624298979008656,0.00880415649438296,0.1903160930729969,0.20188104238655083,0.18206102207605054,0.21098732815977153,0.011564949313553924,0.028926306083720987,1.8261078832239706,1.8240830770184204,0.07667943301172396,1.7760617671687264,1.8773848630320065,1.7019466254348647,1.9521832354720046,0.10132309586328003,0.2502366100371398,0.0,0.0,0.049920917491662276,0.0496196648192333,0.0496196648192333,0.002462111136773059,0.0,0.0,0.04496062712592808,0.04495839121188447,0.04495839121188447,0.0020212569403608507,0.0,0.0,-0.20976010929061695,-0.21178491549616707,0.21178491549616707,0.044852850431718626
50,0.3895086084998789,0.35641730310792774,1.0928442730007715,1.0,11,0.562383653289404,strong,0.35570307439456805,0.34255886514478046,0.13873622895197438,0.24398097245021108,0.44926208225201175,0.15378053484496457,0.6097036917679697,0.20528110980180067,0.4559231569230051,0.3723936776805997,0.3997399482544851,0.10430413872307855,0.3100363164770415,0.45870444618881273,0.16356052362521353,0.4934188324353009,0.14866812971177124,0.3298583088100874,0.9771715185440072,0.9704419453577201,0.3020361533107624,0.7703531519319302,1.1694747483277286,0.5096621612485124,1.454865741963538,0.39912159639579836,0.9452035807150256,1.0,1.0,-0.03380553410531084,-0.04694974335509844,0.04694974335509844,0.00220427840110961,1.0,1.0,0.01597637457267198,0.04332264514655737,0.04332264514655737,0.0018768515824945308,1.0,1.0,-0.11567275445676428,-0.12240232764305137,0.12240232764305137,0.014982329812436896
51,0.13137981120683875,0.31115114976071623,0.4222379101214102,1.0,28,0.5858072688038268,strong,0.21478139629683787,0.1645623357168385,0.12901326257716303,0.11889073158725316,0.2647855915008921,0.1016273307338817,0.4961885673722303,0.14589485991363893,0.39456123663834863,0.3209444117993643,0.33701936771785956,0.1292337189832658,0.20971050144002945,0.441510425853278,0.10051227588129077,0.4936253608997472,0.23179992441324854,0.39311308501845643,0.7115765347546288,0.6602492470461214,0.31084157415394337,0.46860716023560667,0.9055666555888052,0.29500853365838664,1.287439720722213,0.43695949535319856,0.9924311870638264,1.0,1.0,0.08340158508999912,0.033182524509999756,0.033182524509999756,0.0011010799328567346,1.0,1.0,0.009793262038648054,0.025868217957143336,0.025868217957143336,0.000669164700278273,0.0,1.0,0.2893386246332186,0.23801133692471121,0.23801133692471121,0.0566493965046884
52,0.10205383514896565,0.07391975475424808,1.3806029996751408,1.0,14,0.42524329660655735,strong,0.20541991622484512,0.17082505055543587,0.10468234733883504,0.1284945419096632,0.2493478191944088,0.10393687120822528,0.4241963637389957,0.1208532772847456,0.32025949253077046,0.26083112940463343,0.25341708393557694,0.12839699476390504,0.1500202495462012,0.37304810549204015,0.07257067692494791,0.4695436713686797,0.22302785594583896,0.3969729944437318,0.9045558503793095,0.8475302718891637,0.38008874135250365,0.6233051266520346,1.1365714390139354,0.3667803564590935,1.6449558040376024,0.5132663123619008,1.278175447578509,0.0,0.0,0.10336608107587947,0.06877121540647022,0.06877121540647022,0.004729480068483127,0.0,1.0,0.18691137465038535,0.17949732918132885,0.17949732918132885,0.03221929118323033,0.0,1.0,-0.47604714929583125,-0.533072727785977,0.533072727785977,0.2841665331091824
53,0.20745551514891025,0.3840615066346258,0.5401622176790334,1.0,21,0.4688403322354891,strong,0.2525720681503308,0.21189099293217722,0.13342057820835898,0.1468676668673607,0.33208488437049644,0.1078255845109201,0.526533495200127,0.18521721750313574,0.41870791068920693,0.32115835533092674,0.33849341343023004,0.1268279246628484,0.2143688327909545,0.4362220046933942,0.10202570719421226,0.4921474808503997,0.22185317190243972,0.39012177365618744,0.8360202679042771,0.7908538667057268,0.33516218320410474,0.5913329151551143,1.043374635351079,0.36349489276713026,1.4358912519747127,0.4520417201959648,1.0723963592075825,1.0,1.0,0.045116553001420534,0.004435477783266972,0.004435477783266972,1.9673463165854895e-05,1.0,1.0,-0.06290315130369906,-0.045568093204395754,0.045568093204395754,0.0020764511182844985,0.0,1.0,0.2958580502252437,0.2506916490266934,0.2506916490266934,0.06284630289172281
54,0.13129217289116146,0.40524895094095176,0.32397905679043165,1.0,16,0.3138451893738203,strong,0.17687054769282026,0.14058159659477615,0.09562022625667391,0.11299691475282594,0.20123619655931707,0.10108219894283293,0.39430392793847896,0.08823928180649113,0.293221728995646,0.2747527607414142,0.27145673314049285,0.1301670009391759,0.16092016961559757,0.3921237414731359,0.0806409149065409,0.4803495636706631,0.23120357185753831,0.3997086487641222,0.7403549694375435,0.6721002149050991,0.33830933518190426,0.4773528866558521,0.9466388971197687,0.30655428577505617,1.3917653173802145,0.46928601046391655,1.0852110316051582,1.0,1.0,0.0455783748016588,0.009289423703614685,0.009289423703614685,8.629339274527838e-05,0.0,1.0,-0.13049619019953757,-0.1337922178004589,0.1337922178004589,0.017900357543965434,0.0,1.0,0.4163759126471119,0.34812115811466743,0.34812115811466743,0.12118834072709728
55,0.3566914394774898,0.3428672264856582,1.0403194354080672,1.0,13,0.39317469099350605,strong,0.25932403312720975,0.20323206451155673,0.1595660236228312,0.12978771478866252,0.34597590654631616,0.1027495216873613,0.5897996600052647,0.21618819175765364,0.48705013831790345,0.3461079210994663,0.37610310257253066,0.12928975559607267,0.244671546351202,0.46297914454765654,0.10815448172981186,0.4974920888246356,0.21830759819645454,0.38933760709482373,0.7730632677945032,0.7182669322316002,0.34093173031692725,0.5018268747635206,1.01272950109011,0.3100694241725596,1.3854273787091578,0.5109026263265894,1.075357954536598,0.0,1.0,-0.09736740635028007,-0.1534593749659331,0.1534593749659331,0.02354977976493485,1.0,1.0,0.003240694613808104,0.03323587608687245,0.03323587608687245,0.00110462345926194,0.0,1.0,-0.26725616761356397,-0.32205250317646694,0.32205250317646694,0.10371781480222825
56,0.8137141094890772,0.06399496879157417,12.715282542589724,1.0,14,0.3916688661591761,strong,0.8820738331193773,0.8883564330968197,0.03998089005573015,0.8587198973100308,0.9104227397614987,0.8091873860357429,0.9360010695110951,0.051702842451467834,0.12681368347535216,0.10079727708336526,0.1005832746352212,0.005571982618616856,0.09714664390290083,0.10426607243526598,0.09189343327267527,0.11016959759726781,0.007119428532365149,0.018276164324592545,8.778599147452056,8.764784097249692,0.6440208183337724,8.326686095802627,9.21351260668374,7.76128493973374,9.875150495963663,0.8868265108811126,2.113865556229923,0.0,1.0,0.06835972363030007,0.07464232360774248,0.07464232360774248,0.00557147647356295,0.0,0.0,0.0368023082917911,0.03658830584364703,0.03658830584364703,0.0013387041245082553,0.0,0.0,-3.9366833951376687,-3.950498445340033,3.950498445340033,15.606437966634017
57,0.8081422476297532,0.46835793355720395,1.725480000929778,1.0,24,0.5891399634299761,strong,0.7616504570409572,0.7662210324166676,0.044074483987339874,0.7358665666022818,0.7940254262190678,0.6810799679917051,0.8253607031033022,0.05815885961678602,0.1442807351115971,0.4567037867680673,0.4593290939228337,0.022056281635222063,0.4437150945021821,0.4729464933322611,0.41497784422330836,0.4872384424431244,0.02923139883007897,0.07226059821981606,1.6681953445845574,1.6671606223249804,0.06740117819704496,1.6274723706954402,1.7080656957941405,1.5580877899839176,1.7766485963096361,0.08059332509870032,0.2185608063257185,0.0,1.0,-0.046491790588795934,-0.04192121521308556,0.04192121521308556,0.0017573882849418363,1.0,1.0,-0.011654146789136677,-0.009028839634370234,0.009028839634370234,8.151994514317481e-05,0.0,1.0,-0.05728465634522051,-0.05831937860479752,0.05831937860479752,0.003401149920849715
58,0.49785376868516906,0.4526374543610356,1.099895211694231,1.0,29,0.5769330256421372,strong,0.3685708208627848,0.36049093437369273,0.11904484005824441,0.27807219752633483,0.4495132500936406,0.1880229429193543,0.5818053716350544,0.1714410525673058,0.39378242871570013,0.3798023301434892,0.4007258604830808,0.09057146929356263,0.3253422011281684,0.45225254180774155,0.20300875537394641,0.48904432686155447,0.12691034067957313,0.28603557148760805,0.9862771316993186,0.9901722869744429,0.24869548094242966,0.8340263686033755,1.1425513660144535,0.5747590819020469,1.3786586169228863,0.308524997411078,0.8038995350208393,0.0,1.0,-0.12928294782238425,-0.13736283431147633,0.13736283431147633,0.0188685482500821,0.0,1.0,-0.0728351242175464,-0.0519115938779548,0.0519115938779548,0.002694813578949714,1.0,1.0,-0.11361807999491247,-0.10972292471978817,0.10972292471978817,0.012039120209064303
59,0.8841563192358652,0.2061563436317927,4.288766009621417,1.0,23,0.42553109661727295,strong,0.8934182609849688,0.8978077335034171,0.03368696055231961,0.8746133776846694,0.9171633115250759,0.8291864248285032,0.9411770438065084,0.042549933840406506,0.11199061897800511,0.2207622699778187,0.2204747154280302,0.009216822042006922,0.2147769011214271,0.22663339703728144,0.20567291567126023,0.236343241367638,0.011856495915854331,0.030670325696377787,4.053021367608211,4.041714327244979,0.21136152324802743,3.909578537574699,4.1848699498349085,3.7197947462194825,4.407193933191097,0.27529141226020926,0.6873991869716147,1.0,1.0,0.009261941749103553,0.013651414267551898,0.013651414267551898,0.00018636111150431952,0.0,1.0,0.014605926346026005,0.014318371796237517,0.014318371796237517,0.00020501577089528997,0.0,1.0,-0.23574464201320655,-0.24705168237643793,0.24705168237643793,0.06103453376502837
60,0.695312474942793,0.1102009368716553,6.309496948765359,1.0,18,0.4127561851449365,strong,0.7476157545626001,0.7484686458852208,0.022598541159415505,0.7328661435213094,0.7627037860614438,0.70925219276441,0.784387365830931,0.029837642540134435,0.07513517306652107,0.14111708893692418,0.1409672573798393,0.0063919927953712905,0.1367689376676502,0.1453091103095451,0.13080645068659202,0.151495471512468,0.008540172641894911,0.02068902082587598,5.30756214926764,5.293492035381118,0.26808441015645135,5.1226841927444715,5.478001834728853,4.905388355543247,5.771401108920145,0.35531764198438154,0.8660127533768982,0.0,0.0,0.052303279619807075,0.05315617094242775,0.05315617094242775,0.0028255785092606003,0.0,0.0,0.030916152065268876,0.03076632050818401,0.03076632050818401,0.0009465664776123039,0.0,0.0,-1.001934799497719,-1.0160049133842408,1.0160049133842408,1.0322659840209187
61,0.7760809675766361,0.06439216932993784,12.05241220559117,1.0,18,0.46678935157402657,strong,0.7971869881002834,0.7989833185420682,0.032915947875011786,0.7755106266790954,0.8204072300293919,0.7385551171488272,0.8481456020022353,0.04489660335029644,0.10959048485340817,0.08418865269153668,0.08398917127502353,0.004752895041996216,0.08092768584014307,0.08724491323177136,0.07675469670875869,0.09277587368791057,0.006317227391628294,0.016021176979151883,9.498491750414892,9.452779371618558,0.6570210769210457,9.061136797458818,9.930818212553117,8.45425455750053,10.612537447280932,0.8696814150942984,2.158282889780402,1.0,1.0,0.021106020523647295,0.022902350965432028,0.022902350965432028,0.0005245176797438253,0.0,0.0,0.019796483361598838,0.019597001945085693,0.019597001945085693,0.0003840424852356924,0.0,0.0,-2.553920455176277,-2.5996328339726116,2.5996328339726116,6.758090871468472
62,0.6926493289471474,0.07033325201539932,9.84810611054204,1.0,21,0.33306873726005215,strong,0.7408895642144883,0.7417193336053429,0.024017844417075582,0.7251624566453552,0.7576797968112391,0.6998308703052978,0.7794756006766953,0.03251734016588392,0.07964473037139752,0.10269866717524888,0.10235342875385399,0.005039138844448631,0.09922971838052892,0.10606723504840011,0.09500198132176982,0.11108879955053824,0.006837516667871191,0.016086818228768424,7.230356557484083,7.218853799461547,0.40574298845981266,6.949464194557771,7.498663602792497,6.569531173159547,7.90676566264774,0.5491994082347267,1.3372344894881936,0.0,0.0,0.04824023526734089,0.049070004658195554,0.049070004658195554,0.0024078653571553334,0.0,0.0,0.03236541515984956,0.03202017673845467,0.03202017673845467,0.0010252917183618735,0.0,0.0,-2.6177495530579575,-2.629252311080494,2.629252311080494,6.912967715322119
63,0.17081752345314216,0.3570562764978222,0.4784050433970849,1.0,19,0.3191810219906539,strong,0.23869337767386173,0.18556944970535616,0.14485802000546866,0.12719763246257187,0.3072885939948066,0.10274305357922951,0.5572340207988378,0.18009096153223475,0.45449096721960824,0.33374343316875743,0.3570487818617423,0.12817149821051618,0.23349109601718263,0.4481029523489538,0.1020089373391037,0.49665534637844544,0.21461185633177118,0.39464640903934173,0.7503231047530587,0.7011948274742084,0.331282732767946,0.47903166676437586,0.9778846377910156,0.3063570304142179,1.3617845206222063,0.4988529710266398,1.0554274902079883,1.0,1.0,0.06787585422071957,0.014751926252213998,0.014751926252213998,0.00021761932815076053,1.0,1.0,-0.023312843329064747,-7.494636079852235e-06,7.494636079852235e-06,5.6169569969422877e-11,0.0,1.0,0.27191806135597385,0.22278978407712346,0.22278978407712346,0.049635287889131297
64,0.4878692141639617,0.36443261789488635,1.3387089689778489,1.0,27,0.419598339936426,strong,0.5026465692153642,0.5068505597865838,0.12670151195709572,0.4153579140168318,0.5972978919153146,0.2872128228490433,0.7016537318535352,0.18193997789848276,0.4144409090044919,0.42559621976207407,0.44575001064365805,0.06896014119813673,0.39401833113028006,0.4779794749824763,0.28829659184294926,0.49653503252882725,0.08396114385219622,0.208238440685878,1.1820794565191748,1.1999443311883153,0.2261813875969185,1.046961406177869,1.3343999967844813,0.7794932632826452,1.506123610022315,0.28743859060661237,0.7266303467396698,1.0,1.0,0.014777355051402541,0.018981345622622103,0.018981345622622103,0.0003602914816454353,0.0,1.0,0.06116360186718772,0.0813173927487717,0.0813173927487717,0.006612518363457988,0.0,1.0,-0.15662951245867407,-0.13876463778953352,0.13876463778953352,0.019255624700860435
65,0.5531034153183075,0.3074284440404491,1.7991289551774017,1.0,10,0.3208515966564468,strong,0.643089192242039,0.6591741429668883,0.10211452245156817,0.5841325675433302,0.7189545884823847,0.44640535343775034,0.7775130565584786,0.1348220209390545,0.33110770312072824,0.46518731450721723,0.4784736219269588,0.04007728605382413,0.45295529921182137,0.49244082399313904,0.3844270801255266,0.4990565986583376,0.03948552478131767,0.114629518532811,1.3797870328018695,1.4049651848001994,0.16776799507357334,1.2942217008479655,1.4952001505159638,1.071720279086447,1.5961496922130178,0.20097844966799827,0.5244294131265708,0.0,1.0,0.08998577692373144,0.10607072764858072,0.10607072764858072,0.011250999263899386,0.0,0.0,0.15775887046676812,0.1710451778865097,0.1710451778865097,0.029256452878227743,0.0,0.0,-0.41934192237553214,-0.3941637703772023,0.3941637703772023,0.15536507787797185
66,0.8231370173509157,0.35996250375417993,2.2867298920474224,1.0,13,0.3708409965482202,strong,0.9383405233516449,0.9475282056011916,0.037411239249237956,0.9244681253009455,0.9635097751890185,0.8693217877810799,0.9772495897627538,0.039041649888073016,0.10792780198167384,0.47737255742404644,0.4819221806459047,0.017318965547813817,0.46805036264748767,0.49044915933143746,0.4422625534849429,0.497428727849135,0.022398796683949784,0.05516617436419208,1.9661633714389928,1.9623257487690875,0.058228052967622235,1.9362536367351828,1.9934576638574368,1.8825489164585585,2.0659712414189757,0.05720402712225403,0.18342232496041722,0.0,0.0,0.11520350600072915,0.12439118825027584,0.12439118825027584,0.015473167714315563,0.0,0.0,0.11741005366986651,0.12195967689172477,0.12195967689172477,0.014874162787533904,0.0,0.0,-0.3205665206084296,-0.3244041432783349,0.3244041432783349,0.10523804817615043
67,0.9729409378178898,0.30622373780610534,3.1772224608986264,1.0,25,0.48523125949434676,strong,0.9546675536412597,0.9649977738034314,0.03795507115269737,0.9424596052470335,0.9789797292252957,0.883673610907697,0.9903807714737282,0.03652012397826221,0.10670716056603113,0.3037244746620568,0.3031140100293882,0.015154810039689371,0.29334060340102863,0.3133748559133631,0.28014209011462016,0.3295361443760021,0.020034252512334483,0.04939405426138194,3.1491519838587547,3.1418622150061557,0.17293880832209566,3.0313187729275,3.26325557177982,2.8929680272242626,3.4326331805893506,0.23193679885232,0.539665153365088,1.0,1.0,-0.01827338417663016,-0.007943164014458381,0.007943164014458381,6.309385456058659e-05,1.0,1.0,-0.0024992631440485247,-0.0031097277767171416,0.0031097277767171416,9.670406845286136e-06,1.0,1.0,-0.028070477039871644,-0.035360245892470665,0.035360245892470665,0.0012503469895759885
68,0.8846866367444676,0.26690167527330877,3.3146537422012945,1.0,24,0.3327125088440665,strong,0.8917499678267357,0.8963921945026714,0.033988255655052826,0.8719264684022529,0.9164484255836594,0.8308057777198455,0.9384837790955837,0.0445219571814065,0.10767800137573813,0.2722206196243161,0.27213804372307615,0.011610210357120692,0.2643126006306394,0.27977541565781766,0.2535821517574358,0.2916123558205724,0.015462815027178278,0.03803020406313656,3.2805357315779555,3.2689505436330175,0.16604959954449214,3.165027285833268,3.3825285316764733,3.031022031487939,3.5690778009548696,0.2175012458432053,0.5380557694669306,1.0,1.0,0.007063331082268087,0.01170555775820381,0.01170555775820381,0.0001370200824306454,1.0,1.0,0.005318944351007326,0.005236368449767381,0.005236368449767381,2.741955454171925e-05,1.0,1.0,-0.03411801062333897,-0.04570319856827698,0.04570319856827698,0.002088782359371355
69,0.7063770301831419,0.39352479088154085,1.7950000776336759,1.0,18,0.5036991392038306,strong,0.7764959250895753,0.7792607941984222,0.034955882906364394,0.7536147574160066,0.8018240378410257,0.7141925329303964,0.8280344314301483,0.04820928042501915,0.1138418984997519,0.43078691305137684,0.43191586076867006,0.021468394654384174,0.417844561538318,0.44575271656973836,0.39412571240748023,0.46369831052544874,0.027908155031420356,0.06957259811796851,1.8042232676779948,1.798791484936213,0.06887588724527122,1.757464417538687,1.845297841294442,1.7049659038336928,1.9237819721591412,0.08783342375575498,0.2188160683254483,0.0,0.0,0.07011889490643342,0.0728837640152803,0.0728837640152803,0.005312043057035067,0.0,0.0,0.03726212216983599,0.0383910698871292,0.0383910698871292,0.0014738742470784387,1.0,1.0,0.00922319004431893,0.003791407302537131,0.003791407302537131,1.4374769333731883e-05
70,0.4668466330722183,0.28840455068938126,1.6187214520585826,1.0,28,0.3315877742206224,strong,0.5117947264054362,0.5111372551187163,0.02654507724010438,0.4935274797258401,0.5299148715925521,0.4689684286952487,0.555561637147843,0.03638739186671203,0.08659320845259433,0.3408331135768239,0.34051696286440414,0.023628328741016013,0.3242270318967395,0.3570809582963985,0.3026837254002057,0.38011192817592676,0.032853926399659006,0.07742820277572104,1.5053518176062135,1.5021616196441443,0.08070696967986224,1.4488718743695892,1.5546824284887493,1.3824117424561049,1.6464261021989341,0.10581055411916007,0.2640143597428293,0.0,0.0,0.04494809333321792,0.04429062204649803,0.04429062204649803,0.0019616592012657373,0.0,0.0,0.05242856288744263,0.05211241217502288,0.05211241217502288,0.002715703502699473,0.0,1.0,-0.11336963445236914,-0.11655983241443835,0.11655983241443835,0.013586194532481952
71,0.20051808236377655,0.09506682307147996,2.109233020367249,1.0,26,0.4151160790095346,strong,0.25044614605902665,0.25039461354856396,0.025717984447869616,0.2329935737381888,0.2673501733964389,0.20962034243353436,0.2933282665588213,0.03435659965825011,0.08370792412528696,0.14263499598345875,0.13993263327789246,0.03387902632973894,0.11909290311556668,0.16151368853676754,0.09366070015313872,0.19981540169817147,0.042420785421200854,0.10615470154503275,1.8243791075027185,1.8157269369253486,0.31991659016547186,1.621714585363673,2.0401056357969827,1.320568736553747,2.3563188211024406,0.4183910504333097,1.0357500845486936,0.0,0.0,0.0499280636952501,0.04987653118478741,0.04987653118478741,0.002487668363027071,0.0,1.0,0.04756817291197879,0.044865810206412504,0.044865810206412504,0.0020129409254778284,0.0,1.0,-0.28485391286453043,-0.2935060834419003,0.2935060834419003,0.08614582101740376
72,0.35667434644350093,0.24678525147785718,1.4452822618352603,1.0,27,0.5003785280414655,strong,0.4211097415491515,0.418565723891854,0.05212306985087507,0.3856428212563238,0.4542719654664464,0.3358483243206237,0.5100547935259034,0.06862914421012256,0.1742064692052797,0.3255736786183592,0.3286082313451221,0.05264220285777889,0.2893120895588769,0.36413797759500954,0.23538856175075135,0.40788582017602454,0.07482588803613266,0.1724972584252732,1.3120788147456524,1.2949713027981025,0.16843240140960136,1.201981634771497,1.4071432939895332,1.0690021478617384,1.6012079111955033,0.20516165921803609,0.5322057633337649,0.0,1.0,0.06443539510565055,0.06189137744835305,0.06189137744835305,0.003830542602454504,0.0,1.0,0.078788427140502,0.08182297986726494,0.08182297986726494,0.006695000034358844,0.0,1.0,-0.13320344708960796,-0.15031095903715785,0.15031095903715785,0.022593384406670147
73,0.42188585895507347,0.3349740742104266,1.259458242998382,1.0,10,0.33238260662451546,strong,0.3121143405255199,0.29199535593496795,0.11995135567855245,0.21984982235782946,0.39242346506816317,0.14861704642229193,0.540057964081648,0.1725736427103337,0.39144091765935607,0.3511790765909367,0.3673515345656524,0.10268387545545028,0.276296512981363,0.43852960846813466,0.15944599331527576,0.4850624687243638,0.16223309548677167,0.32561647540908806,0.916128383220328,0.9044447271219533,0.2747996386563449,0.726808437537513,1.0871569058722592,0.46947180613342276,1.3926536627626904,0.3603484683347462,0.9231818566292677,0.0,1.0,-0.10977151842955357,-0.12989050302010552,0.12989050302010552,0.01687154277481604,1.0,1.0,0.016205002380510147,0.03237746035522582,0.03237746035522582,0.0010482999390542195,0.0,1.0,-0.3433298597780541,-0.3550135158764287,0.3550135158764287,0.1260345964549433
74,0.9358930038548361,0.1758631374955666,5.321712197238773,1.0,22,0.543462836191084,strong,0.9410923288830818,0.950804270382257,0.03858258141011999,0.9249887367347714,0.9681509335620346,0.8666726666739587,0.9831017681857155,0.04316219682726319,0.11642910151175678,0.18757608905031525,0.18734498171543415,0.008934447623876298,0.1815382684125026,0.1934690255106193,0.17297142066328053,0.20245858580459214,0.011930757098116723,0.02948716514131161,5.02758863410374,5.021903829214363,0.3040477678259182,4.83208755996968,5.220137362567599,4.551164192668752,5.528807446968048,0.3880498025979193,0.9776432542992959,1.0,1.0,0.005199325028245716,0.014911266527420919,0.014911266527420919,0.0002223458694517835,0.0,1.0,0.011712951554748663,0.01148184421986756,0.01148184421986756,0.00013183274668930608,0.0,1.0,-0.29412356313503274,-0.2998083680244097,0.2998083680244097,0.08988505753745989
75,0.5015255283104705,0.25790966082535405,1.944578294219398,1.0,15,0.4464587262693206,strong,0.6461045290045486,0.6472089439805149,0.036221606231884036,0.6220138216831644,0.6705458074808196,0.5847999342962678,0.7026738781615353,0.048531985797655164,0.1178739438652675,0.41422481780230996,0.41572114732382126,0.02548472074638759,0.39768650100555064,0.4320136045295931,0.3708325724263107,0.4537220684480363,0.034327103524042446,0.08288949602172563,1.562055677229543,1.557064522921646,0.07404883818058938,1.5128080613270407,1.6075386862803371,1.4507687405672411,1.6934413974653741,0.09473062495329643,0.242672656898133,0.0,0.0,0.14457900069407814,0.1456834156700444,0.1456834156700444,0.021223657601290937,0.0,0.0,0.15631515697695592,0.1578114864984672,0.1578114864984672,0.0249044652708559,0.0,0.0,-0.382522616989855,-0.3875137712977521,0.3875137712977521,0.1501669229454065
76,0.8934899838548619,0.41864328706619125,2.134251310026603,1.0,30,0.5315057721450902,strong,0.8927093345534995,0.9001236596014051,0.03984180679385126,0.8733325309887916,0.9201851357268406,0.8119975669663893,0.94353807796215,0.046852604738048975,0.1315405109957607,0.4495119198443349,0.4516662549871395,0.021525883794128804,0.43570913789232796,0.46569010796553656,0.4099769290836149,0.4804375706595841,0.0299809700732086,0.07046064157596921,1.9875010005714402,1.9810920741779667,0.07188126448078039,1.9400130216565037,2.0257846379545095,1.887052056352459,2.1191855200292258,0.08577161629800578,0.23213346367676668,1.0,1.0,-0.0007806493013623461,0.006633675746543166,0.006633675746543166,4.400565391027503e-05,0.0,1.0,0.030868632778143668,0.033022967920948276,0.033022967920948276,0.001090516410307979,0.0,0.0,-0.14675030945516276,-0.15315923584863622,0.15315923584863622,0.023457751525738174
77,0.8070502527410852,0.3452047412043269,2.337888668404446,1.0,10,0.39383308152768726,strong,0.9411183402219564,0.9519000605840904,0.040778258582252695,0.9305052490230001,0.9649579164896894,0.870750427492651,0.9790352384850735,0.03445266746668929,0.10828481099242249,0.4903178842557186,0.49518067233902174,0.012958836389610559,0.48709950893233817,0.49867419964722215,0.4648339176631065,0.49982517975412305,0.011574690714883984,0.03499126209101655,1.919019566599668,1.9261229703085156,0.05797390841911862,1.8995378436227035,1.949102140018371,1.8251710322140284,1.9862261376076589,0.049564296395667506,0.16105510539363044,0.0,0.0,0.13406808748087118,0.14484980784300516,0.14484980784300516,0.02098146683215552,0.0,0.0,0.14511314305139167,0.14997593113469482,0.14997593113469482,0.022492779919718722,0.0,0.0,-0.4188691018047779,-0.41176569809593033,0.41176569809593033,0.16955099012842884
78,0.963023973467558,0.36919312854119546,2.608455843348941,1.0,27,0.4568092212390368,strong,0.9293803769230604,0.9378487801146789,0.038236279209378256,0.9112323255668929,0.9567370093073417,0.8550806027090206,0.9738824598197755,0.045504683740448804,0.11880185711075486,0.3655884874663628,0.36548293587592895,0.01837796630236673,0.35294941116513917,0.377793669434481,0.33614978329612233,0.3973196083834115,0.024844258269341835,0.06116982508728919,2.5459591604983722,2.537285366967156,0.12124783020453087,2.4613988900053356,2.619944461192104,2.3663749786703425,2.769446019952933,0.15854557118676826,0.4030710412825904,0.0,1.0,-0.033643596544497556,-0.0251751933528791,0.0251751933528791,0.000633790360354848,1.0,1.0,-0.0036046410748326596,-0.0037101926652665096,0.0037101926652665096,1.3765529613397406e-05,1.0,1.0,-0.06249668285056886,-0.07117047638178509,0.07117047638178509,0.005065236708410229
79,0.7244515557601744,0.4365147889197625,1.6596266017766896,1.0,24,0.3313190026247981,strong,0.671258617128471,0.6738069371087236,0.034629088865837286,0.6488956518658868,0.6952446917038082,0.6106576065682916,0.7251132062076937,0.04634903983792138,0.1144555996394021,0.41610579992731006,0.4173966662724601,0.022817638747964636,0.40019317988616876,0.43243228356169683,0.37768155440804824,0.45240149265414675,0.03223910367552807,0.07471993824609852,1.6149537105209488,1.6102809039998325,0.06956224028901521,1.5698233837158329,1.6561617559159216,1.5109313730971443,1.7342579274082381,0.08633837220008878,0.22332655431109383,0.0,1.0,-0.05319293863170338,-0.05064461865145076,0.05064461865145076,0.0025648773983508737,0.0,1.0,-0.020408988992452415,-0.019118122647302394,0.019118122647302394,0.0003655026135572967,0.0,1.0,-0.04467289125574081,-0.049345697776857156,0.049345697776857156,0.0024349978890849254
80,0.1163444865615625,0.4899526564808805,0.23746067099057078,1.0,21,0.3692846106130818,strong,0.18856973012059483,0.14058308161514121,0.11429906834321873,0.11169710870515107,0.22189755912499937,0.10073845320444359,0.44004300118982415,0.1102004504198483,0.33930454798538057,0.28058472364692877,0.2781214505907599,0.13248761007714216,0.1645329898668276,0.3982099790595771,0.0774604717647085,0.48679326476152945,0.2336769891927495,0.40933279299682096,0.7555898595904432,0.6939844805211207,0.34959550963300956,0.48756681863973905,0.952116742195025,0.2992520693040847,1.4470447313477879,0.4645499235552859,1.1477926620437031,1.0,1.0,0.07222524355903233,0.024238595053578713,0.024238595053578713,0.0005875094901713705,0.0,0.0,-0.20936793283395172,-0.2118312058901206,0.2118312058901206,0.044872459788862666,0.0,0.0,0.5181291885998724,0.45652380953054994,0.45652380953054994,0.20841398866828584
81,0.6430970106654496,0.16018927046131448,4.014607275590014,1.0,15,0.465972031927514,strong,0.7166404658923036,0.7167686637860387,0.017909227506626442,0.704365006718156,0.7290618542314693,0.6862679850226867,0.745671944603334,0.024696847513313247,0.05940395958064726,0.2200212924132839,0.2197207702879893,0.00798026214411865,0.2143519831860243,0.22550375570762293,0.20719901282507258,0.23364564365427468,0.01115177252159863,0.026446630829202095,3.2606555489654436,3.2574851279624144,0.12521937416739737,3.172334497929286,3.3407176770723854,3.0599575597974695,3.4785182246849016,0.16838317914309942,0.41856066488743204,0.0,0.0,0.07354345522685402,0.0736716531205891,0.0736716531205891,0.005427512473520405,0.0,0.0,0.059832021951969405,0.05953149982667483,0.05953149982667483,0.003543999471613385,0.0,0.0,-0.7539517266245701,-0.7571221476275993,0.7571221476275993,0.5732339464282283
82,0.9110327551101042,0.07584698319650557,12.011456708169737,1.0,29,0.5199253172303338,strong,0.9047117314668707,0.9109947505534546,0.041657752382834076,0.8819198216996218,0.9352359010675795,0.8246127068010214,0.9587753915686531,0.05331607936795768,0.1341626847676317,0.08368268567522269,0.08334589858308074,0.004488759698545423,0.08075855710398822,0.0863689688629478,0.07680484665586734,0.09148476840654428,0.005610411758959585,0.014679921750676936,10.843168646642713,10.838736793081544,0.7822466523452163,10.344146772735666,11.341285797091622,9.550457432057367,12.137866200076246,0.9971390243559561,2.5874087680188786,1.0,1.0,-0.006321023643233503,-3.800455664959568e-05,3.800455664959568e-05,1.444346326132327e-09,0.0,0.0,0.007835702478717121,0.0074989153865751695,0.0074989153865751695,5.6233731975013827e-05,0.0,1.0,-1.168288061527024,-1.1727199150881926,1.1727199150881926,1.3752719992444578
83,0.4509485126057784,0.19875692108533954,2.2688443257387565,1.0,26,0.41916796598266626,strong,0.5002897809373691,0.5002514405693974,0.011908369074231907,0.4922429924063906,0.5085420588100691,0.4806545768142293,0.5199182627009319,0.016299066403678508,0.03926368588670259,0.23851701838394007,0.23848343707203254,0.007346009267274158,0.2333892253807469,0.24338803575308254,0.22675769741974897,0.25074354398088117,0.009998810372335631,0.0239858465611322,2.0987985164088676,2.095695899022823,0.06152201402679037,2.0563324756186407,2.1398415937941557,2.001478243137078,2.201426389906531,0.08350911817551498,0.19994814676945305,0.0,0.0,0.04934126833159069,0.049302927963619014,0.049302927963619014,0.002430778705785806,0.0,0.0,0.03976009729860053,0.039726515986692995,0.039726515986692995,0.001578196072440974,0.0,0.0,-0.1700458093298889,-0.17314842671593356,0.17314842671593356,0.029980377674203012
84,0.870572643637367,0.39551691261017763,2.2011009286356495,1.0,11,0.3826857146175616,strong,0.9657467093620544,0.976706482247296,0.04313171591562829,0.9619683279766793,0.9855205842587098,0.9030723541762561,0.9938306022262222,0.023552256282030504,0.09075824804996613,0.49643196091379654,0.49963477836772635,0.009563535853441421,0.49761233734678967,0.4999446216310663,0.4822373101697866,0.4999972084999099,0.00233228428427662,0.017759898330123314,1.9446416867439147,1.9580029558012773,0.06432553867347014,1.9336078288864433,1.975394676978883,1.8674035506438602,1.9922735344001548,0.04178684809243971,0.12486998375629454,0.0,0.0,0.09517406572468745,0.10613383860992898,0.10613383860992898,0.011264391698078451,0.0,0.0,0.10091504830361891,0.10411786575754872,0.10411786575754872,0.010840529969906938,0.0,0.0,-0.25645924189173486,-0.2430979728343723,0.2430979728343723,0.059096624396181206
85,0.5762864969087896,0.18638054356945627,3.091988497683674,1.0,27,0.3042636061066593,strong,0.5750773608972305,0.5756599868865762,0.013121013636681517,0.5661436549007357,0.5840664557011428,0.553833653345651,0.5964962056291367,0.01792280080040709,0.0426625522834857,0.20126459561765978,0.2011104242123058,0.006419019349596388,0.19678659332041676,0.20525481189527295,0.19141844266047153,0.21249499220680568,0.00846821857485619,0.021076549546334145,2.859457487370857,2.8586023539770773,0.09064766641453494,2.798301255504105,2.9190412783439355,2.711392185005917,3.011301839070505,0.12074002283983054,0.29990965406458825,1.0,1.0,-0.001209136011559142,-0.0006265100222134778,0.0006265100222134778,3.925148079339325e-07,0.0,0.0,0.014884052048203505,0.014729880642849524,0.014729880642849524,0.00021696938375259311,0.0,0.0,-0.2325310103128171,-0.23338614370659672,0.23338614370659672,0.05446909207423621
86,0.5294780196865052,0.2998598707442139,1.765751510438554,1.0,16,0.5449325794340152,strong,0.6534717770136775,0.6540044266336003,0.033676519741069506,0.6316174532268528,0.6764266972971533,0.5966419548853825,0.7072157900747149,0.044809244070300513,0.11057383518933239,0.41273031549494504,0.4140644255609274,0.022885764406788578,0.39810296293065534,0.4286512058697952,0.3725664664390758,0.44860772167633534,0.03054824293913988,0.07604125523725952,1.5850918170298518,1.5811794893953448,0.068262303985586,1.5382526372270582,1.6305350609144615,1.4795951518643475,1.6992095302605683,0.09228242368740336,0.21961437839622078,0.0,0.0,0.12399375732717233,0.12452640694709505,0.12452640694709505,0.015506826027153522,0.0,0.0,0.11287044475073116,0.11420455481671349,0.11420455481671349,0.013042680340883716,0.0,0.0,-0.18065969340870214,-0.18457202104320913,0.18457202104320913,0.03406683095197484
87,0.5202888303604661,0.1777022631303949,2.9278683410952797,1.0,28,0.5414560302344092,strong,0.5277276331834855,0.5273463750881684,0.012300743541357776,0.5195679179748409,0.5360152598431549,0.5083169377744674,0.547768303950537,0.01644734186831398,0.03945136617606959,0.18798057787255049,0.187827867882742,0.005894576678741302,0.18383986665893476,0.191751688468349,0.17891224940530298,0.19803344014825972,0.007911821809414243,0.019121190742956734,2.8093838716080493,2.807500465652671,0.08935394322570109,2.749950093084375,2.86664779940543,2.663742615629286,2.958858515938702,0.1166977063210548,0.29511590030941637,1.0,1.0,0.0074388028230193415,0.0070575447277022585,0.0070575447277022585,4.9808937583517946e-05,0.0,0.0,0.010278314742155598,0.010125604752347112,0.010125604752347112,0.00010252787160075441,0.0,1.0,-0.11848446948723046,-0.12036787544260852,0.12036787544260852,0.014488425438567319
88,0.6998620344194997,0.3987768232085656,1.755021841009708,1.0,22,0.5385959850449946,strong,0.7206289555764638,0.7209743673597986,0.03462419456959191,0.6977141918463974,0.7435302835042604,0.6634052852052206,0.7774144813044014,0.045816091657863045,0.11400919609918081,0.42170952250613203,0.4223103702289984,0.02156387289428027,0.4075542946630156,0.4364652069161625,0.3852622904176176,0.4572395807298013,0.028910912253146848,0.0719772903121837,1.7104394620745205,1.706770676536319,0.06813216282772125,1.6658960509502843,1.7483070673325936,1.6098862572086337,1.8298090521991968,0.0824110163823093,0.2199227949905631,1.0,1.0,0.020766921156964102,0.021112332940298906,0.021112332940298906,0.00044573060218203024,0.0,1.0,0.022932699297566417,0.02353354702043281,0.02353354702043281,0.000553827835362922,0.0,1.0,-0.04458237893518757,-0.04825116447338895,0.04825116447338895,0.002328174873038032
89,0.39757296361371486,0.48933179807635274,0.8124813575913978,1.0,26,0.36379349497883895,strong,0.23323443786633402,0.1812571203864744,0.14060022457145255,0.12682299226291113,0.29979956806432817,0.10269578610766265,0.5476908885900363,0.17297657580141704,0.4449951024823737,0.3202382673511289,0.33874795819581227,0.13071326392603763,0.21129368287264613,0.4399694636628654,0.09592296339655854,0.49498061235261503,0.22867578079021925,0.3990576489560565,0.7767759517005889,0.7264824774603664,0.348087105092635,0.5089109808180252,0.9962139573536625,0.31595520969544766,1.411189904282452,0.48730297653563726,1.0952346945870044,0.0,1.0,-0.16433852574738084,-0.21631584322724046,0.21631584322724046,0.04679254403111207,0.0,1.0,-0.16909353072522382,-0.15058383988054047,0.15058383988054047,0.02267549283316825,1.0,1.0,-0.03570540589080895,-0.08599888013103141,0.08599888013103141,0.007395807383791509
90,0.826788013881755,0.4816598032027603,1.7165393673794054,1.0,11,0.4162224206536628,strong,0.7984860309926262,0.8319292713585504,0.10782276061099,0.7812358298479173,0.8603040902894822,0.5750187460294579,0.8930242575148759,0.0790682604415649,0.318005511485418,0.49414133473469,0.499729833380975,0.018364400686021264,0.49686577792156195,0.4999906039829175,0.4684994587057613,0.4999999934385953,0.0031248260613555567,0.031500534732833985,1.612287507770677,1.6672612032957197,0.1962045889210574,1.5766137639982392,1.7243650076746355,1.2202118585515769,1.792139353334542,0.14775124367639636,0.5719274947829651,1.0,1.0,-0.028301982889128885,0.005141257476795391,0.005141257476795391,2.6432528442704512e-05,0.0,1.0,0.012481531531929713,0.01807003017821468,0.01807003017821468,0.00032652599064158925,1.0,1.0,-0.10425185960872829,-0.04927816408368568,0.04927816408368568,0.0024283374554586496
91,0.10645437907187422,0.33505321283106376,0.31772379728096883,1.0,18,0.5495371508277846,strong,0.21423677381774053,0.17618096269517705,0.11542145411388134,0.1267241714701609,0.2649261034385555,0.10285380033811613,0.4512522838383716,0.1382019319683946,0.3483984835002555,0.31804919480929594,0.3384916460740161,0.1266825073014717,0.21415485341941604,0.43029322994454566,0.09703583057912024,0.4891597759729484,0.21613837652512963,0.39212394539382817,0.731346285101278,0.6760511725623,0.31613906293517957,0.48925560909754845,0.923153197307439,0.314573687993623,1.324368929549407,0.4338975882098906,1.009795241555784,0.0,1.0,0.10778239474586632,0.06972658362330283,0.06972658362330283,0.004861796463777443,1.0,1.0,-0.01700401802176782,0.0034384332429523434,0.0034384332429523434,1.182282316623977e-05,0.0,1.0,0.41362248782030914,0.35832737528133113,0.35832737528133113,0.12839850787600793
92,0.3023309557531372,0.09611281839428881,3.145584125031778,1.0,16,0.5800808542322011,strong,0.33399291444992074,0.3340963442866894,0.01162769701509981,0.32594492313462065,0.3417980590026999,0.31497146754939254,0.3536665173131929,0.015853135868079238,0.03869504976380034,0.14467624776464544,0.14456132315651757,0.006411204613430519,0.1404783356577633,0.14896397824693985,0.13450066937652627,0.15527194902380648,0.008485642589176556,0.020771279647280205,2.311999935374078,2.309931960759316,0.10932740609565926,2.2367769632375474,2.3846775707489902,2.135575187017742,2.4956289079891185,0.14790060751144285,0.36005372097137656,0.0,0.0,0.031661958696783565,0.03176538853355221,0.03176538853355221,0.0010090399086875302,0.0,0.0,0.048563429370356626,0.048448504762228756,0.048448504762228756,0.0023472576136957025,0.0,0.0,-0.8335841896577003,-0.8356521642724624,0.8356521642724624,0.6983145396532504
93,0.5837482670716848,0.05212069668666211,11.199932160942666,1.0,19,0.45212173717133497,strong,0.6193238988806752,0.6191919233714899,0.02016575752285576,0.6062915090176195,0.6330394993676929,0.5853529350697264,0.653175661423356,0.02674799035007336,0.06782272635362963,0.07976506147023564,0.07934602595354485,0.004567065331053052,0.07649443767950763,0.08260939395094918,0.07305118262716681,0.0878226845409636,0.0061149562714415545,0.014771501913796795,7.788273446333172,7.770719753392873,0.4915577179175028,7.444724033987494,8.107948759480138,7.011011930957924,8.619131435769084,0.6632247254926442,1.6081195048111603,0.0,0.0,0.03557563180899037,0.03544365629980506,0.03544365629980506,0.001256252771898711,0.0,0.0,0.02764436478357353,0.027225329266882745,0.027225329266882745,0.0007412185536901821,0.0,0.0,-3.4116587146094934,-3.4292124075497927,3.4292124075497927,11.759497736093445
94,0.6329554610636837,0.13358610507573315,4.738183366487451,1.0,10,0.3536969664047246,strong,0.7764275166633346,0.7782551609593407,0.024240871265333766,0.7608182959288862,0.7937606797062987,0.7350360071908743,0.813150731414402,0.03294238377741254,0.07811472422352772,0.2779543727260931,0.2777189849985974,0.010962756931806945,0.2703291672292071,0.2850050589511357,0.26073976699412754,0.2962381366149104,0.014675891721928624,0.035498369620782844,2.79642135272455,2.790037370583862,0.11298890186918929,2.71780585086956,2.870285048174903,2.6248003167752016,2.9915687642589153,0.1524791973053432,0.3667684474837136,0.0,0.0,0.14347205559965093,0.14529969989565694,0.14529969989565694,0.02111200278976797,0.0,0.0,0.14436826765035993,0.14413287992286422,0.14413287992286422,0.020774287074858795,0.0,0.0,-1.9417620137629013,-1.9481459959035892,1.9481459959035892,3.795272821355187
95,0.7439202550998762,0.46813178063454686,1.589125724580163,1.0,19,0.4954785066119801,strong,0.7849608812356296,0.7945863195135683,0.05261955885215963,0.7586826865888496,0.8232972954990578,0.6826097267354718,0.8520376611341195,0.0646146089102082,0.16942793439864767,0.4802618430946182,0.4855390814418543,0.018106192731650036,0.4727998507122324,0.493685435379151,0.4430379191116017,0.4986187012610408,0.02088558466691859,0.05558078214943912,1.6337278416531684,1.6446696886796357,0.07867439784515423,1.5942685498871556,1.6865208105432143,1.4894723857081227,1.7368638139444774,0.09225226065605874,0.24739142823635474,0.0,1.0,0.04104062613575332,0.050666064413692036,0.050666064413692036,0.0025670500831723904,0.0,1.0,0.012130062460071367,0.017407300807307458,0.017407300807307458,0.00030301412139608686,0.0,1.0,0.04460211707300532,0.0555439640994726,0.0555439640994726,0.003085131947883501
96,0.49366895263188737,0.10825757104750955,4.560133280796014,1.0,17,0.38249226508009215,strong,0.5817851968906217,0.5815015970973099,0.014071295557591783,0.5722545410840195,0.5914671850774255,0.5587000734805375,0.6048880617484251,0.019212643993405942,0.046187988267887614,0.17097156170573777,0.17093794264233686,0.006649064925699843,0.1662317823155239,0.17535070932673824,0.16022144166811503,0.18210442509408223,0.009118927011214334,0.0218829834259672,3.40700451319678,3.4008532893717183,0.13373184717327302,3.3118712079456625,3.496874699178383,3.195629008028742,3.632932643510973,0.1850034912327203,0.43730363548223083,0.0,0.0,0.08811624425873432,0.0878326444654225,0.0878326444654225,0.007714573433789312,0.0,0.0,0.06271399065822822,0.06268037159482731,0.06268037159482731,0.003928828983265634,0.0,0.0,-1.1531287675992345,-1.1592799914242962,1.1592799914242962,1.3439300985167162
97,0.8038909102494669,0.2568870271459724,3.1293558074175047,1.0,17,0.35046095977681857,strong,0.874997305766625,0.879285749786102,0.033824630333576584,0.8555193998342344,0.8989945928697414,0.8124695896841446,0.9217184609907868,0.043475193035506954,0.10924887130664218,0.29987897530116164,0.2996008018754779,0.012537919127571255,0.29172466720288065,0.30800076072935423,0.27919042853822423,0.32121307030259766,0.01627609352647358,0.042022641764373425,2.9214126500854865,2.914107848415309,0.13851069625871773,2.8259341644037406,3.0115350430731267,2.710762277918503,3.150886299177835,0.18560087866938613,0.4401240212593316,0.0,0.0,0.07110639551715814,0.07539483953663506,0.07539483953663506,0.00568438182875495,0.0,0.0,0.04299194815518925,0.042713774729505494,0.042713774729505494,0.0018244665516429421,0.0,1.0,-0.2079431573320183,-0.21524795900219562,0.21524795900219562,0.04633168385461089
98,0.7966156676705138,0.2867688381971291,2.777901785559101,1.0,17,0.39070472748422724,strong,0.8350108731671886,0.8375168798022263,0.029767508098531292,0.8161422912973066,0.8561224006126185,0.7816996547928042,0.8798263724647803,0.03998010931531182,0.09812671767197612,0.3264333412035314,0.3262286323413533,0.013287132867828854,0.317522646690014,0.3348354498995666,0.304542658661906,0.34880385858105617,0.017312803209552585,0.044261199919150174,2.5605658215085216,2.5563167428056026,0.10430796065959354,2.4893309909637695,2.624787985229961,2.394013125214412,2.7436578526761313,0.13545699426619162,0.3496447274617194,0.0,1.0,0.038395205496674745,0.040901212131712494,0.040901212131712494,0.0016729091538433454,0.0,0.0,0.039664503006402285,0.03945979414422418,0.03945979414422418,0.0015570753539045489,0.0,0.0,-0.2173359640505792,-0.22158504275349822,0.22158504275349822,0.049099931172069636
99,0.5333193990589671,0.44901721715923226,1.187748216946076,1.0,13,0.3624437339020607,strong,0.35796494186179334,0.33766934397649084,0.14984364682596832,0.2368732583260314,0.4654504695160318,0.1470367681538487,0.6282276789313391,0.2285772111900004,0.48119091077749043,0.3838000142942465,0.41557331561144806,0.10420440920019734,0.31718190028553767,0.4716641866968114,0.1738075671983528,0.49667302730194907,0.15448228641127376,0.3228654601035963,0.9443412522864151,0.9394970614933931,0.29977146407065264,0.733491446127855,1.1528533405304344,0.4722080732485205,1.420599102979148,0.4193618944025794,0.9483910297306275,0.0,1.0,-0.17535445719717374,-0.19565005508247624,0.19565005508247624,0.038278944053775986,1.0,1.0,-0.06521720286498578,-0.033443901547784205,0.033443901547784205,0.0011184945507378826,0.0,1.0,-0.24340696465966094,-0.24825115545268295,0.24825115545268295,0.061628636183592156
