case_id,true_beta,true_gamma,true_R0,sigma,beta_mean,beta_median,beta_std,beta_ci50_low,beta_ci50_high,beta_ci90_low,beta_ci90_high,beta_width50,beta_width90,gamma_mean,gamma_median,gamma_std,gamma_ci50_low,gamma_ci50_high,gamma_ci90_low,gamma_ci90_high,gamma_width50,gamma_width90,R0_mean,R0_median,R0_std,R0_ci50_low,R0_ci50_high,R0_ci90_low,R0_ci90_high,R0_width50,R0_width90,beta_covered50,beta_covered90,beta_err_mean,beta_err_median,beta_abs_err_median,beta_sq_err_median,gamma_covered50,gamma_covered90,gamma_err_mean,gamma_err_median,gamma_abs_err_median,gamma_sq_err_median,R0_covered50,R0_covered90,R0_err_mean,R0_err_median,R0_abs_err_median,R0_sq_err_median
0,0.26104133230789256,0.33796092457181953,0.7724009296004251,0.4270878808004396,0.19547599542724323,0.17260674426211267,0.08399003700611984,0.12873548325563317,0.2389153809671303,0.10466417227717545,0.3669111244945658,0.11017989771149714,0.26224695221739036,0.2795253260311698,0.2791947054167099,0.11839164500062742,0.18353006198930077,0.3794234667813793,0.08555402739525726,0.46475565982187933,0.1958934047920785,0.3792016324266221,0.7858263136193445,0.7436172391815856,0.3170534429272253,0.5519655459116519,0.9681757468074054,0.3385242480470691,1.396370065048078,0.41621020089575345,1.0578458170010088,0.0,1.0,-0.06556533688064933,-0.08843458804577989,0.08843458804577989,0.007820676362826795,1.0,1.0,-0.058435598540649725,-0.058766219155109656,0.058766219155109656,0.003453468513786377,1.0,1.0,0.013425384018919462,-0.028783690418839436,0.028783690418839436,0.0008285008341275892
1,0.6194597540465793,0.23732178934660986,2.610210194993325,0.10126164752477332,0.17712109479705127,0.17417238760945716,0.0349494175922082,0.1525985802644126,0.1981139829444072,0.1255596273667915,0.23895676967891888,0.045515402679994627,0.11339714231212739,0.15363354920980032,0.14212566348314246,0.06519300188920267,0.10385674793363084,0.1883933812817587,0.06914624624838611,0.28474232844137853,0.08453663334812786,0.21559608219299242,1.3090344814329333,1.3005736733038584,0.41652284347830654,1.0096607020511477,1.6267155829077933,0.6118274627473992,1.9932560627769182,0.6170548808566456,1.381428600029519,0.0,0.0,-0.442338659249528,-0.4452873664371221,0.4452873664371221,0.19828083870850782,0.0,1.0,-0.08368824013680953,-0.0951961258634674,0.0951961258634674,0.009062302379413127,0.0,0.0,-1.3011757135603916,-1.3096365216894665,1.3096365216894665,1.7151478189428846
2,0.21550996129784816,0.17599628488815172,1.224514264234657,0.12290286473784076,0.324712928804187,0.3175267549701941,0.11277090604955177,0.24010730625219118,0.40378321750238155,0.14806730872553098,0.5212900583521526,0.16367591125019038,0.3732227496266216,0.3614397876969031,0.37686588224979434,0.08627721457706136,0.3105029708086778,0.42765863915295266,0.19790381433405133,0.47472889886626846,0.11715566834427488,0.2768250845322171,0.905155209771741,0.9171883744180716,0.22857534868954196,0.764335887986515,1.0567330965137596,0.5033883231986316,1.2513419816993328,0.2923972085272446,0.7479536585007012,0.0,1.0,0.10920296750633884,0.10201679367234595,0.10201679367234595,0.010407426191186005,0.0,0.0,0.18544350280875138,0.20086959736164262,0.20086959736164262,0.04034859514422842,0.0,1.0,-0.3193590544629159,-0.3073258898165854,0.3073258898165854,0.09444920255155598
3,0.9688323428602119,0.06370916365620277,15.207111304872477,0.1843283543367119,0.3245400579987024,0.3241435474707891,0.013352512478465296,0.31542771992175356,0.33341573904312566,0.30329074502179687,0.3470924760333567,0.0179880191213721,0.04380173101155982,0.06313808862519614,0.06247409505266652,0.004653198272727792,0.059879446514017096,0.0657393684076674,0.05674484299391887,0.07191788577277444,0.005859921893650311,0.015173042778855575,5.167514037193047,5.17504466301383,0.4324856384666557,4.875464375782549,5.452712555289436,4.453306108449022,5.874741074658532,0.5772481795068867,1.4214349662095103,0.0,0.0,-0.6442922848615096,-0.6446887953894228,0.6446887953894228,0.41562364290066506,1.0,1.0,-0.000571075031006632,-0.0012350686035362546,0.0012350686035362546,1.525394455440994e-06,0.0,0.0,-10.03959726767943,-10.032066641858647,10.032066641858647,100.64236110669302
4,0.3797137105977739,0.3087497789608495,1.229842858109132,0.7830824095695105,0.32068695855705825,0.31859587415912927,0.07253769856038142,0.2696339657637912,0.3704608475115865,0.20653840867869366,0.4420240257077133,0.1008268817477953,0.23548561702901966,0.3102570504009956,0.31292661694531604,0.06575157644275433,0.2661924823883576,0.35591948907064375,0.20050900341657688,0.41496382154879,0.08972700668228617,0.21445481813221315,1.0513690954584252,1.0583195772030307,0.1934853000438608,0.9490207555603466,1.1595192748434437,0.7163057867641682,1.3573055976664121,0.21049851928309715,0.6409998109022439,0.0,1.0,-0.05902675204071567,-0.06111783643864466,0.06111783643864466,0.0037353899309409207,1.0,1.0,0.0015072714401461185,0.004176837984466553,0.004176837984466553,1.7445975548482612e-05,0.0,1.0,-0.1784737626507069,-0.17152328090610136,0.17152328090610136,0.029420235892793356
5,0.47014181963976176,0.3901769745606405,1.204945064144715,0.21951084361177803,0.3145395494772992,0.30954633680260685,0.10454655902154199,0.23573261346206495,0.38947281205043727,0.15167765059601718,0.49411292128078327,0.15374019858837232,0.3424352706847661,0.3498935727811183,0.3614097634135714,0.08652988483308366,0.29592881357260636,0.4166944778164346,0.18833708952627967,0.47004597183527214,0.12076566424382823,0.2817088823089925,0.9129058567283115,0.9226017257154804,0.22946356791389091,0.769066409253471,1.0697376825109624,0.5114480251878347,1.2644638554104533,0.3006712732574913,0.7530158302226185,0.0,1.0,-0.15560227016246259,-0.1605954828371549,0.1605954828371549,0.025790909107698917,1.0,1.0,-0.040283401779522165,-0.028767211147069094,0.028767211147069094,0.0008275524371800563,0.0,1.0,-0.29203920741640355,-0.28234333842923465,0.28234333842923465,0.07971776075536532
6,0.7403594957319698,0.23075823601625456,3.2083773412092604,0.6789656649093515,0.5001331249838031,0.49985078946346856,0.011466267256715462,0.4920936487532196,0.508071648338875,0.4811060679356312,0.5192638457304946,0.015977999585655378,0.038157777794863346,0.2170644557711509,0.21679333875579965,0.007354862526583375,0.21194108043987964,0.22199185011417738,0.20546158516516114,0.22957459906513852,0.010050769674297744,0.024113013899977387,2.3057179037147915,2.3036335527337193,0.06547463514480738,2.2613020787267786,2.348316008467547,2.2015584078798187,2.4165331363335905,0.0870139297407686,0.21497472845377175,0.0,0.0,-0.24022637074816666,-0.24050870626850124,0.24050870626850124,0.05784443779094821,0.0,0.0,-0.013693780245103648,-0.013964897260454912,0.013964897260454912,0.0001950183554950611,0.0,0.0,-0.902659437494469,-0.9047437884755412,0.9047437884755412,0.8185613227850748
7,0.9372643740217701,0.31923358024572585,2.9359830294179052,0.20791025205992936,0.373803673838298,0.3738249734152318,0.015499285727164669,0.36298414411358193,0.3841083123627055,0.3491656646201682,0.39920552337065796,0.021124168249123554,0.050039858750489774,0.21875942029702025,0.21828998038784728,0.014355181920971339,0.2088467398681545,0.22811038384256133,0.19630284032144038,0.24358250128620337,0.01926364397440683,0.04727966096476299,1.7129849554501166,1.7099302522263935,0.08399739040937719,1.6556364087533828,1.7659317902648142,1.5839791407290866,1.85836034456909,0.11029538151143137,0.2743812038400033,0.0,0.0,-0.5634607001834722,-0.5634394006065383,0.5634394006065383,0.31746395815585515,0.0,0.0,-0.1004741599487056,-0.10094359985787857,0.10094359985787857,0.010189610352267502,0.0,0.0,-1.2229980739677886,-1.2260527771915117,1.2260527771915117,1.5032054124590186
8,0.8309845136136211,0.2731726148844541,3.041975909499966,0.3033217314001133,0.42952758783718803,0.4295286041346659,0.01289355878979735,0.42069712316200236,0.4382511507902821,0.40784169289159056,0.4502925560475284,0.017554027628279734,0.042450863155937824,0.22519900385310643,0.22500219949600658,0.010076218533141128,0.21816396112978603,0.2315985361757994,0.2092107055298909,0.24224977552191893,0.013434575046013364,0.03303906999202802,1.9094791677450005,1.9091480019167253,0.06524856197403331,1.86523064401356,1.9504495395817865,1.8059354032636816,2.0187623112952573,0.08521889556822648,0.21282690803157567,0.0,0.0,-0.4014569257764331,-0.4014559094789552,0.4014559094789552,0.1611668472555751,0.0,0.0,-0.047973611031347674,-0.04817041538844752,0.04817041538844752,0.0023203889186955815,0.0,0.0,-1.1324967417549654,-1.1328279075832406,1.1328279075832406,1.2832990681994232
9,0.813955298805505,0.31228697542759054,2.6064337063401974,0.34497493143203406,0.4161878228019079,0.4159625267002041,0.013634680959349414,0.407249445768506,0.4253206950545798,0.3941463472563387,0.439359427297764,0.018071249286073787,0.045213080041425324,0.2358270004296715,0.2356109766629564,0.011181313376237323,0.22838072910042462,0.24295848711464055,0.218027555455,0.25520822746202504,0.01457775801421593,0.037180672007025045,1.7669313253445655,1.7674328685521896,0.062340811109469284,1.7258739008444905,1.8058622311503816,1.664464464815979,1.871557803870058,0.07998833030589103,0.207093339054079,0.0,0.0,-0.3977674760035971,-0.3979927721053009,0.3979927721053009,0.15839824664806196,0.0,0.0,-0.07645997499791904,-0.07667599876463413,0.07667599876463413,0.005879208786554175,0.0,0.0,-0.8395023809956319,-0.8390008377880078,0.8390008377880078,0.703922405808979
10,0.8729612017928233,0.44685629078115185,1.9535614017356568,0.1714715142794148,0.2567559339277504,0.2536283295750865,0.04962186092853026,0.2227023687157038,0.2884985255918452,0.18077287395961336,0.34472018729951415,0.06579615687614138,0.16394731333990079,0.2287707430545043,0.22817675046133853,0.06127294662863098,0.1865591679939355,0.2702581083900215,0.1302781839479272,0.33306585616634693,0.08369894039608602,0.20278767221841973,1.1736742584933282,1.1581421000477876,0.25562369305067345,0.9997675924709979,1.325394410738464,0.7930476706171368,1.6061090024032074,0.3256268182674662,0.8130613317860707,0.0,0.0,-0.6162052678650729,-0.6193328722177368,0.6193328722177368,0.38357320660947153,0.0,0.0,-0.21808554772664757,-0.21867954031981332,0.21867954031981332,0.04782074135448486,0.0,0.0,-0.7798871432423287,-0.7954193016878692,0.7954193016878692,0.6326918654976176
11,0.5581935084158897,0.45794144871036324,1.2189189469261896,0.26702194016307274,0.2738077907626971,0.2654384518319207,0.10082179157911123,0.19600333075017384,0.3378711174448814,0.1294086763030927,0.4566009390860595,0.14186778669470756,0.32719226278296676,0.3315346070388641,0.34475562352741973,0.09526631570605043,0.2675384943788262,0.4056271224345778,0.15222762417006214,0.4666691118033923,0.13808862805575162,0.3144414876333302,0.8509715114595284,0.8499943902418292,0.245077341162106,0.6913757030427667,1.0030166973585244,0.4507974826837511,1.241119155507788,0.31164099431575765,0.790321672824037,0.0,0.0,-0.28438571765319254,-0.29275505658396894,0.29275505658396894,0.08570552315548285,0.0,1.0,-0.12640684167149913,-0.11318582518294351,0.11318582518294351,0.01281103102234385,0.0,1.0,-0.3679474354666612,-0.3689245566843604,0.3689245566843604,0.13610532852475185
12,0.5731611696121026,0.35679534518959455,1.606414369861062,0.4730975433617809,0.31482835659481473,0.31303538174754164,0.051190503130879195,0.2791333857909309,0.3467502629886555,0.2381930847729552,0.4034211760808109,0.06761687719772463,0.1652280913078557,0.26052509832358217,0.26072430621273956,0.051197572715058176,0.22555006443685705,0.2943104973391664,0.17736909974301446,0.34567882750741097,0.06876043290230938,0.1683097277643965,1.23256894235772,1.2228368724131538,0.19446443222271725,1.1124546020293526,1.343368974985516,0.9352318832304075,1.568113343714485,0.23091437295616335,0.6328814604840775,0.0,0.0,-0.2583328130172879,-0.260125787864561,0.260125787864561,0.06766542551215858,0.0,0.0,-0.09627024686601238,-0.09607103897685498,0.09607103897685498,0.009229644530092389,0.0,0.0,-0.37384542750334204,-0.38357749744790826,0.38357749744790826,0.14713169654840005
13,0.18774299735492933,0.43882343737166407,0.4278326574337444,0.5548782545101267,0.24691851128422052,0.22361846930514007,0.10809735711050268,0.15987906111971598,0.3168255241943526,0.10801587139001581,0.4560124710683229,0.15694646307463664,0.3479965996783071,0.3387336977184961,0.35890300247067103,0.10611088284295193,0.2673191945842186,0.4237134187616828,0.13688346603908094,0.4800706649446186,0.15639422417746418,0.3431871989055376,0.7535970274225422,0.744790143771961,0.2512418175695028,0.5733026393333558,0.9201903510448206,0.3578969798636504,1.1458025916205894,0.3468877117114648,0.787905611756939,1.0,1.0,0.059175513929291185,0.035875471950210736,0.035875471950210736,0.0012870494876503573,0.0,1.0,-0.10008973965316798,-0.07992043490099304,0.07992043490099304,0.006387275914763867,0.0,1.0,0.3257643699887978,0.3169574863382166,0.3169574863382166,0.10046204814584075
14,0.5377934135779678,0.17265674719576185,3.1148126112222325,0.4943348938869515,0.362105287037475,0.36170788299435686,0.009705537363979017,0.35556468460703883,0.3684293880745666,0.34612546261841604,0.37841555216602685,0.012864703467527772,0.03229008954761081,0.1553385419304161,0.15501474954124927,0.006468989785500035,0.15095874721373323,0.15939139830143742,0.14520196517198233,0.16658827216622185,0.00843265108770419,0.021386306994239518,2.334012283677589,2.334306565280415,0.09086047406562633,2.271945498349969,2.3948872141239295,2.1819056360033726,2.4781870188715387,0.12294171577396051,0.2962813828681661,0.0,0.0,-0.17568812654049282,-0.17608553058361098,0.17608553058361098,0.0310061140809118,0.0,0.0,-0.01731820526534575,-0.017641997654512576,0.017641997654512576,0.00031124008124182724,0.0,0.0,-0.7808003275446436,-0.7805060459418174,0.7805060459418174,0.6091896877517303
15,0.38991571308913775,0.47798158111504574,0.8157546828050026,0.4163091648209867,0.20506832368994798,0.17814967041224278,0.09559537196432812,0.12800888995011445,0.26075805457067736,0.10204492147920757,0.3944479196348626,0.1327491646205629,0.292402998155655,0.3251656820655213,0.34488759107270994,0.11788464640922537,0.2389919376639237,0.42485366956846765,0.10840359582076893,0.48461674138416133,0.18586173190454394,0.3762131455633924,0.6797051414084708,0.6413118625183054,0.27729372505642763,0.48025549473134244,0.8300246853702278,0.3158077301614434,1.181395166583202,0.34976919063888534,0.8655874364217586,0.0,1.0,-0.18484738939918977,-0.21176604267689497,0.21176604267689497,0.0448448568310325,0.0,1.0,-0.15281589904952442,-0.1330939900423358,0.1330939900423358,0.01771401018538938,1.0,1.0,-0.1360495413965318,-0.17444282028669722,0.17444282028669722,0.03043029754957694
16,0.8759250289893802,0.4010112925529148,2.1842901814885898,0.24845505351586689,0.36369303899928745,0.36326945311097214,0.025760653245161486,0.34623067275735653,0.3807169548306784,0.3227390143355257,0.40630504405161555,0.03448628207332188,0.08356602971608984,0.2444400903953993,0.2436585809717473,0.02463666663881888,0.2276099341373337,0.26043775593751195,0.20629338045476964,0.2857898933005224,0.032827821800178236,0.07949651284575276,1.4955885039269372,1.4918723693757003,0.10795869935525738,1.4247028088015314,1.5658406597373324,1.3281609966444732,1.6836100611270555,0.141137850935801,0.3554490644825823,0.0,0.0,-0.5122319899900927,-0.512655575878408,0.512655575878408,0.2628157394792222,0.0,0.0,-0.1565712021575155,-0.15735271158116748,0.15735271158116748,0.02475987584194608,0.0,0.0,-0.6887016775616526,-0.6924178121128894,0.6924178121128894,0.47944242653120067
17,0.7461158385659213,0.2724475877517289,2.7385665063983913,0.6131053891820176,0.5210859217458499,0.5209227702400865,0.012693311317048915,0.5130121685437375,0.529397647267393,0.5006424488736975,0.5420565507201356,0.016385478723655478,0.04141410184643812,0.25934526996053625,0.25892880751789465,0.008766646707910074,0.25334012977526144,0.26537632813191175,0.24536122108839245,0.27444114303589523,0.012036198356650318,0.02907992194750278,2.0104477584014173,2.00926445419055,0.05163964048287253,1.9757386070162435,2.0452598608762784,1.9267700016490517,2.097242077187869,0.06952125386003494,0.17047207553881738,0.0,0.0,-0.22502991682007145,-0.22519306832583486,0.22519306832583486,0.05071191802200412,0.0,1.0,-0.013102317791192641,-0.013518780233834238,0.013518780233834238,0.0001827574190107073,0.0,0.0,-0.728118747996974,-0.7293020522078413,0.7293020522078413,0.5318814833545689
18,0.9526099141776209,0.33757397497816216,2.821929368930901,0.3115533645859213,0.4712266412618336,0.4709523161958402,0.015474638422696856,0.4610001395940486,0.48106800289955287,0.44619235885424263,0.4971351138471849,0.020067863305504252,0.05094275499294226,0.26442214326370755,0.2639867898125182,0.012096655728630567,0.2562522379978177,0.2722543433224315,0.24550237806184,0.2835123236268902,0.01600210532461377,0.03800994556505022,1.783916204631581,1.7818761193136439,0.05738239993712507,1.7442204662379241,1.81895314395284,1.6935858845929388,1.8842290926050136,0.07473267771491576,0.1906432080120748,0.0,0.0,-0.48138327291578725,-0.48165759798178065,0.48165759798178065,0.23199404169357862,0.0,0.0,-0.07315183171445461,-0.07358718516564394,0.07358718516564394,0.005415073820602768,0.0,0.0,-1.0380131642993198,-1.040053249617257,1.040053249617257,1.0817107620394162
19,0.6070779531046078,0.39176478229508177,1.5495980765503052,0.7179274929071078,0.44878883788435525,0.44924211525944374,0.04424336302404701,0.4171354376966314,0.4790536341591156,0.37777981203092564,0.5226098152268289,0.0619181964624842,0.14483000319590328,0.33117379535832814,0.33028290878576516,0.03546223760034803,0.30619672546777515,0.35568603556152256,0.2738838983381084,0.3907100541918308,0.04948931009374741,0.11682615585372241,1.3599910141424325,1.3588031475052251,0.09965912878548135,1.2942484713038909,1.4208116658622245,1.2011805047165203,1.5247155688916143,0.12656319455833365,0.32353506417509403,0.0,0.0,-0.15828911522025252,-0.15783583784516403,0.15783583784516403,0.024912151708284914,0.0,0.0,-0.06059098693675363,-0.06148187350931661,0.06148187350931661,0.0037800207702156073,0.0,0.0,-0.18960706240787273,-0.1907949290450801,0.1907949290450801,0.036402704949317154
20,0.38303717670811166,0.4197523624239557,0.9125313184568543,0.15836085410437667,0.22055430347560923,0.19738768836663406,0.09745192384589249,0.141302836231256,0.27773460954360213,0.10516849976713165,0.41248621997669943,0.13643177331234613,0.30731772020956777,0.33394415808891026,0.3536121454930247,0.11058214465676298,0.2554164227165133,0.42460286732223496,0.12572860724798174,0.4800963261240485,0.16918644460572163,0.3543677188760668,0.6970861176525054,0.6807661450808123,0.2555321800650753,0.5110515260316858,0.8553033173390423,0.3185169011589994,1.1106687464397693,0.3442517913073565,0.7921518452807699,0.0,1.0,-0.16248287323250243,-0.1856494883414776,0.1856494883414776,0.03446573252145243,1.0,1.0,-0.08580820433504543,-0.06614021693093097,0.06614021693093097,0.004374528295670608,0.0,1.0,-0.21544520080434892,-0.23176517337604197,0.23176517337604197,0.05371509559002679
21,0.39165956157649406,0.3728237767960459,1.0505219515298037,0.4167313598685033,0.2743095025459896,0.2596498853952062,0.11436601141592714,0.18162587815779108,0.3493863775908643,0.11464772839662275,0.4838771782295151,0.16776049943307325,0.36922944983289235,0.36000741608560294,0.38052592272749064,0.09916865064037159,0.3006227631356752,0.4384179607687078,0.162065645375036,0.4851500955294447,0.1377951976330326,0.3230844501544087,0.7741704997828894,0.7782500083887056,0.2419500976376441,0.6068510116142103,0.9344966595206506,0.3747500312225631,1.1554464939017326,0.32764564790644035,0.7806964626791695,0.0,1.0,-0.11735005903050444,-0.13200967618128784,0.13200967618128784,0.017426554605488472,1.0,1.0,-0.012816360710442953,0.007702145931444748,0.007702145931444748,5.932305194927089e-05,0.0,1.0,-0.2763514517469142,-0.27227194314109804,0.27227194314109804,0.07413201102182933
22,0.697977548664477,0.14991832003914152,4.65571885065311,0.5782751755356076,0.449359468381067,0.4491684431731385,0.009941300285661342,0.4424593110555797,0.45615887470691574,0.43346305636144256,0.4657768991305074,0.013699563651336066,0.03231384276906485,0.145191953531554,0.14498051751927535,0.004942249227764704,0.14174978712672326,0.1484680048376676,0.13745149051548744,0.15357798880992962,0.00671821771094433,0.016126498294442182,3.097925425257721,3.094667830655253,0.11047314706549079,3.023853495342446,3.1687731368138654,2.9199270477544736,3.286112130125793,0.14491964147141934,0.3661850823713193,0.0,0.0,-0.24861808028341004,-0.24880910549133856,0.24880910549133856,0.061905970975400036,0.0,1.0,-0.004726366507587509,-0.004937802519866169,0.004937802519866169,2.438189372519669e-05,0.0,0.0,-1.557793425395389,-1.5610510199978571,1.5610510199978571,2.43688028703635
23,0.5631710958878215,0.21089419700231232,2.670396359372784,0.4665657538987018,0.36845649212113907,0.3683530489173467,0.011402161619933522,0.3604905530323649,0.37612373415046096,0.3501378716421631,0.38721375288247895,0.015633181118096084,0.037075881240315856,0.1795178981777945,0.17925918116431017,0.008646665831777013,0.17378667914387427,0.18513179950418907,0.1654719117382059,0.19422088841523896,0.011345120360314792,0.02874897667703305,2.055664368142351,2.0541196096261887,0.08600397321871994,1.9976523297253441,2.1126358076182363,1.9166378373211017,2.2029055756006204,0.1149834778928922,0.2862677382795187,0.0,0.0,-0.19471460376668248,-0.19481804697047483,0.19481804697047483,0.03795407142539014,0.0,0.0,-0.03137629882451781,-0.031635015838002156,0.031635015838002156,0.0010007742270706473,0.0,0.0,-0.6147319912304332,-0.6162767497465955,0.6162767497465955,0.3797970322782279
24,0.3814650908791042,0.4394650615249385,0.8680214294065264,0.7968891505684668,0.1937094070266711,0.16899657979434585,0.08761542904954465,0.12434789009561634,0.23885799434323074,0.10191902664673112,0.3764408857765197,0.1145101042476144,0.27452185912978855,0.3074837516948794,0.3208725269677817,0.12005173770575603,0.21376858409402544,0.41109019318453577,0.09412236303145105,0.4781119658975603,0.19732160909051033,0.3839896028661092,0.6949933717100878,0.6591124601815737,0.2879497766642044,0.4882904685421542,0.8428798121552744,0.30704149405166,1.2439571429843304,0.3545893436131202,0.9369156489326704,0.0,0.0,-0.18775568385243308,-0.21246851108475834,0.21246851108475834,0.04514286820257408,0.0,1.0,-0.13198130983005912,-0.11859253455715685,0.11859253455715685,0.014064189252690441,0.0,1.0,-0.1730280576964386,-0.20890896922495272,0.20890896922495272,0.043642957422632245
25,0.15695178071660107,0.4370093687861621,0.3591496931806075,0.5388553006237607,0.19414886397629005,0.1719960160173234,0.08589652618875937,0.12537693125565347,0.23638306575133544,0.10248988392193914,0.3744019216027236,0.11100613449568197,0.2719120376807845,0.3087428962807118,0.32049639451939377,0.12038368796590318,0.2128707647671961,0.41232701194947896,0.09482518549886775,0.4810772174116367,0.19945624718228286,0.38625203191276897,0.6945483130707988,0.6532110036643897,0.2865657529805368,0.49055418757212255,0.844397170151292,0.3100611122584351,1.2399737996029467,0.35384298257916946,0.9299126873445116,1.0,1.0,0.037197083259688984,0.015044235300722325,0.015044235300722325,0.00022632901578349975,0.0,1.0,-0.1282664725054503,-0.11651297426676832,0.11651297426676832,0.013575273172488618,0.0,1.0,0.33539861989019126,0.29406131048378215,0.29406131048378215,0.08647205432343932
26,0.4077749284898452,0.4380689330414299,0.930846489521046,0.13537385809381303,0.1925904357252449,0.17289225697372357,0.07772260612098943,0.13332327897456192,0.2327277189104935,0.10403039372946059,0.34820102299098304,0.09940443993593157,0.24417062926152244,0.2995284600343022,0.3085538605097633,0.10725057533997703,0.21991393547229554,0.388245126922004,0.10911763306284257,0.46079595565667847,0.16833119144970848,0.3516783225938359,0.6971288809036336,0.6727409389392157,0.26022034240138714,0.5136367309192051,0.8364745348434537,0.32543744984092626,1.1370917592652778,0.32283780392424855,0.8116543094243516,0.0,0.0,-0.2151844927646003,-0.23488267151612163,0.23488267151612163,0.0551698693785503,0.0,1.0,-0.13854047300712768,-0.1295150725316666,0.1295150725316666,0.01677415401288286,0.0,1.0,-0.23371760861741242,-0.25810555058183027,0.25810555058183027,0.06661847524114975
27,0.2945705327602721,0.12157756079057097,2.422902144481235,0.515738959997204,0.20732366694716445,0.20696003794131718,0.012878553177565017,0.19840707827915754,0.2151032333463882,0.18687360039754622,0.2296120203934258,0.016696155067230656,0.04273841999587957,0.09378947338792308,0.0912833552340179,0.01501012569575024,0.0831608628226135,0.10226098229688466,0.07306855670503312,0.12240583120781617,0.019100119474271163,0.04933727450278305,2.2549399015236102,2.2624585295861595,0.3056317897281189,2.0477785399247317,2.4802087037914182,1.7304807365383084,2.7366514588993627,0.43243016386668653,1.0061707223610543,0.0,0.0,-0.08724686581310767,-0.08761049481895494,0.08761049481895494,0.007675598802422131,0.0,1.0,-0.02778808740264789,-0.030294205556553072,0.030294205556553072,0.000917738890302691,1.0,1.0,-0.16796224295762485,-0.16044361489507564,0.16044361489507564,0.025742153560599338
28,0.713223794285313,0.19175548917566831,3.7194439509991004,0.5659503726683625,0.46676723042367885,0.46673134880919,0.00982005116777251,0.46044626882204204,0.4731636466390654,0.4503627623318402,0.4829123809700366,0.012717377817023368,0.03254961863819639,0.18811431783076074,0.18783924047438966,0.005917959536525486,0.18402825873182568,0.191926900551596,0.1790810846068124,0.19829393370516918,0.007898641819770319,0.01921284909835677,2.482978140598412,2.48116911284981,0.070920188061626,2.434775544709786,2.5306322455123063,2.3673889622906232,2.6012966575656886,0.0958567008025204,0.23390769527506539,0.0,0.0,-0.24645656386163417,-0.24649244547612303,0.24649244547612303,0.060758525676799485,1.0,1.0,-0.0036411713449075733,-0.003916248701278657,0.003916248701278657,1.533700389026677e-05,0.0,0.0,-1.2364658104006883,-1.2382748381492905,1.2382748381492905,1.5333245747936517
29,0.7030975657039238,0.3311753012915889,2.123037445612134,0.578229277336614,0.47696049607590063,0.47690407088620984,0.01807906625507416,0.46482646833573393,0.4888807002785971,0.44723190347890723,0.5065904486535548,0.024054231942863158,0.059358545174647614,0.2722797089407916,0.27181106410033345,0.014522283998948102,0.2622601820170121,0.2819251952898923,0.24898095343308008,0.29702898322889154,0.019665013272880172,0.048048029795811464,1.7542054514323453,1.7513959682850286,0.06643609639890151,1.7076860250457897,1.7963159877790567,1.6514567104128448,1.866134790296626,0.08862996273326695,0.2146780798837813,0.0,0.0,-0.22613706962802316,-0.22619349481771395,0.22619349481771395,0.05116349709785119,0.0,0.0,-0.05889559235079728,-0.05936423719125544,0.05936423719125544,0.003524112657299636,0.0,0.0,-0.3688319941797886,-0.3716414773271053,0.3716414773271053,0.1381173876698733
30,0.274343409135228,0.18656490912743934,1.4704984469926692,0.6499840853221571,0.24255005239133196,0.23966998247304935,0.04669439002227507,0.21044067082520457,0.27212436917042265,0.17206254530529005,0.3236395447351674,0.061683698345218085,0.15157699942987732,0.2051183899820393,0.20123977981638796,0.05949392875153833,0.16289035389415313,0.244781352045515,0.11371359794247606,0.30824061387089696,0.08189099815136186,0.19452701592842092,1.251580094141571,1.2310714518101524,0.30160858735541546,1.0547222794239381,1.434997102158699,0.7874276570562021,1.774554671914335,0.38027482273476076,0.9871270148581329,0.0,1.0,-0.03179335674389602,-0.034673426662178625,0.034673426662178625,0.0012022465164974795,1.0,1.0,0.018553480854599957,0.014674870688948627,0.014674870688948627,0.00021535182973736355,0.0,1.0,-0.21891835285109829,-0.23942699518251676,0.23942699518251676,0.0573252860221289
31,0.8161120191963066,0.15661384300193715,5.210982653597308,0.23726813905585925,0.36029703540354274,0.3598117591922359,0.009397780271661549,0.3539377855759721,0.36666543764782616,0.3448745883558547,0.37642138826073157,0.012727652071854056,0.031546799904876854,0.13992092854765015,0.13968935675851538,0.005697621569159101,0.13591107073792744,0.14359041828493296,0.13097262986649777,0.14983665118302905,0.007679347547005527,0.018864021316531282,2.578294653934429,2.573441914420944,0.10275800230993781,2.507333700512776,2.644098571296557,2.4171197239367377,2.7575925765505285,0.13676487078378097,0.3404728526137908,0.0,0.0,-0.45581498379276386,-0.4563002600040707,0.4563002600040707,0.20820992727978252,0.0,0.0,-0.016692914454287,-0.01692448624342177,0.01692448624342177,0.0002864382346037728,0.0,0.0,-2.6326879996628794,-2.637540739176364,2.637540739176364,6.9566211508150015
32,0.7767119178831637,0.3616089290736841,2.147933459145571,0.6650764017512103,0.5265482609306369,0.5267413136552428,0.01924024912273123,0.5142700987827785,0.5390678522767518,0.49509802320109625,0.5592078034209607,0.024797753493973285,0.06410978021986441,0.30945199576260196,0.3089045387462617,0.01531405938052165,0.29906240486234537,0.31918119121238364,0.2860140732010683,0.3351362740498342,0.020118786350038276,0.049122200848765896,1.7033330072490358,1.7016497295059154,0.05393054660647656,1.6671984966145543,1.736687880608797,1.6170374608686862,1.798289749388792,0.06948938399424276,0.18125228852010578,0.0,0.0,-0.25016365695252685,-0.24997060422792095,0.24997060422792095,0.06248530297807189,0.0,0.0,-0.05215693331108212,-0.05270439032742236,0.05270439032742236,0.002777752759785291,0.0,0.0,-0.4446004518965352,-0.44628372963965557,0.44628372963965557,0.1991691673410812
33,0.8054252411554398,0.45378593560292485,1.7749012870689957,0.5154183248506246,0.535678447282946,0.5374784607831112,0.04916894355432,0.5026271386257595,0.5700230948466676,0.453042905047464,0.6148068056520175,0.0673959562209081,0.16176390060455353,0.3744975358363094,0.37433065788887576,0.035004893813196006,0.3505247559523262,0.39874179220155537,0.31636950145189247,0.4338636322479777,0.048217036249229184,0.11749413079608523,1.4328000928597804,1.4304938589435299,0.0800419032546596,1.3845409830185231,1.484250174408797,1.3070641765064808,1.5669605604767993,0.0997091913902739,0.25989638397031856,0.0,0.0,-0.2697467938724938,-0.26794678037232855,0.26794678037232855,0.07179547711189688,0.0,0.0,-0.07928839976661545,-0.07945527771404909,0.07945527771404909,0.006313141156616665,0.0,0.0,-0.34210119420921536,-0.3444074281254659,0.3444074281254659,0.11861647654799794
34,0.7781494576444906,0.11297864664542902,6.88757991664236,0.5002268092574412,0.4442203213489652,0.4441163251627144,0.011248662901491334,0.43655275194647297,0.451928638170218,0.42601114405755913,0.4625467809803659,0.015375886223745028,0.03653563692280676,0.11528331994020158,0.11510326215739167,0.004452474604511026,0.11208127595977137,0.1181298849668331,0.10848820484206202,0.12290514537296153,0.0060486090070617365,0.014416940530899508,3.8585978413190545,3.856297742576504,0.16869108243611247,3.7411277044734623,3.974412144288781,3.587034135770985,4.135418793538443,0.23328443981531866,0.5483846577674583,0.0,0.0,-0.3339291362955254,-0.33403313248177624,0.33403313248177624,0.11157813359558788,1.0,1.0,0.0023046732947725607,0.002124615511962649,0.002124615511962649,4.51399107367231e-06,0.0,0.0,-3.0289820753233054,-3.031282174065856,3.031282174065856,9.188671618809423
35,0.21400475145919554,0.32698251708873605,0.6544837729080153,0.5964841112663049,0.2175008162652184,0.19387562781904846,0.09865649586666078,0.13889974968038127,0.276117021195964,0.10314689349639,0.4157049032404439,0.13721727151558272,0.3125580097440539,0.32539129543212814,0.33668140939731794,0.11494924147892109,0.24118904094979526,0.4250702870602483,0.11605873978427643,0.4812679223996798,0.18388124611045303,0.36520918261540336,0.7116609737886952,0.6954457249446484,0.2681464771584903,0.5088382245514402,0.8704530163295999,0.31788906623847263,1.1715705164297798,0.3616147917781597,0.8536814501913073,1.0,1.0,0.0034960648060228527,-0.020129123640147073,0.020129123640147073,0.00040518161852032774,1.0,1.0,-0.0015912216566079107,0.009698892308581897,0.009698892308581897,9.406851201346908e-05,1.0,1.0,0.0571772008806799,0.04096195203663311,0.04096195203663311,0.0016778815146514313
36,0.4051365079337408,0.36328753196458413,1.115195189173837,0.2425356075661506,0.2508599810405735,0.23537112503292731,0.10155907284712096,0.16944216537912757,0.3171761026462899,0.11462423612107475,0.44254272350093954,0.14773393726716236,0.3279184873798648,0.335762471223641,0.3488558769828558,0.10022995236009152,0.2665518570472417,0.4165437870010617,0.14696476503525926,0.47341018939161184,0.14999192995382,0.3264454243563526,0.7718381776230588,0.7678057286244567,0.24630155658573216,0.5977555843749183,0.9374596992009283,0.37910361236486106,1.1722572287887567,0.33970411482601004,0.7931536164238957,0.0,1.0,-0.1542765268931673,-0.16976538290081347,0.16976538290081347,0.02882028523145981,1.0,1.0,-0.02752506074094313,-0.014431654981728326,0.014431654981728326,0.000208272665511644,0.0,1.0,-0.34335701155077814,-0.34738946054938025,0.34738946054938025,0.12067943730078942
37,0.33723943067739903,0.3927348455559877,0.8586949553711619,0.21303706487041055,0.22074109768910216,0.20123013993447483,0.0940833214025818,0.14569815231259636,0.2749145402030017,0.10544286028829003,0.40530892439991134,0.12921638789040535,0.2998660641116213,0.3224511561465885,0.3377898883992804,0.1064951917190953,0.2477557954298572,0.4111445498233402,0.12738654556253362,0.4698372453573115,0.163388754393483,0.3424506997947778,0.7190840897160269,0.7092447822637138,0.24837966748648949,0.5414300162916013,0.8619599107356669,0.34492425706253027,1.119263467099784,0.32052989444406566,0.7743392100372538,0.0,1.0,-0.11649833298829687,-0.1360092907429242,0.1360092907429242,0.018498527168393286,1.0,1.0,-0.07028368940939922,-0.054944957156707275,0.054944957156707275,0.003018948316952398,1.0,1.0,-0.13961086565513503,-0.14945017310744813,0.14945017310744813,0.02233535424184621
38,0.8038352333217442,0.17034217393499862,4.718944315155225,0.7597531803738894,0.54243871026905,0.5424979203396747,0.012370859472628788,0.5340227964708899,0.5511137709270262,0.5219081085610213,0.5622733442105847,0.017090974456136276,0.0403652356495634,0.16526166663951325,0.16539958989998282,0.005398226720526205,0.16143943070359365,0.16866464931706393,0.15642229632116927,0.17444993614265947,0.00722521861347028,0.018027639821490193,3.285210279921695,3.278870164407048,0.11530990745009771,3.205954808688209,3.359117615954288,3.1019136102398446,3.4841486093565863,0.1531628072660789,0.38223499911674175,0.0,0.0,-0.26139652305269423,-0.2613373129820695,0.2613373129820695,0.06829719115668817,0.0,1.0,-0.00508050729548537,-0.004942584035015796,0.004942584035015796,2.4429136943193025e-05,0.0,0.0,-1.4337340352335302,-1.4400741507481771,1.4400741507481771,2.073813559653084
39,0.4289367662643344,0.2019389584120258,2.124091208736226,0.799969498965455,0.34897774355114625,0.3491528914482346,0.01158169457895537,0.34131569049064725,0.35624562889496214,0.32975824370362883,0.368087625157852,0.01492993840431489,0.038329381454223155,0.17640582860038245,0.17607628951196821,0.009474882792831353,0.17014320926550047,0.1826388534693424,0.1609568264064695,0.19177810710611895,0.012495644203841916,0.030821280699649456,1.981998108302667,1.9801102197821314,0.0886534539403377,1.9200267028851856,2.0387204709189968,1.8418643647017892,2.1310381111034693,0.11869376803381115,0.28917374640168014,0.0,0.0,-0.07995902271318817,-0.07978387481609983,0.07978387481609983,0.006365466680671089,0.0,0.0,-0.02553312981164335,-0.02586266890005759,0.02586266890005759,0.000668877642634006,0.0,1.0,-0.14209310043355905,-0.1439809889540946,0.1439809889540946,0.020730525180199116
40,0.7749219262003795,0.18104667349244824,4.280232888303815,0.4112101189271219,0.4439193304866052,0.4435732994669409,0.009445976957960886,0.4374855800641031,0.4504070719753735,0.4286751194046413,0.4596442310363579,0.0129214919112704,0.03096911163171656,0.17581202611983524,0.17573198117629638,0.005586337553934438,0.17205063177945712,0.17942610991658012,0.1670849907796467,0.1853358983611098,0.007375478137122998,0.01825090758146311,2.5268562794827223,2.525483436712114,0.07761119679094489,2.4734700154699873,2.5768696963541533,2.403444153375291,2.6596085222776633,0.10339968088416596,0.25616436890237226,0.0,0.0,-0.3310025957137743,-0.33134862673343857,0.33134862673343857,0.1097919124381356,0.0,1.0,-0.005234647372613005,-0.0053146923161518644,0.0053146923161518644,2.824595441536367e-05,0.0,0.0,-1.753376608821093,-1.7547494515917013,1.7547494515917013,3.079145637861376
41,0.9325853516917011,0.24528076130671794,3.8021137357997867,0.33182776582112505,0.45087235182023994,0.4508388293028164,0.010704131139109316,0.4436597000987078,0.4574075372968312,0.43339416592931007,0.46910985485621864,0.013747837198123392,0.03571568892690857,0.20669898010479518,0.20638889302466173,0.007423020796076027,0.20158127898489636,0.2115863531933121,0.1949469403429517,0.21947757975596718,0.010005074208415732,0.024530639413015476,2.183071223991407,2.1824062849339114,0.06562264874101781,2.1370720262985063,2.227010633913244,2.0782910651570616,2.2884259483143543,0.08993860761473771,0.21013488315729267,0.0,0.0,-0.48171299987146116,-0.4817465223888847,0.4817465223888847,0.2320797118337842,0.0,0.0,-0.038581781201922766,-0.03889186828205621,0.03889186828205621,0.0015125774184688097,0.0,0.0,-1.6190425118083795,-1.6197074508658753,1.6197074508658753,2.623452226390432
42,0.1257989918880074,0.2335029113278166,0.5387469953699943,0.6826631858713642,0.2699591552954876,0.24970744879863394,0.12011385027647324,0.1694633553580987,0.3549973820617165,0.11077647554815276,0.4921830758049728,0.1855340267036178,0.38140660025682005,0.3589512349390036,0.3878007465054881,0.10641909858587427,0.29056667944261916,0.4429303251075626,0.14660677143792678,0.4893556351219689,0.15236364566494343,0.3427488636840421,0.7651738385452009,0.768425911030768,0.24772411709304684,0.5856731479031999,0.9426433025920051,0.35466576477482387,1.153175056421001,0.3569701546888052,0.7985092916461771,0.0,1.0,0.1441601634074802,0.12390845691062655,0.12390845691062655,0.015353305693972596,0.0,1.0,0.12544832361118702,0.15429783517767154,0.15429783517767154,0.023807821940515894,0.0,1.0,0.22642684317520667,0.2296789156607737,0.2296789156607737,0.052752404299108796
43,0.9166873629942611,0.4925318933978054,1.861173611865732,0.5256934208823859,0.5359067017386228,0.5368378203804931,0.041024669424570566,0.5080848324921623,0.5648399212511773,0.46734972159457033,0.601537569192449,0.05675508875901503,0.13418784759787872,0.3686411932256177,0.36876458420307634,0.029082855569745516,0.3484193591803263,0.38829475348315756,0.32167830252765495,0.41686214233336555,0.03987539430283127,0.0951838398057106,1.4555937807428614,1.4548429325636454,0.06873824293712992,1.4106919314070918,1.4977436205183197,1.3485887248501645,1.569618173734574,0.08705168911122785,0.22102944888440956,0.0,0.0,-0.38078066125563836,-0.379849542613768,0.379849542613768,0.14428567502388875,0.0,0.0,-0.12389070017218767,-0.12376730919472906,0.12376730919472906,0.015318346825303664,0.0,0.0,-0.40557983112287066,-0.40633067930208666,0.40633067930208666,0.1651046209420952
44,0.32399551266129123,0.24033645239511953,1.348091433623369,0.5262312227049719,0.30534627479605103,0.2990791659707546,0.07891003644658304,0.24780217637715557,0.3557077619784828,0.18643339330560516,0.4431079188185511,0.10790558560132724,0.25667452551294595,0.2881685443576022,0.2872581234020032,0.07575204661320817,0.23496916586505415,0.3435215712661609,0.15920266409167336,0.4109160271328704,0.10855240540110675,0.25171336304119707,1.0952627999770186,1.0888944957775788,0.2529858546636141,0.9297038354417155,1.2513270522307496,0.6818970453484765,1.5315083462892385,0.32162321678903405,0.849611300940762,1.0,1.0,-0.018649237865240198,-0.024916346690536606,0.024916346690536606,0.0006208243324030145,1.0,1.0,0.04783209196248267,0.04692167100688366,0.04692167100688366,0.0022016432100782266,0.0,1.0,-0.25282863364635033,-0.2591969378457901,0.2591969378457901,0.06718305258863438
45,0.36250343403631957,0.13888868348781958,2.6100285850006695,0.6046324230086357,0.26893644323893967,0.268835791699354,0.010368725971537315,0.26224287932324863,0.27573862975023,0.25162683361927984,0.2857115725280965,0.013495750426981368,0.034084738908816636,0.12100389862855235,0.1203307468367679,0.009208005768426692,0.11462353851700381,0.12668748816482944,0.10743158368066813,0.13732381573860766,0.01206394964782563,0.029892232057939533,2.2326694202190094,2.232174278095803,0.15547003610864996,2.1281364517440666,2.339056018420539,1.9786807258082135,2.487890482448186,0.2109195666764725,0.5092097566399725,0.0,0.0,-0.0935669907973799,-0.09366764233696556,0.09366764233696556,0.008773627220965703,0.0,0.0,-0.017884784859267228,-0.018557936651051682,0.018557936651051682,0.0003443970127444473,0.0,0.0,-0.3773591647816601,-0.37785430690486654,0.37785430690486654,0.14277387724655707
46,0.46238154511834206,0.43990615472524097,1.0510913297113083,0.284613262196589,0.28027261679944526,0.2698585062742858,0.10966592314264195,0.19160291816839625,0.3495758807545789,0.1234851598023413,0.4881715083925459,0.15797296258618265,0.3646863485902046,0.355275108552087,0.3745957113272525,0.095947007293491,0.29640181051146014,0.4303174543608766,0.16667477836291,0.4795443008937949,0.13391564384941645,0.3128695225308849,0.8037107762812081,0.8075096119372167,0.2388850119145108,0.6415220602661597,0.9564408304558722,0.40372481357513146,1.1826365407577513,0.3149187701897126,0.7789117271826198,0.0,1.0,-0.1821089283188968,-0.19252303884405625,0.19252303884405625,0.03706512048574999,0.0,1.0,-0.08463104617315398,-0.06531044339798847,0.06531044339798847,0.004265454016841856,0.0,1.0,-0.24738055343010013,-0.24358171777409154,0.24358171777409154,0.05933205323377719
47,0.6911234309059281,0.08192255879629959,8.43630180820409,0.4546976792371695,0.39060898254574006,0.3904249105943562,0.012000819264695156,0.382250150603335,0.398939289461263,0.370584343861778,0.4104135734434851,0.016689138857928,0.03982922958170709,0.08474268359754157,0.08445957695992576,0.004507606127681496,0.08165772911113048,0.08745111731915416,0.0778897205683514,0.09242928488350452,0.005793388208023678,0.014539564315153117,4.621856121401997,4.611403895851005,0.2764356091471741,4.432985840876816,4.805240722660248,4.173828537786386,5.084870737824894,0.3722548817834319,0.9110422000385077,0.0,0.0,-0.30051444836018804,-0.3006985203115719,0.3006985203115719,0.09041960011756882,1.0,1.0,0.0028201248012419827,0.00253701816362617,0.00253701816362617,6.436461162569105e-06,0.0,0.0,-3.8144456868020935,-3.8248979123530855,3.8248979123530855,14.629844039922991
48,0.8645012271371765,0.3864955117398511,2.2367691237746365,0.49752037537244354,0.4900292405928885,0.4893211644229066,0.01722501812055047,0.4785413085823723,0.5017324542363529,0.4625249538232278,0.5198927676831107,0.023191145653980616,0.05736781385988288,0.2879313336325218,0.28739820170490693,0.013996837137848188,0.27860832251530876,0.29683408805040173,0.26557339085770015,0.3124067779887393,0.018225765535092975,0.04683338713103913,1.7037462786826176,1.7023072464641475,0.05529308849171826,1.664823632652256,1.7398213221808438,1.6180374625819587,1.7979221569486188,0.07499768952858776,0.1798846943666601,0.0,0.0,-0.374471986544288,-0.3751800627142699,0.3751800627142699,0.1407600794582835,0.0,0.0,-0.09856417810732926,-0.09909731003494415,0.09909731003494415,0.009820276856161844,0.0,0.0,-0.5330228450920189,-0.534461877310489,0.534461877310489,0.2856494982982522
49,0.5035029504456945,0.3463906922384634,1.4535695147924799,0.7484755493543049,0.4010741322224141,0.4016013463370278,0.06781058223485716,0.3564655836738154,0.4468682676308722,0.29013880866763714,0.5160248365333944,0.09040268395705675,0.22588602786575723,0.33203471829246134,0.33291089646055627,0.05455956726545929,0.2976430532051,0.3710926471733697,0.24073079313029627,0.4160006913251163,0.07344959396826972,0.17526989819482003,1.2176799781800978,1.219654865190133,0.1551216299596634,1.126510002362617,1.3094684280952107,0.9766180729972912,1.4723271320105709,0.1829584257325938,0.49570905901327966,0.0,1.0,-0.10242881822328037,-0.10190160410866667,0.10190160410866667,0.01038393691991943,1.0,1.0,-0.014355973946002076,-0.013479795777907144,0.013479795777907144,0.00018170489421408327,0.0,1.0,-0.2358895366123821,-0.23391464960234676,0.23391464960234676,0.05471606329858866
50,0.41107838158506704,0.48072217355810354,0.8551267326456726,0.2576082588793113,0.3022200161981383,0.28531367312827693,0.1287080817223509,0.1973118499815507,0.39739618485984973,0.11949712359761176,0.5309036896546266,0.20008433487829902,0.41140656605701487,0.3764627798479181,0.4027303062931434,0.09982283819029827,0.31541185662902116,0.45826941566530544,0.17465814431782198,0.491205872232804,0.14285755903628428,0.316547727914982,0.8086557646639475,0.8103373499561013,0.25532552450995566,0.6279151335034207,0.9921648099779856,0.38396236312074844,1.2133667685806968,0.36424967647456497,0.8294044054599483,0.0,1.0,-0.10885836538692872,-0.1257647084567901,0.1257647084567901,0.015816761893221412,0.0,1.0,-0.10425939371018544,-0.07799186726496016,0.07799186726496016,0.006082731359475164,1.0,1.0,-0.04647096798172512,-0.04478938268957133,0.04478938268957133,0.0020060888017128724
51,0.39604067424663036,0.249279432881369,1.588741877614526,0.7708340333209158,0.3055501432251152,0.3048747800049223,0.024807496504030226,0.28923008592670574,0.3216562866745324,0.2663421748246167,0.34610311539625926,0.03242620074782665,0.07976094057164257,0.20825683700337078,0.2077070287721408,0.02704013490309018,0.19078320548364933,0.225987841563698,0.16403049170915943,0.2529377083190162,0.035204636080048674,0.08890721660985676,1.4831033669385478,1.4741447432691666,0.15543131189475112,1.3795303626458417,1.573640394011727,1.2481035477031859,1.7541130422816535,0.19411003136588523,0.5060094945784677,0.0,0.0,-0.09049053102151516,-0.09116589424170807,0.09116589424170807,0.0083112202728903,0.0,1.0,-0.041022595877998225,-0.04157240410922819,0.04157240410922819,0.0017282647834209728,0.0,1.0,-0.10563851067597807,-0.11459713434535934,0.11459713434535934,0.013132503200168337
52,0.755662016173611,0.26109730998833136,2.894177715608721,0.6214419955866856,0.5001688766493507,0.49999913155315123,0.012457049994683105,0.4919481920612747,0.5090543921749755,0.48018400682041723,0.5201662943538868,0.017106200113700787,0.03998228753346961,0.23602869838936813,0.23595869125021457,0.008586311366606147,0.22989183810451647,0.24199792283694846,0.22179333617713087,0.25013764716406306,0.012106084732431993,0.028344310986932186,2.1207237324821664,2.1179268067878523,0.06120459046750869,2.078134288137254,2.1617542361421402,2.0241254697980073,2.224813578493813,0.08361994800488626,0.20068810869580567,0.0,0.0,-0.2554931395242602,-0.2556628846204597,0.2556628846204597,0.0653635105724545,0.0,0.0,-0.02506861159896323,-0.02513861873811679,0.02513861873811679,0.0006319501520603967,0.0,0.0,-0.7734539831265548,-0.7762509088208689,0.7762509088208689,0.6025654734452249
53,0.7520762188344363,0.12594738265441055,5.97135250438727,0.5128553280805175,0.45963369394709275,0.4596087789476718,0.011043960550969014,0.45230362373117605,0.4671701793669717,0.4414904731475084,0.47761769265455417,0.014866555635795642,0.03612721950704578,0.12524316333982793,0.1250469448073382,0.004792933903072931,0.12199305410434808,0.12828119022018636,0.11785099376169537,0.133410930461511,0.006288136115838283,0.015559936699815632,3.6748484798042473,3.6669487141400037,0.15625194571324547,3.5683149633795597,3.773550026908511,3.4258525103601642,3.9437202664176576,0.2052350635289515,0.5178677560574934,0.0,0.0,-0.29244252488734357,-0.2924674398867645,0.2924674398867645,0.0855372033939182,1.0,1.0,-0.0007042193145826159,-0.0009004378470723606,0.0009004378470723606,8.10788316440308e-07,0.0,0.0,-2.296504024583023,-2.3044037902472665,2.3044037902472665,5.310276828505968
54,0.41660446906439763,0.15277801673715963,2.726861350616476,0.5770303325758573,0.30023667582522023,0.30026173558490343,0.010407112091770959,0.2928636038956762,0.3072662932488708,0.28341738649882586,0.3178242783597748,0.014402689353194553,0.03440689186094892,0.1329623387906044,0.13255413094948504,0.008480650099910156,0.12706834957686103,0.13831996645431632,0.12024591951721231,0.1475750494567174,0.011251616877455295,0.027329129939505092,2.265138824053822,2.265069083140498,0.13278740377646508,2.172357106217398,2.3510517307038246,2.0484827067528304,2.490701851484876,0.1786946244864267,0.4422191447320456,0.0,0.0,-0.1163677932391774,-0.1163427334794942,0.1163427334794942,0.01353563163348062,0.0,0.0,-0.019815677946555227,-0.02022388578767459,0.02022388578767459,0.00040900555635290623,0.0,0.0,-0.4617225265626539,-0.4617922674759778,0.4617922674759778,0.21325209830060501
55,0.6730153192514028,0.46312699311867817,1.4531982139916857,0.4750716860099242,0.3470341803350232,0.34551403637556327,0.0719444070685306,0.29866007205882295,0.39662245184687617,0.229614072450428,0.4658685871341372,0.09796237978805322,0.2362545146837092,0.30691765661661374,0.3098607922867185,0.06322837764092928,0.26481047353041537,0.3519556879771297,0.19644613386362864,0.4049603507710394,0.08714521444671436,0.2085142169074108,1.1498779752357438,1.1472607567465942,0.19748139356150102,1.0374213165586381,1.261218427613545,0.8297996623441892,1.4705623848591907,0.22379711105490685,0.6407627225150014,0.0,0.0,-0.3259811389163796,-0.3275012828758395,0.3275012828758395,0.10725709028532066,0.0,0.0,-0.15620933650206442,-0.1532662008319597,0.1532662008319597,0.0234905283174626,0.0,1.0,-0.30332023875594194,-0.30593745724509147,0.30593745724509147,0.09359772774559218
56,0.25733237533208636,0.2507639125925823,1.026193811827206,0.11011060819151493,0.2958139524170836,0.2837336169006085,0.12626040848578848,0.19132155620438746,0.3858502854521816,0.116788046948234,0.5233798069608657,0.19452872924779413,0.40659176001263175,0.3687379190404566,0.39286337199073207,0.10045752183115715,0.30674590233450205,0.4497036475397669,0.16794348646306267,0.4904205520255544,0.14295774520526483,0.3224770655624917,0.8094010692566623,0.8158520647332392,0.25286194076651247,0.6246838945067313,0.9886118554436816,0.3871368678060862,1.2063560255944783,0.36392796093695023,0.819219157788392,1.0,1.0,0.03848157708499722,0.026401241568522138,0.026401241568522138,0.0006970255563594613,0.0,1.0,0.11797400644787431,0.14209945939814977,0.14209945939814977,0.020192256361246417,0.0,1.0,-0.2167927425705437,-0.2103417470939668,0.2103417470939668,0.04424365057054229
57,0.6043523060765108,0.48013275095245417,1.258719187303175,0.6869717545438733,0.40494293134953263,0.40451357293391166,0.10260597585314216,0.3347297274456976,0.47663340364578444,0.2338997247962539,0.5772032870737177,0.14190367620008681,0.34330356227746384,0.38170871995636196,0.3893802860404979,0.06608173691415362,0.3400824394433699,0.4307862413089598,0.2633954505631577,0.47576524742393134,0.0907038018655899,0.21236979686077362,1.0615011649988204,1.0813659198032357,0.19261396632519445,0.9556172077616116,1.1858787916029914,0.7098906237368325,1.3383559918409218,0.23026158384137974,0.6284653681040893,0.0,0.0,-0.19940937472697817,-0.19983873314259915,0.19983873314259915,0.03993551926403895,0.0,0.0,-0.0984240309960922,-0.09075246491195627,0.09075246491195627,0.008236009887595853,0.0,1.0,-0.19721802230435448,-0.17735326749993918,0.17735326749993918,0.031454181492904985
58,0.21772035194527417,0.33638471990303664,0.6472361527242746,0.797772485664692,0.22761015550498867,0.20431798761887254,0.10405420413023071,0.14310490872335596,0.2865295354355254,0.10435393756275761,0.4360240355646574,0.14342462671216943,0.3316700980018998,0.32791073356111394,0.3465119335513247,0.11738157262159817,0.2416180018492823,0.42741097804866995,0.10797347329940064,0.48587166818654465,0.18579297619938764,0.377898194887144,0.7400945658257085,0.7121233803226448,0.27997500544388115,0.5384985219536846,0.90016242936183,0.3381809944664345,1.2282723796364237,0.36166390740814536,0.8900913851699892,1.0,1.0,0.0098898035597145,-0.013402364326401628,0.013402364326401628,0.00017962336953760295,1.0,1.0,-0.008473986341922701,0.010127213648288058,0.010127213648288058,0.00010256045627807192,1.0,1.0,0.09285841310143395,0.06488722759837018,0.06488722759837018,0.004210352305402692
59,0.2235556594616107,0.12400413065381383,1.8028081668159746,0.1982612499106534,0.21484109107672555,0.2049244316480069,0.07004794182133228,0.16408948294373393,0.2574004185150037,0.12022795575076818,0.34906195729110623,0.09331093557126979,0.22883400154033806,0.23209459323808138,0.22298711219088396,0.09778260444113872,0.15581225145918665,0.29948443045483714,0.08325639326235068,0.40662102244949455,0.1436721789956505,0.32336462918714387,1.0425876195944164,1.0055036097237582,0.36991234548030205,0.7746520690010078,1.2828216310934213,0.48472616633920496,1.7246474932460856,0.5081695620924135,1.2399213269068805,1.0,1.0,-0.008714568384885157,-0.018631227813603823,0.018631227813603823,0.0003471226498424047,0.0,1.0,0.10809046258426755,0.09898298153707014,0.09898298153707014,0.009797630633967968,0.0,0.0,-0.7602205472215582,-0.7973045570922164,0.7973045570922164,0.6356945567600153
60,0.1660396955799766,0.32566602305074127,0.5098465416335629,0.11503460300777657,0.2526082216436631,0.2347594333019077,0.10454953272742096,0.16864973358272628,0.3222422974074284,0.1130131279037646,0.4519061192156348,0.1535925638247021,0.3388929913118702,0.33977875472880087,0.35605518798049596,0.1015170155741143,0.27064419614071916,0.4232120493778797,0.14656800353411628,0.4772071136096639,0.15256785323716054,0.3306391100755476,0.7636718472955625,0.7546607743947467,0.23850096233514734,0.6024671524893749,0.9146809730462414,0.37371195403736984,1.1497578611691148,0.31221382055686653,0.7760459071317449,0.0,1.0,0.08656852606368648,0.0687197377219311,0.0687197377219311,0.004722402352571001,1.0,1.0,0.014112731678059598,0.030389164929754686,0.030389164929754686,0.0009235013451278321,0.0,1.0,0.25382530566199957,0.24481423276118375,0.24481423276118375,0.05993400856244705
61,0.2063187314688032,0.4688533542221715,0.44004960103375246,0.36528891445014333,0.3040664659524039,0.2916723674761621,0.11808585002192971,0.21195863626681635,0.39061263510856925,0.13210820420427932,0.5148230033631764,0.1786539988417529,0.3827147991588971,0.36439719640579665,0.38193946096458586,0.09625858684420162,0.30723987067915104,0.4419828599420756,0.17750408461144035,0.48446124414934255,0.13474298926292455,0.3069571595379022,0.8487634107729773,0.8590633366398587,0.25437344751833696,0.6714837701079912,1.0181907609287497,0.42241328214172696,1.251769733167234,0.3467069908207585,0.8293564510255069,0.0,1.0,0.09774773448360069,0.0853536360073589,0.0853536360073589,0.007285243179676714,0.0,1.0,-0.10445615781637485,-0.08691389325758564,0.08691389325758564,0.0075540248411909905,0.0,1.0,0.4087138097392249,0.4190137356061062,0.4190137356061062,0.17557251062658388
62,0.45785190635828155,0.11625968854656599,3.9381828050820573,0.7541112737631617,0.35272725544441,0.3526587534293745,0.009630690068230082,0.34592460557526616,0.3592220326329728,0.3373886894629228,0.36889021167862085,0.013297427057706646,0.031501522215698075,0.11094614144083542,0.11089984180066441,0.00528188545378944,0.10738045446666862,0.11421722894684666,0.10255879012013903,0.12006003563583131,0.00683677448017804,0.01750124551569228,3.1860249509054204,3.1821087621877737,0.1668022239138942,3.074502463721057,3.292186228242409,2.9168717083799374,3.469458969798657,0.21768376452135207,0.5525872614187195,0.0,0.0,-0.10512465091387152,-0.10519315292890702,0.10519315292890702,0.01106559942312442,0.0,1.0,-0.005313547105730565,-0.005359846745901578,0.005359846745901578,2.8727957139551737e-05,0.0,0.0,-0.7521578541766369,-0.7560740428942836,0.7560740428942836,0.571647958338507
63,0.30644645352733124,0.33970602763721763,0.9020930704667822,0.3363081387910351,0.24147588223637934,0.22784717365279458,0.09604032220963546,0.16605355208908418,0.300030940102904,0.11459781786674808,0.4247966019268771,0.1339773880138198,0.310198784060129,0.31236298893201797,0.32617033902061543,0.10597078331479365,0.2340198446489049,0.3984615211653914,0.1194945356295495,0.46422189465480657,0.1644416765164865,0.3447273590252571,0.8200674602063157,0.8085447820596507,0.27640600096451534,0.6252148414408338,0.9835972767173081,0.3851059637680435,1.308481474870236,0.3583824352764743,0.9233755111021925,0.0,1.0,-0.0649705712909519,-0.07859927987453666,0.07859927987453666,0.006177846796795744,1.0,1.0,-0.027343038705199663,-0.013535688616602204,0.013535688616602204,0.00018321486632561447,1.0,1.0,-0.08202561026046651,-0.09354828840713147,0.09354828840713147,0.00875128226390385
64,0.38345280040236773,0.22909861154380856,1.6737456321468946,0.18763816379504128,0.22151991781655603,0.21494737043332873,0.05761319406715022,0.18054060334440003,0.25666100475989134,0.13804965493154472,0.32633253285615343,0.07612040141549131,0.1882828779246087,0.22766089969227385,0.22570877947984733,0.07883090095690064,0.1710986371830344,0.28345439433602715,0.10322636604954559,0.362768778488236,0.11235575715299276,0.2595424124386904,1.0550237182423843,1.027932849006023,0.3099882898989337,0.8441187141855091,1.2487688785603377,0.5908966711098698,1.6087238077615822,0.4046501643748286,1.0178271366517124,0.0,0.0,-0.1619328825858117,-0.168505429969039,0.168505429969039,0.028394079929050707,1.0,1.0,-0.001437711851534712,-0.0033898320639612345,0.0033898320639612345,1.1490961421859683e-05,0.0,0.0,-0.6187219139045104,-0.6458127831408715,0.6458127831408715,0.41707415086815836
65,0.5822899657605273,0.08667950378965864,6.717735338835636,0.2737005631299579,0.3007346901921104,0.3006283041586468,0.010745713243802808,0.29340239379687527,0.30812886789714616,0.28343155803855286,0.3178695760345894,0.014726474100270892,0.03443801799603652,0.08336934950235073,0.0829560269755904,0.0060812119080326035,0.07912117528804244,0.08693151685807636,0.07424935755364204,0.09398856106079972,0.007810341570033921,0.019739203507157688,3.625690158410953,3.6092921053715203,0.2874022876998181,3.421498357690473,3.813114337741197,3.186252628558708,4.1305815848101,0.39161598005072396,0.9443289562513923,0.0,0.0,-0.28155527556841686,-0.2816616616018805,0.2816616616018805,0.07933329161633225,1.0,1.0,-0.0033101542873079093,-0.003723476814068233,0.003723476814068233,1.3864279584903717e-05,0.0,0.0,-3.0920451804246833,-3.108443233464116,3.108443233464116,9.662419335668847
66,0.5542860441557212,0.23972041849767228,2.3122187406038734,0.27960149365873194,0.28409619478253434,0.28445254930144226,0.016259808638225515,0.27290752850893285,0.29478135726137367,0.2577269302876436,0.31103422851241463,0.021873828752440816,0.05330729822477104,0.16986518479327342,0.16903123091699362,0.017404474525585578,0.15831963978506464,0.1799814501197864,0.14236908851358673,0.19953963509283604,0.021661810334721754,0.057170546579249304,1.6840764681474556,1.6808040489554688,0.13698016890675538,1.590040539696217,1.7711175692118062,1.473057751178353,1.9134557863932156,0.18107702951558924,0.44039803521486265,0.0,0.0,-0.2701898493731869,-0.269833494854279,0.269833494854279,0.0728101149452742,0.0,0.0,-0.06985523370439886,-0.07068918758067866,0.07068918758067866,0.004996961240816374,0.0,0.0,-0.6281422724564178,-0.6314146916484047,0.6314146916484047,0.39868451282945
67,0.28898710468812194,0.10162167609387214,2.8437545590290463,0.40864556454880296,0.2188639906382217,0.2183476940476043,0.012949286120213413,0.21029854030014022,0.22676306913638886,0.1986419415435807,0.24158115693004822,0.016464528836248632,0.04293921538646753,0.08580243108462422,0.08365728893934385,0.013062275407545839,0.07667233158610262,0.09252199061742994,0.06837558532628406,0.1110213954681696,0.015849659031327318,0.04264581014188554,2.598519001636872,2.6114852875726866,0.34966378525344277,2.359782723773281,2.837895592517198,1.9917543468606724,3.174378379162513,0.4781128687439171,1.1826240323018404,0.0,0.0,-0.07012311404990024,-0.07063941064051765,0.07063941064051765,0.004989926335639679,0.0,1.0,-0.015819245009247918,-0.01796438715452829,0.01796438715452829,0.0003227192058377811,0.0,1.0,-0.24523555739217429,-0.23226927145635967,0.23226927145635967,0.053949014462868095
68,0.47995529275870874,0.2459553448902011,1.9513920015560933,0.785148907558795,0.3978407897697142,0.39752282520158516,0.014208255957355738,0.3884429283805697,0.4075497325696775,0.3748328960843767,0.42137445114806676,0.019106804189107818,0.046541555063690065,0.2302606808086941,0.22995561791804606,0.012541337626034078,0.22161923730225666,0.2386090272648415,0.2102159975575038,0.25100544147455217,0.01698978996258485,0.04078944391704836,1.730729791593859,1.728879799427521,0.07186138364727018,1.6815428400274837,1.7758966593586325,1.6177429353377437,1.8516166096614524,0.09435381933114884,0.23387367432370865,0.0,0.0,-0.08211450298899453,-0.08243246755712358,0.08243246755712358,0.006795111707556231,0.0,1.0,-0.015694664081506993,-0.015999726972155043,0.015999726972155043,0.0002559912631835056,0.0,0.0,-0.22066220996223418,-0.22251220212857237,0.22251220212857237,0.049511680096106646
69,0.5156528503637429,0.17358029935181424,2.9706876430637594,0.5296702131880785,0.3508421885795162,0.3510496071526685,0.009642108044357445,0.3440189820882667,0.35748990595696284,0.3348354130904851,0.36610049769369263,0.013470923868696139,0.03126508460320754,0.15738407723865191,0.15731245216291367,0.006945466323437269,0.15269617789340992,0.1614135363470467,0.14669204922463291,0.1690506172477415,0.008717358453636775,0.022358568023108594,2.2322994442340796,2.23243899658085,0.08910172561638637,2.170629452995664,2.291070045646283,2.0847467829489683,2.3793061087604386,0.12044059265061913,0.29455932581147026,0.0,0.0,-0.16481066178422665,-0.1646032432110744,0.1646032432110744,0.027094227675604106,0.0,0.0,-0.016196222113162323,-0.016267847188900564,0.016267847188900564,0.00026464285216142,0.0,0.0,-0.7383881988296799,-0.7382486464829094,0.7382486464829094,0.5450110640338478
70,0.6457040525900928,0.333722090828918,1.9348555889310657,0.18010967122947355,0.23726035627028713,0.23557175293423208,0.03928514390182875,0.21075198431111164,0.2621969999953217,0.1750765385674342,0.3039251424887994,0.05144501568421006,0.12884860392136524,0.18619341882370075,0.18466152977983552,0.05124245734206283,0.149623985195914,0.2185803923278891,0.1062551564563779,0.27505221516709727,0.0689564071319751,0.16879705871071937,1.3449068731437872,1.3282149177468299,0.30692146438647805,1.1359760295937487,1.5394741287255056,0.8639990439121139,1.877423866655896,0.40349809913175694,1.013424822743782,0.0,0.0,-0.40844369631980565,-0.41013229965586073,0.41013229965586073,0.16820850322100475,0.0,0.0,-0.14752867200521727,-0.1490605610490825,0.1490605610490825,0.02221905086026725,0.0,0.0,-0.5899487157872785,-0.6066406711842358,0.6066406711842358,0.36801290393486014
71,0.697427260988185,0.2979058612856408,2.3410994935728087,0.7715874008141269,0.5127983906655952,0.5128475545488297,0.014364923090254804,0.503215368460057,0.5225120402668304,0.48823398546145774,0.5369118548449743,0.019296671806773413,0.04867786938351654,0.2666847501156242,0.2662436284905587,0.010476379785198515,0.2594379688065259,0.27349920625990065,0.24998996777641322,0.28453943258620906,0.01406123745337473,0.03454946480979584,1.9243881302186565,1.9233166294333457,0.05560263980017268,1.88771238595513,1.9610746273096267,1.8332002743994578,2.013508032962753,0.07336224135449676,0.18030775856329506,0.0,0.0,-0.1846288703225898,-0.18457970643935528,0.18457970643935528,0.034069668029238574,0.0,0.0,-0.03122111117001658,-0.03166223279508207,0.03166223279508207,0.0010024969855699703,0.0,0.0,-0.41671136335415215,-0.417782864139463,0.417782864139463,0.17454252156857297
72,0.6993231261961549,0.1342064038436912,5.2108029584836295,0.30339728065717064,0.35521702419940576,0.3552935801340267,0.009355389309270733,0.3490650871643756,0.36138448783713306,0.33960770536834856,0.3710094587610037,0.012319400672757441,0.03140175339265516,0.12710254606205976,0.12696057859095983,0.005374537481020148,0.12345487444404406,0.13073304977694777,0.11845651125600373,0.13648521572414934,0.007278175332903716,0.018028704468145612,2.7989216727317334,2.7970096263320317,0.1225709682318809,2.711923335195532,2.879799404525714,2.602601550257511,3.004662391047342,0.16787606933018218,0.40206084078983073,0.0,0.0,-0.3441061019967491,-0.3440295460621282,0.3440295460621282,0.118356328563714,0.0,1.0,-0.007103857781631445,-0.007245825252731375,0.007245825252731375,5.250198359311969e-05,0.0,0.0,-2.411881285751896,-2.413793332151598,2.413793332151598,5.826398250339514
73,0.6556438355648078,0.3290453580591502,1.992563698306138,0.7949321655395221,0.4652296281875454,0.4651280058178499,0.015581775164280082,0.4544001470541826,0.4758140930333836,0.4396344778802894,0.4904342961982188,0.021413945979201043,0.0507998183179294,0.27060492499708655,0.2701201160257195,0.013011172928643752,0.2620154737799275,0.27879966892740327,0.25017162191850684,0.2926274544846273,0.016784195147475756,0.042455832566120455,1.7212429808867595,1.7198556794098976,0.05897493188670579,1.6809908528006088,1.7592707667288994,1.6259459760739463,1.819772103264253,0.07827991392829059,0.19382612719030679,0.0,0.0,-0.1904142073772624,-0.19051582974695785,0.19051582974695785,0.03629628138417183,0.0,0.0,-0.058440433062063646,-0.05892524203343069,0.05892524203343069,0.003472184148698387,0.0,0.0,-0.2713207174193786,-0.2727080188962405,0.2727080188962405,0.07436966357031227
74,0.7105270697130691,0.2937469174042659,2.418840939648787,0.5059019076616327,0.47522363438291054,0.47506772592071095,0.013454504758142725,0.4659599176556428,0.4842758506313603,0.4534694524091136,0.4976657665096045,0.018315932975717486,0.04419631410049085,0.2558598496574012,0.2553120698705239,0.010411344753154387,0.24854193030489347,0.2624468952404296,0.23969207705857767,0.2737691261910747,0.013904964935536113,0.03407704913249701,1.8589284746051196,1.8578059842808572,0.05394362384339715,1.822541790422767,1.894133303699723,1.7718526692767635,1.9494701306192757,0.07159151327695601,0.1776174613425121,0.0,0.0,-0.23530343533015857,-0.23545934379235817,0.23545934379235817,0.05544110257912792,0.0,0.0,-0.03788706774686468,-0.03843484753374199,0.03843484753374199,0.0014772375049419927,0.0,0.0,-0.5599124650436675,-0.5610349553679299,0.5610349553679299,0.3147602211446951
75,0.19803807333165643,0.14521118363218685,1.3637935342037955,0.4134711125384001,0.30957942920405074,0.3017580285970061,0.10010411193423188,0.235230994338269,0.3794215135478466,0.15580321438941433,0.48440712530148816,0.1441905192095776,0.32860391091207386,0.31538960552213896,0.32457819275855015,0.09032681797996395,0.2542311825194793,0.3817441034834577,0.15101405686591987,0.4506413578131042,0.12751292096397843,0.29962730094718437,1.0165724517871768,1.0152804966591602,0.27365208692586357,0.8437600406858027,1.180649457414173,0.5580754962696465,1.4637466830016563,0.33688941672837036,0.9056711867320099,0.0,1.0,0.1115413558723943,0.10371995526534969,0.10371995526534969,0.010757829120246141,0.0,0.0,0.1701784218899521,0.1793670091263633,0.1793670091263633,0.0321725239629369,0.0,1.0,-0.34722108241661864,-0.34851303754463525,0.34851303754463525,0.12146133733858834
76,0.2463871522016275,0.11894785363678441,2.0713879626108085,0.5824265049516937,0.2030412134373106,0.2025798556906022,0.016129466829760034,0.1922486424711652,0.21341620093990238,0.17787339565365143,0.2300810223734588,0.02116755846873719,0.05220762671980736,0.09992512419715724,0.09793495775652857,0.02007867468835314,0.08527769325601522,0.11139568975045523,0.07230477137478092,0.13629449184312,0.026117996494440007,0.06398972046833909,2.0950730248887224,2.096102772450463,0.3463697390173215,1.8545251898918265,2.3478108823119657,1.5187804362992459,2.63826543374233,0.4932856924201392,1.1194849974430843,0.0,0.0,-0.04334593876431689,-0.0438072965110253,0.0438072965110253,0.0019190792276048895,0.0,1.0,-0.01902272943962717,-0.021012895880255844,0.021012895880255844,0.000441541793274473,1.0,1.0,0.023685062277913893,0.02471480983965435,0.02471480983965435,0.0006108218254102755
77,0.3590155788423668,0.33155368766323984,1.082827886405595,0.184778837535493,0.24122631673262476,0.22794785282996538,0.0920248740546365,0.16907843914343532,0.2980025547905301,0.11658374886215558,0.4156682705905027,0.1289241156470948,0.2990845217283471,0.31729451610788617,0.3277681394970841,0.09947909520673533,0.2501161226938716,0.393634125256797,0.12799193669694392,0.46117852977262563,0.14351800256292535,0.3331865930756817,0.7954060976626081,0.7900620663788815,0.2494372742370774,0.6232885324608631,0.9436210535530791,0.40363969437568087,1.2011983221232667,0.320332521092216,0.7975586277475859,0.0,1.0,-0.11778926210974203,-0.1310677260124014,0.1310677260124014,0.017178748802061924,1.0,1.0,-0.014259171555353667,-0.0037855481661557278,0.0037855481661557278,1.4330374918284993e-05,0.0,1.0,-0.28742178874298685,-0.29276582002671336,0.29276582002671336,0.08571182537591392
78,0.6820472135231674,0.20879316170582496,3.2666166264780476,0.2794345137424517,0.35611160166299216,0.35583543321741395,0.010600066087782013,0.3487274467860287,0.36305439057972455,0.3390716858889745,0.37387948799573417,0.014326943793695868,0.034807802106759655,0.17442650807166454,0.17407352833465578,0.008442450319575773,0.16863585700956066,0.17978028117511669,0.16117850418317023,0.18876632006825714,0.011144424165556027,0.027587815885086908,2.044767486285978,2.041412511591614,0.08302668899638177,1.990177467305983,2.0966529819948443,1.9128964058238027,2.1871061412848953,0.10647551468886118,0.2742097354610926,0.0,0.0,-0.3259356118601753,-0.3262117803057535,0.3262117803057535,0.10641412561024918,0.0,0.0,-0.034366653634160416,-0.03471963337116918,0.03471963337116918,0.0012054529414284045,0.0,0.0,-1.2218491401920697,-1.2252041148864334,1.2252041148864334,1.5011251231346487
79,0.6880960707343663,0.05927059246300074,11.609400921104434,0.462126600332884,0.37330562381445553,0.37291767135066034,0.015245007154815514,0.36244037455260925,0.38372786128530145,0.34883548569637585,0.3985261531587407,0.021287486732692207,0.049690667462364835,0.06227677187459253,0.06171151527053909,0.004073286030791612,0.05932162107109537,0.06448675430520247,0.05683703183810047,0.06989397594812495,0.005165133234107097,0.013056944110024483,6.01950171431852,6.003717589119377,0.46266092604136555,5.717620833106149,6.322022625173046,5.279825387897913,6.779311624511607,0.6044017920668976,1.499486236613694,0.0,0.0,-0.31479044691991076,-0.31517839938370595,0.31517839938370595,0.09933742343807486,0.0,1.0,0.003006179411591793,0.0024409228075383538,0.0024409228075383538,5.9581041523609195e-06,0.0,0.0,-5.589899206785915,-5.605683331985057,5.605683331985057,31.423685618495092
80,0.14300686487591127,0.31337267107680966,0.45634759529129254,0.5606667338763784,0.34079681080250734,0.3363325621097997,0.13246791976440192,0.23340691110308448,0.4412841636174516,0.13282603190507578,0.5630438679972574,0.20787725251436712,0.43021783609218156,0.3873820072799969,0.41297166944649594,0.09221097735577641,0.3386621991519332,0.4593884635064698,0.19188360421347714,0.4916546946044383,0.1207262643545366,0.29977109039096117,0.8802827072957703,0.9032640220230838,0.25014352394809786,0.711392557596961,1.061999374301627,0.42851303053101336,1.249640523708063,0.350606816704666,0.8211274931770496,0.0,1.0,0.19778994592659607,0.19332569723388845,0.19332569723388845,0.037374825210969104,0.0,1.0,0.07400933620318723,0.09959899836968628,0.09959899836968628,0.00991996047624477,0.0,1.0,0.42393511200447775,0.4469164267317912,0.4469164267317912,0.19973429248271252
81,0.5281053464595018,0.1128399607820929,4.680126994011764,0.7580765194759509,0.3903496335299335,0.39016137474406587,0.010414296731790194,0.383375241205671,0.397324041159122,0.3733867344716783,0.4082319289839094,0.013948799953450997,0.034845194512231115,0.11319109947260994,0.11298114561560685,0.00473021082652734,0.10992683650336957,0.11628511221981645,0.1059252479312172,0.1214490717384868,0.0063582757164468845,0.015523823807269604,3.454159867082517,3.4497090719269083,0.16228765355711874,3.338900197025522,3.5639171968256744,3.1995191545067843,3.730413659064186,0.22501699980015255,0.5308945045574016,0.0,0.0,-0.13775571292956829,-0.13794397171543593,0.13794397171543593,0.019028539332628987,1.0,1.0,0.00035113869051704716,0.00014118483351395483,0.00014118483351395483,1.9933157214363145e-08,0.0,0.0,-1.225967126929247,-1.2304179220848557,1.2304179220848557,1.513928262987614
82,0.8056073411739422,0.45945135651592145,1.75341160658,0.576514025909483,0.5212635823814246,0.5205687476521927,0.04285236322798624,0.4927880279711805,0.5506582255131254,0.45007654148245996,0.5925081200833974,0.05787019754194489,0.14243157860093741,0.358754567289247,0.3576437451967035,0.031231325333816475,0.3380152433233831,0.37853331832856807,0.30806976713563666,0.4123250940477535,0.04051807500518495,0.10425532691211686,1.4555026778118574,1.4547294592995252,0.07529153111871609,1.4086091859529335,1.5063664206125678,1.3368847801179797,1.5756190651101123,0.09775723465963426,0.23873428499213256,0.0,0.0,-0.2843437587925176,-0.28503859352174943,0.28503859352174943,0.0812469997968571,0.0,0.0,-0.10069678922667447,-0.10180761131921795,0.10180761131921795,0.010364789722524954,0.0,0.0,-0.2979089287681427,-0.2986821472804748,0.2986821472804748,0.08921102510407525
83,0.1267739259430111,0.4503903697323032,0.28147565859003876,0.3483243749212597,0.2189481039202187,0.19778763098822805,0.09606637367335959,0.1409594401713326,0.26941976873992457,0.10560758151307276,0.41500044620531357,0.12846032856859196,0.3093928646922408,0.3076444209938255,0.3213450069072378,0.11586100985853964,0.2186828619002578,0.40398422713275894,0.10348033656563599,0.4758218462885314,0.18530136523250115,0.3723415097228954,0.7716943831150878,0.7424448334308399,0.2939476849414815,0.5558233567994384,0.9450220028267657,0.36106297468675236,1.2879691773695088,0.38919864602732734,0.9269062026827564,0.0,1.0,0.09217417797720762,0.07101370504521695,0.07101370504521695,0.005042946304249072,0.0,1.0,-0.14274594873847768,-0.1290453628250654,0.1290453628250654,0.01665270566665277,0.0,0.0,0.490218724525049,0.46096917484080113,0.46096917484080113,0.21249258015340908
84,0.5659354424017983,0.41153925832748134,1.3751675713801685,0.6713028982326322,0.37025598975884855,0.36837394836482085,0.08744458998383318,0.31277533703609034,0.4294298483940665,0.22193459328210555,0.5140274882820184,0.11665451135797616,0.29209289499991287,0.34128042693016925,0.34770321687504036,0.06853530901303076,0.3007030108879524,0.3902987971280898,0.22105413942734747,0.4435673866936505,0.08959578624013737,0.222513247266303,1.0971501007641304,1.1105190907172438,0.19634923429366924,0.9906696398059489,1.2133455159243423,0.7538305260667743,1.3998295842618296,0.22267587611839335,0.6459990581950553,0.0,0.0,-0.19567945264294972,-0.19756149403697743,0.19756149403697743,0.039030543926122666,0.0,1.0,-0.0702588313973121,-0.06383604145244098,0.06383604145244098,0.0040750401883177636,0.0,1.0,-0.2780174706160381,-0.2646484806629248,0.2646484806629248,0.07003881831719448
85,0.6488345538792305,0.3423179457311434,1.8954149555128066,0.3508066236188301,0.35177307910111427,0.3517711380021501,0.02212829198961467,0.33710958873082586,0.36685103230953087,0.31500529479240325,0.38908710695038345,0.029741443578705007,0.07408181215798021,0.23100718589533442,0.23081960622659436,0.022378083190213685,0.21528223194436616,0.24606321991437297,0.195492554230726,0.267872835767054,0.030780987970006807,0.072380281536328,1.5309710835853385,1.5254760508048073,0.1110885809997199,1.4548314323822509,1.6057551082568535,1.3560195581941232,1.7173814224252277,0.15092367587460265,0.3613618642311045,0.0,0.0,-0.29706147477811623,-0.2970634158770804,0.2970634158770804,0.08824667305255923,0.0,0.0,-0.11131075983580896,-0.11149833950454902,0.11149833950454902,0.012431879712271676,0.0,0.0,-0.3644438719274681,-0.3699389047079993,0.3699389047079993,0.13685479321655417
86,0.6814412842140757,0.3495507027172613,1.9494776549348507,0.42163627229091094,0.40151609929631604,0.40135593909720385,0.02299472782819728,0.3857631403302959,0.4170261009774956,0.36339442028619207,0.4397912484044181,0.03126296064719969,0.07639682811822601,0.2574283197246581,0.25604625320737406,0.020872015728543265,0.2428042655546173,0.27172350585977934,0.22553865990511174,0.2931092234007056,0.028919240305162047,0.06757056349559387,1.564831673403942,1.5593309089154292,0.08973553518365082,1.503518432808728,1.622800459498631,1.4261644826189726,1.7140889159511015,0.11928202668990284,0.2879244333321289,0.0,0.0,-0.27992518491775964,-0.28008534511687183,0.28008534511687183,0.0784478005492372,0.0,0.0,-0.09212238299260322,-0.09350444950988723,0.09350444950988723,0.00874308207814705,0.0,0.0,-0.3846459815309087,-0.39014674601942145,0.39014674601942145,0.15221448342954294
87,0.12532465772727788,0.4441730051074328,0.2821528014674494,0.302253858675729,0.23022276787529203,0.2058927389931486,0.10553969752788357,0.14272290548818464,0.2939915800892493,0.10492036728665813,0.4407806628589729,0.15126867460106466,0.3358602955723148,0.3390595569598323,0.3595944742681866,0.1143791504956699,0.2633363294779611,0.43279196646201706,0.11710533047691485,0.4882923811424268,0.16945563698405597,0.37118705066551194,0.7178845623303501,0.6991412015754698,0.2721979173113267,0.522633354318142,0.8772272397874004,0.3240461875763806,1.1927587612567365,0.3545938854692584,0.8687125736803559,0.0,1.0,0.10489811014801415,0.08056808126587073,0.08056808126587073,0.00649121571886395,0.0,1.0,-0.10511344814760049,-0.08457853083924621,0.08457853083924621,0.007153527878925323,0.0,0.0,0.4357317608629007,0.41698840010802035,0.41698840010802035,0.17387932582464646
88,0.5043756957961829,0.31540231841507815,1.599150248262952,0.7891796853789296,0.4209279122360455,0.42027080439507625,0.03175579774920399,0.3989728746281292,0.4427500225612089,0.36998711236623694,0.47376735307685625,0.043777147933079685,0.10378024071061931,0.28480962908007096,0.2839114864274324,0.027871330964114958,0.2653339262855522,0.30287367877548005,0.2397881914570018,0.3308834921001686,0.03753975248992786,0.09109530064316679,1.483966638846831,1.4801347474296547,0.09766126953335094,1.4149443282874996,1.5480791557526463,1.3334002310052901,1.6489923629584953,0.1331348274651467,0.3155921319532051,0.0,0.0,-0.08344778356013743,-0.08410489140110666,0.08410489140110666,0.007073632757591946,0.0,1.0,-0.030592689335007195,-0.03149083198764574,0.03149083198764574,0.000991672499274132,0.0,1.0,-0.11518360941612094,-0.11901550083329737,0.11901550083329737,0.014164689438600607
89,0.786429756430346,0.056736445395381446,13.86110375702818,0.22495449405279544,0.31427022295606616,0.3139999803969804,0.013744564699454277,0.30476448863734507,0.3232275518202422,0.2922830809138024,0.33788081429582717,0.018463063182897144,0.045597733382024774,0.05915156073638281,0.05827976927616364,0.004536075536812372,0.05603918360171091,0.061349387491614706,0.05366106818063968,0.06744256180563724,0.005310203889903796,0.013781493624997553,5.34183195429184,5.3530249430965595,0.450013273566331,5.041538864828491,5.649492156007972,4.583946033758844,6.053451920367141,0.6079532911794816,1.4695058866082968,0.0,0.0,-0.4721595334742798,-0.47242977603336556,0.47242977603336556,0.22318989328293595,1.0,1.0,0.0024151153410013615,0.0015433238807821964,0.0015433238807821964,2.381848600992619e-06,0.0,0.0,-8.519271802736341,-8.508078813931622,8.508078813931622,72.38740510407212
90,0.9018790879837376,0.1863848857526338,4.838799478519375,0.6610092403585153,0.5586744547838118,0.5583454899101625,0.012674371944996276,0.5500163121789086,0.5674561121135329,0.5382946808196588,0.5791881814212403,0.0174397999346243,0.04089350060158148,0.18577618438088023,0.18567832657050873,0.005938523104970577,0.18188611633384322,0.18942307853156432,0.17612883757562714,0.19600246614844752,0.007536962197721098,0.01987362857282038,3.009551113938369,3.0074860722861354,0.09662937675533888,2.9446872872156993,3.0708772390506343,2.8586092162409478,3.175361821157966,0.12618995183493498,0.3167526049170184,0.0,0.0,-0.3432046331999258,-0.3435335980735751,0.3435335980735751,0.11801533300537663,1.0,1.0,-0.0006087013717535616,-0.0007065591821250605,0.0007065591821250605,4.992258778452345e-07,0.0,0.0,-1.829248364581006,-1.8313134062332397,1.8313134062332397,3.353708791849591
91,0.3633474462363716,0.14385869484210273,2.525724612163183,0.439562885190523,0.23854872798380655,0.23827486826697808,0.011674684575833982,0.23070213407984141,0.245850248702171,0.2195054602613511,0.258463817963747,0.015148114622329595,0.03895835770239592,0.11287753423482454,0.11190452960873593,0.012327016062020925,0.10414557783396741,0.12055456067330451,0.0937644954725503,0.1345745176264969,0.016408982839337102,0.04081002215394659,2.133435815143791,2.129656009407883,0.2081161434664099,1.9870768488768973,2.271024798922735,1.8053458616890334,2.4715599386773337,0.2839479500458375,0.6662140769883003,0.0,0.0,-0.12479871825256506,-0.12507257796939353,0.12507257796939353,0.015643149759910022,0.0,0.0,-0.030981160607278194,-0.031954165233366805,0.031954165233366805,0.0010210686757613078,0.0,0.0,-0.392288797019392,-0.3960686027553,0.3960686027553,0.15687033808853562
92,0.6735025215021039,0.2283795213213568,2.9490495365142952,0.2844000520087984,0.3475984969101983,0.347477975647585,0.011120391259642634,0.3399971204978285,0.35491482744971004,0.3300789480766778,0.3666994273156169,0.014917706951881549,0.036620479238939074,0.17796907860782218,0.17777380072463367,0.009406681888575073,0.17154668018601077,0.18390975086749511,0.1634489603821591,0.1943327311107746,0.012363070681484345,0.030883770728615506,1.9567238198908692,1.9539514427268705,0.08552025606316901,1.9001584371212474,2.012303785645242,1.817110044206301,2.103240408916451,0.11214534852399449,0.28613036471014985,0.0,0.0,-0.3259040245919056,-0.3260245458545189,0.3260245458545189,0.10629200449964529,0.0,0.0,-0.05041044271353462,-0.050605720596723136,0.050605720596723136,0.0025609389571136084,0.0,0.0,-0.9923257166234261,-0.9950980937874248,0.9950980937874248,0.9902202162593664
93,0.4157495176086192,0.48709365904429114,0.8535309583465864,0.6948787952572298,0.23364265285988364,0.21100256956204108,0.09997470909333904,0.15281789412016342,0.29489484397657484,0.11082550689833087,0.42710475197847436,0.14207694985641142,0.3162792450801435,0.3277185391340078,0.3445126527813095,0.10723672484662654,0.24849287103673898,0.41607721606200976,0.1292613159610774,0.4745505516108482,0.16758434502527078,0.34528923564977076,0.747975613410008,0.7355338394698023,0.26089304536367053,0.5584797628945053,0.9067958793726305,0.3589029812106536,1.1860086254959161,0.3483161164781252,0.8271056442852625,0.0,1.0,-0.18210686474873558,-0.20474694804657814,0.20474694804657814,0.04192131273438817,0.0,0.0,-0.15937511991028336,-0.14258100626298165,0.14258100626298165,0.020329343346964412,1.0,1.0,-0.10555534493657848,-0.1179971188767841,0.1179971188767841,0.013923320063221918
94,0.8027158849267423,0.4758316700119211,1.6869744817671166,0.2475486847565216,0.32203737925599285,0.32009560703501566,0.07424051941403315,0.2693913933890034,0.3736196099154464,0.20535971936940112,0.44865334456483114,0.10422821652644298,0.24329362519543002,0.28558427496841365,0.28787370447021043,0.07091910931627553,0.23879463001348636,0.33615339064340943,0.16327388589070008,0.39829043714924267,0.09735876062992307,0.2350165512585426,1.162538883013505,1.1505372970868302,0.24484527118110633,1.0144356801494028,1.2970278914152953,0.7703640763415802,1.588897997238522,0.2825922112658925,0.8185339208969418,0.0,0.0,-0.48067850567074943,-0.4826202778917266,0.4826202778917266,0.23292233263228743,0.0,0.0,-0.19024739504350746,-0.18795796554171068,0.18795796554171068,0.0353281968105789,0.0,0.0,-0.5244355987536116,-0.5364371846802864,0.5364371846802864,0.28776485310771177
95,0.5122392343813112,0.11875381770664797,4.313454878955319,0.3128362255328089,0.2973956026383718,0.29724268953626193,0.009170858901800022,0.2909288241707015,0.30345001030463364,0.28330006378590794,0.3128322053738875,0.01252118613393216,0.029532141587979566,0.11000744619965547,0.10959343770407173,0.006199966825743429,0.10568179355391949,0.113758315931609,0.10049572515755494,0.12082532010998158,0.008076522377689507,0.020329594952426644,2.7106908295892573,2.702742656302714,0.15335763520530954,2.6036955394220644,2.814307590391641,2.4690210390753697,2.974062122327357,0.21061205096957636,0.5050410832519874,0.0,0.0,-0.21484363174293947,-0.21499654484504932,0.21499654484504932,0.046223514295309305,0.0,1.0,-0.008746371506992506,-0.00916038000257624,0.00916038000257624,8.391256179159868e-05,0.0,0.0,-1.602764049366062,-1.6107122226526052,1.6107122226526052,2.5943938642024955
96,0.6120613350862206,0.49752022388523365,1.2302240305057608,0.3726762964940842,0.2631313740068715,0.25073731721173137,0.09520850263394458,0.18816696381279133,0.32331891545108393,0.1283713251018856,0.436727239998616,0.1351519516382926,0.3083559148967304,0.31860963160566463,0.32798357517980237,0.09588134592871247,0.25056370318038224,0.39338610695544296,0.14213604865456542,0.4574050441423311,0.14282240377506072,0.31526899548776566,0.8579463912713187,0.8590556484768623,0.2505792100778719,0.6904850637718398,1.0074687043686117,0.44680921550271985,1.2683582215262774,0.31698364059677187,0.8215490060235575,0.0,0.0,-0.34892996107934915,-0.36132401787448926,0.36132401787448926,0.13055504589296424,0.0,0.0,-0.17891059227956901,-0.16953664870543128,0.16953664870543128,0.028742675254268813,0.0,1.0,-0.3722776392344421,-0.37116838202889846,0.37116838202889846,0.1377659678179503
97,0.968056227182878,0.36553252550419013,2.6483449751772667,0.7094560842555876,0.6169707972377027,0.6165989882791101,0.021025233991728464,0.6029300338959687,0.631282892441337,0.5824844480195336,0.6515662060891799,0.028352858545368287,0.06908175806964634,0.31563718660791745,0.31493771033056,0.013330553641323715,0.3066574619964348,0.3242918287230477,0.29506107021213085,0.3386285087058987,0.017634366726612893,0.043567438493767874,1.9561184647743861,1.95428212709044,0.057287530468139274,1.9175285243520002,1.9936939681672468,1.866785926835906,2.0521994676601434,0.07616544381524659,0.18541354082423744,0.0,0.0,-0.35108542994517533,-0.3514572389037679,0.3514572389037679,0.12352219077786018,0.0,0.0,-0.04989533889627268,-0.050594815173630125,0.050594815173630125,0.002559835322453793,0.0,0.0,-0.6922265104028806,-0.6940628480868267,0.6940628480868267,0.4817232370943975
98,0.6777544660686495,0.4991012416474764,1.3579498697127244,0.48558884480240483,0.4019829706710498,0.4029993951880604,0.10280295379327908,0.3282583781231735,0.4765794724463446,0.23265146097085537,0.5733586555804763,0.1483210943231711,0.3407071946096209,0.3666004792435842,0.3772112034294339,0.07405343222536437,0.32203773823106047,0.4232350289032288,0.22875371755854013,0.46831404924249725,0.10119729067216832,0.23956033168395713,1.1038478940984624,1.1192917579332904,0.19679516135973277,0.9947436831242725,1.2328982237278905,0.7636705257587579,1.3833848490379321,0.23815454060361796,0.6197143232791742,0.0,0.0,-0.2757714953975997,-0.27475507088058915,0.27475507088058915,0.07549034897459757,0.0,0.0,-0.1325007624038922,-0.1218900382180425,0.1218900382180425,0.014857181416795862,0.0,1.0,-0.25410197561426195,-0.23865811177943397,0.23865811177943397,0.0569576943181248
99,0.8350076936615354,0.4313493465842181,1.9358037754637138,0.7161447210570527,0.5676722371792526,0.5673446425607035,0.029067210525266146,0.5483737576129013,0.5874695713697313,0.5210894613584164,0.6147902789508414,0.03909581375683002,0.09370081759242499,0.3496494679991537,0.34889138278490683,0.02116921086236465,0.33461982352099423,0.36313664619448305,0.316428966089516,0.38671508775886626,0.028516822673488817,0.07028612166935028,1.6254211521450108,1.623207800742491,0.05878811817527346,1.5852707989572519,1.663968395674282,1.533091949400091,1.725494062587375,0.07869759671703003,0.19240211318728395,0.0,0.0,-0.26733545648228274,-0.2676630511008319,0.2676630511008319,0.07164350892460654,0.0,0.0,-0.08169987858506439,-0.08245796379931125,0.08245796379931125,0.006799315793928525,0.0,0.0,-0.31038262331870303,-0.3125959747212228,0.3125959747212228,0.09771624341191136
