case_id,pointwise_empirical_50,pointwise_empirical_90,curve_bias_full,curve_mae_full,curve_rmse_full,curve_bias_first,curve_mae_first,curve_rmse_first,curve_bias_second,curve_mae_second,curve_rmse_second,second_minus_first_rmse,second_minus_first_mae,split_mode,split_idx,tau_used,true_beta,true_gamma,true_R0,true_beta_timeavg,true_beta_infweighted,true_R0_timeavg,true_R0_infweighted,beta_ref_mode,beta0,gamma,tau,kappa,severity
0,0.82,0.98,-0.002660258370451629,0.011127302967943252,0.014468301404567419,0.0021297293030382958,0.007647472721360186,0.00831019304338583,-0.005127827778007045,0.012919942791940588,0.016780742058896892,0.008470549015511062,0.005272470070580402,tau,17,17,0.2080845525294241,0.33796092457181953,0.6157059511926042,0.2080845525294241,0.24952474103860464,0.6157059511926042,0.738324234834961,time_avg,0.26104133230789256,0.33796092457181953,17,0.692625131777012,medium
1,0.32,0.78,0.012121746237389742,0.02682451799977571,0.03329646064684252,-0.008569491110392846,0.018620309900143184,0.0223653188187681,0.02185879910693449,0.030685321811367485,0.03734946050736222,0.014984141688594122,0.012065011911224301,tau,16,16,0.2980045453362274,0.09375293050568131,3.1786157907690007,0.2980045453362274,0.28269541547749233,3.1786157907690007,3.015323509918032,time_avg,0.38426463760700225,0.09375293050568131,16,0.669880950641827,medium
2,0.86,0.98,-0.002268778169818688,0.008309147700492759,0.012195836350429562,-0.002547333143678877,0.010481442458352403,0.016498509161759854,-0.002125280152981621,0.007190086764625668,0.00922694922626026,-0.007271559935499593,-0.003291355693726735,tau,17,17,0.23590054692584636,0.42381710222092844,0.5566093149371673,0.23590054692584636,0.2721158903497324,0.5566093149371673,0.6420597208648817,time_avg,0.27537615462093723,0.42381710222092844,17,0.782800631764664,medium
3,0.58,0.88,-0.0034844274738497914,0.015023308248382819,0.01977022782834727,-0.00781990836840123,0.01663647119421512,0.021723314674914652,-0.0005941068774821663,0.013947866284494619,0.0183530627870215,-0.0033702518878931526,-0.002688604909720501,tau,20,20,0.43582955553093305,0.20865185201255343,2.0887883396535183,0.43582955553093305,0.4603264169874734,2.0887883396535183,2.2061937746892277,time_avg,0.5088133920563621,0.20865185201255343,20,0.7609345008574233,medium
4,0.78,0.98,-0.006057910987583455,0.010580013465660159,0.014284043482266941,-0.0071446003763412595,0.013121306719403947,0.01792698554173623,-0.005333451395078252,0.008885817963164299,0.011216295731200263,-0.006710689810535969,-0.004235488756239648,tau,20,20,0.1393144380106585,0.18700362221474154,0.7449825642985662,0.1393144380106585,0.15784572583380932,0.7449825642985662,0.8440784406440567,time_avg,0.18254132540300172,0.18700362221474154,20,0.605323275912911,medium
5,0.34,0.84,0.01502720583230257,0.03217986760661006,0.03951134065479231,-0.010233223039124693,0.021799487926598107,0.027646653644039634,0.024850705948968727,0.03621668192661471,0.04325524297346421,0.015608589329424577,0.014417194000016603,tau,14,14,0.24101531580891916,0.07434764212810198,3.2417344909694186,0.24101531580891916,0.22606498804330963,3.2417344909694186,3.040647713532013,time_avg,0.293222378204653,0.07434764212810198,14,0.7527139322485275,medium
6,0.6,0.88,0.002295264657586813,0.017290024273097514,0.022149415703360813,0.0034629751563720083,0.01903427420588939,0.023692106912918374,0.0013005483067697948,0.015804181737756287,0.020744981017846373,-0.002947125895072001,-0.003230092468133102,tau,23,23,0.6614836108542218,0.12007176008901925,5.509068996438535,0.6614836108542218,0.7647611723704096,5.509068996438535,6.369200982840829,time_avg,0.8072158415831313,0.12007176008901925,23,0.6656724416848065,medium
7,0.5,0.88,-0.002583424543263391,0.016556849953485653,0.021515736210990163,-0.003710522993721745,0.016561497426168484,0.02252420396785075,-0.0016978471893318264,0.016553198367806284,0.020688912160319903,-0.001835291807530847,-8.299058362200296e-06,tau,22,22,0.4404213594148779,0.2922467506437757,1.5070188409099359,0.4404213594148779,0.4545895823132732,1.5070188409099359,1.5554991845482649,time_avg,0.48996164703975054,0.2922467506437757,22,0.8194454609567585,medium
8,0.6,0.86,-0.005129925782093778,0.015119497292907909,0.01973801919723674,-0.004932967945933342,0.015780857298523188,0.020572191799558447,-0.005222611822639866,0.014808269054971306,0.019333017235471418,-0.0012391745640870297,-0.0009725882435518817,tau,16,16,0.44417350551151374,0.33693931512896735,1.318259655574777,0.44417350551151374,0.4548536663766191,1.318259655574777,1.3499572354817624,time_avg,0.5227998506544365,0.33693931512896735,16,0.7788312716489568,medium
9,0.5,0.92,0.0013587410422042012,0.016911597033031286,0.02094309189328829,-0.007184286761912517,0.018317775291507132,0.0206048757918036,0.005378989420612068,0.01624986608786618,0.021100376634640646,0.0004955008428370461,-0.002067909203640951,tau,16,16,0.3779261431185861,0.12948875842959828,2.91860195203015,0.3779261431185861,0.3776173019536333,2.91860195203015,2.9162168711266157,time_avg,0.4646839378666684,0.12948875842959828,16,0.7254370511226931,medium
10,0.6,0.96,-0.0017488734774451587,0.014591258719920007,0.01888464654868661,-0.0011167341705273699,0.015398246788040356,0.01944354715926812,-0.0024909500551312585,0.013643924900822205,0.01820666690815615,-0.0012368802511119707,-0.001754321887218151,tau,27,27,0.6988397533517642,0.1551854573827073,4.503255428299157,0.6988397533517642,0.8212030668025821,4.503255428299157,5.291752723822501,time_avg,0.8374964213564154,0.1551854573827073,27,0.6400849825097135,medium
11,0.6,0.92,-0.004168528106529266,0.01394492650171742,0.01812911215418737,-0.003039557347074151,0.012542519392445684,0.016985514521362304,-0.004450770796393044,0.014295528279035352,0.018403911499597792,0.001418396978235488,0.0017530088865896683,tau,10,10,0.5620335766985064,0.4142892524820762,1.3566211851532939,0.5620335766985064,0.56600138340966,1.3566211851532939,1.3661985678331046,time_avg,0.6474256580029935,0.4142892524820762,10,0.8351314929966597,medium
12,0.6,0.92,-0.004078583937516669,0.013828604254958918,0.019063598819465132,-0.00901958237712582,0.018090231344103813,0.023681708785904206,-0.0012992723152365215,0.011431439017314915,0.01588653128351666,-0.007795177502387545,-0.006658792326788898,tau,18,18,0.4910500709061971,0.2540985352126566,1.9325183063146523,0.4910500709061971,0.5405607006107912,1.9325183063146523,2.127366457104496,time_avg,0.5994305981110294,0.2540985352126566,18,0.7174909417517197,medium
13,0.44,0.88,-0.0015209639724344014,0.01758425052277744,0.022005679723406463,-0.010147692803293466,0.017024038154631854,0.022092696164547742,0.0071057648584246635,0.018144462890923023,0.021918317826860302,-0.00017437833768743985,0.0011204247362911687,tau,25,25,0.36024495157028236,0.15368390653517353,2.3440642529986273,0.36024495157028236,0.3743246244436359,2.3440642529986273,2.435678744006709,time_avg,0.4130429568877796,0.15368390653517353,25,0.7443461778633257,medium
14,0.6,0.9,-0.003856235254788771,0.014883909415220841,0.0185052816135579,-0.011224447258023752,0.018299951709599957,0.02091321863467757,0.00028838399703090545,0.012962385624632589,0.01700160243729006,-0.003911616197387512,-0.005337566084967368,tau,18,18,0.5995268125231712,0.184024715982677,3.25786027883128,0.5995268125231712,0.678156549897759,3.25786027883128,3.6851384134813534,time_avg,0.7246202710627209,0.184024715982677,18,0.7302607492868106,medium
15,0.68,0.94,-0.0036238761834101753,0.013458770510624163,0.017422694795896313,-0.0012973302192139354,0.017178212133744222,0.019981648414811155,-0.005451876583850078,0.010536352092458401,0.015111084724394104,-0.004870563690417051,-0.006641860041285821,tau,22,22,0.7983405477128247,0.19389193396296361,4.117451053251758,0.7983405477128247,0.8918660718175879,4.117451053251758,4.599810077648451,time_avg,0.9051074483412495,0.19389193396296361,22,0.7893563023450738,medium
16,0.56,0.9,-0.006436268074612599,0.014938507369661238,0.020377627128552088,-0.0049604816724442774,0.01933976867305184,0.02292118654937767,-0.008168712981505845,0.00977180931785488,0.016910381379326225,-0.006010805170051446,-0.00956795935519696,tau,27,27,0.6677291283885063,0.42179631479061813,1.583060602888317,0.6677291283885063,0.7343993322083398,1.583060602888317,1.7411231593450487,time_avg,0.740246937946567,0.42179631479061813,27,0.7870340233759666,medium
17,0.86,1.0,-0.0013457107366411946,0.007545364589022938,0.009355794836649467,-0.0024809782798084516,0.008329802583003502,0.010010966660585825,-0.00045371480986692144,0.0069290204508953524,0.008806890311260147,-0.0012040763493256779,-0.0014007821321081497,tau,22,22,0.26120696415671135,0.40585461416976637,0.6435973746191047,0.26120696415671135,0.3068608457779732,0.6435973746191047,0.756085640188423,time_avg,0.3123512109611524,0.40585461416976637,22,0.7076079459728863,medium
18,0.62,0.96,-0.0018234250228852033,0.012217119140550493,0.01531586018279187,-0.0024927845762039605,0.013275018373790842,0.015612719573489206,-0.001098285506789883,0.01107106163787345,0.01498762869342959,-0.0006250908800596172,-0.0022039567359173912,tau,26,26,0.3561506549918327,0.2478963552731846,1.4366917762842888,0.3561506549918327,0.3879061480650223,1.4366917762842888,1.564791655115483,time_avg,0.43795130167305996,0.2478963552731846,26,0.6108745121473711,medium
19,0.62,0.94,-0.00255815795972012,0.012963522692443804,0.016375927288185516,-0.0033248143613730605,0.017322677506231947,0.020703112723971497,-0.002088271778061866,0.010291782645283328,0.013031959566746784,-0.007671153157224712,-0.007030894860948619,tau,19,19,0.629772368513695,0.1610967732962836,3.9092798423432074,0.629772368513695,0.6949192072160149,3.9092798423432074,4.3136755193596805,time_avg,0.7313359580150246,0.1610967732962836,19,0.7760095899348474,medium
20,0.48,0.9,0.00356598736718297,0.015785587895661594,0.019315775810525855,-0.0040619322945448484,0.016336582220074804,0.018767348968748397,0.0095593528156834,0.01535266378362264,0.0197359943442718,0.0009686453755234012,-0.0009839184364521646,tau,22,22,0.40247032031154023,0.10967194134528829,3.6697656244126575,0.40247032031154023,0.4108256651750643,3.6697656244126575,3.74595051510606,time_avg,0.4449378633814678,0.10967194134528829,22,0.8295606991888229,medium
21,0.6,0.96,-0.0043816761299967765,0.015546903666108846,0.01853002399522798,-0.004179459949955344,0.015569847682490945,0.018563882020121096,-0.0044683402071573905,0.015537070516230805,0.018515494459916237,-4.8387560204858626e-05,-3.277716626014053e-05,tau,15,15,0.276896780809424,0.2100296851457668,1.3183697371980987,0.276896780809424,0.26996328874877185,1.3183697371980987,1.2853577748374443,time_avg,0.3519870896761951,0.2100296851457668,15,0.6952391921295864,medium
22,0.86,0.96,-0.0038669166280305943,0.009784959290118422,0.013511495917957696,-0.001373607687128242,0.008952883181336801,0.011065778276924175,-0.005040238482572878,0.010176524517780361,0.014520576591882437,0.003454798314958263,0.0012236413364435598,tau,16,16,0.10434001674349357,0.37430596003658884,0.27875595871701914,0.10434001674349357,0.12297618676779899,0.27875595871701914,0.3285445595249884,time_avg,0.12342430858238262,0.37430596003658884,16,0.7726125802968791,medium
23,0.66,0.96,-0.005851821315009147,0.01317733883159235,0.017049881531415303,-0.004459786117963847,0.01625025114931521,0.019473165760378015,-0.006859846802524708,0.010952126463586143,0.015053508163021508,-0.004419657597356507,-0.005298124685729067,tau,21,21,0.4489477138306255,0.2986049005386757,1.5034840788638604,0.4489477138306255,0.4671629240140134,1.5034840788638604,1.5644851212128912,time_avg,0.508324410180716,0.2986049005386757,21,0.7986057479311044,medium
24,0.7,0.94,-0.00594390940881567,0.012166807309549768,0.01677840552695889,-0.008899660781025887,0.013639058930695884,0.019683168167057386,-0.004281299261947424,0.011338665772655077,0.014897626318568263,-0.0047855418484891235,-0.0023003931580408074,tau,18,18,0.21000374409103462,0.2545962562740742,0.8248500868173195,0.21000374409103462,0.2235438571278315,0.8248500868173195,0.8780327739273016,time_avg,0.24183304297356684,0.2545962562740742,18,0.7943487006885466,medium
25,0.48,0.96,0.02208037200383842,0.03084679621271789,0.03841584197651622,-0.0022601644741371274,0.01660944379400462,0.020032998831383736,0.038307396322488786,0.040338364491860075,0.04681966285464147,0.02678666402325773,0.023728920697855455,tau,20,20,0.1905649755430956,0.06153147514099945,3.0970324554452127,0.1905649755430956,0.1744403487755379,3.0970324554452127,2.8349775196484015,time_avg,0.2269015028017225,0.06153147514099945,20,0.7330961760209265,medium
26,0.62,0.92,-0.005380304186255671,0.013477403778233565,0.018020889805062862,-0.012888539939012844,0.021337644597224426,0.02457302675923061,-0.001847016773193472,0.009778466922237867,0.013907557364246158,-0.010665469394984452,-0.011559177674986558,tau,16,16,0.7219349777962247,0.20565282354537723,3.510454976257255,0.7219349777962247,0.7973727531809185,3.510454976257255,3.8772759811147375,time_avg,0.8360559424568053,0.20565282354537723,16,0.7992658869966278,medium
27,0.74,0.98,-0.0038685011149846103,0.01155802465996203,0.01566124279929461,-0.00955798568773187,0.019059897102932963,0.02225141188256964,-0.0006681660428142777,0.007338221410790879,0.01023393611212097,-0.012017475770448672,-0.011721675692142084,tau,18,18,0.3478297315734039,0.3872814234409457,0.8981317215862858,0.3478297315734039,0.3861764919748199,0.8981317215862858,0.9971469546452587,time_avg,0.4322910210675198,0.3872814234409457,18,0.6947177748252524,medium
28,0.3,0.76,0.0052295523276552555,0.027431869893334807,0.035230777887108516,-0.008907093061134219,0.0192266459732006,0.023361851981825242,0.01128811463713646,0.03094839443053518,0.039233274363998746,0.015871422382173504,0.01172174845733458,tau,15,15,0.2470135773073776,0.0981174611839631,2.5175292381877385,0.2470135773073776,0.22538083055581076,2.5175292381877385,2.2970511857541656,time_avg,0.34143081583494345,0.0981174611839631,15,0.6049513896534182,medium
29,0.8,0.94,-0.0037850911902205554,0.010489276595035336,0.015495374278953249,-0.003886329266242683,0.012871397484559566,0.017934887766315327,-0.003717599139539137,0.008901196002019182,0.013628557295174657,-0.0043063304711406705,-0.003970201482540384,tau,20,20,0.11463290038959126,0.25617608006732534,0.4474769867642003,0.11463290038959126,0.14055606797800957,0.4474769867642003,0.5486697584765533,time_avg,0.14421184336208065,0.25617608006732534,20,0.6581540243979374,medium
30,0.54,0.88,-0.002193912067450583,0.01633118824567646,0.02137756375500665,-0.0005009927990613505,0.020325326200691052,0.024615003619889955,-0.0029905799584572807,0.014451593913904884,0.01967054916669137,-0.004944454453198584,-0.005873732286786167,tau,16,16,0.3437282474993304,0.26621328445714815,1.291176164255844,0.3437282474993304,0.3583991801615666,1.291176164255844,1.346285858319957,time_avg,0.4688872839710154,0.26621328445714815,16,0.6074591637094064,medium
31,0.44,0.94,-0.0032203659880906343,0.017279746560379863,0.02009340681065239,-0.00866734513424729,0.01675067966999976,0.0179840365351197,0.00011810510148925166,0.017604013364161213,0.021283163140398027,0.003299126605278327,0.0008533336941614518,tau,19,19,0.3181776135978939,0.14838527838054388,2.1442667161489317,0.3181776135978939,0.31141148910101535,2.1442667161489317,2.0986683618463817,time_avg,0.3709323607515289,0.14838527838054388,19,0.7706096559267351,medium
32,0.4,0.76,0.01316557199228555,0.030554643268696963,0.03889385767982164,-0.01659752824343741,0.020000037038698792,0.02410690669632977,0.02592118637902396,0.03507804593869618,0.04372624710430234,0.01961934040797257,0.015078008899997386,tau,15,15,0.291191771791848,0.0777618267850433,3.744662179770908,0.291191771791848,0.2727425369714165,3.744662179770908,3.5074090752183276,time_avg,0.3782914598017678,0.0777618267850433,15,0.6710786815180558,medium
33,0.54,0.92,-0.004835877707228065,0.012828130440902896,0.01750520725380171,-0.006906814186368138,0.01671379244653508,0.020648381467880186,-0.0034552533878013493,0.010237689103814774,0.015049364222524092,-0.005599017245356094,-0.006476103342720307,tau,20,20,0.7018396911877147,0.3475094399093271,2.019627700965016,0.7018396911877147,0.8626182688858309,2.019627700965016,2.4822872987591564,time_avg,0.8792886080567839,0.3475094399093271,20,0.6636506010974239,medium
34,0.64,0.92,-0.004983656595577486,0.015188632907229476,0.020433182832370497,-0.006734069593086907,0.01662948235968576,0.02037009808592506,-0.002928823946327295,0.01349720094130253,0.020506991215339655,0.00013689312941459614,-0.0031322814183832315,tau,27,27,0.34153527921488086,0.3065617480356771,1.1140831542203158,0.34153527921488086,0.3465444544283241,1.1140831542203158,1.1304230115102094,time_avg,0.37054717281814487,0.3065617480356771,27,0.8297940490532578,medium
35,0.74,0.9,-0.002048843805678189,0.011738541726954281,0.015314639860333814,-0.002413891468440061,0.011984984562529818,0.016186181052994207,-0.0017378772781402976,0.01152860894109364,0.014531043639381127,-0.0016551374136130805,-0.00045637562143617874,tau,23,23,0.3953174321458718,0.26484155916900204,1.4926563390816237,0.3953174321458718,0.4327860972757319,1.4926563390816237,1.6341321151925414,time_avg,0.48641627796217346,0.26484155916900204,23,0.6531745051106131,medium
36,0.68,0.94,-0.005415466220583766,0.012201130122411996,0.01764478519508126,-0.007225520559586585,0.01998257590457797,0.024341233306064514,-0.00456367594340597,0.008539273283745655,0.013380178499714674,-0.01096105480634984,-0.011443302620832315,tau,16,16,0.5784162255386461,0.31041420465268965,1.8633690625911064,0.5784162255386461,0.6444759302104549,1.8633690625911064,2.076180537329256,time_avg,0.7031782773377269,0.31041420465268965,16,0.7390795314645879,medium
37,0.68,1.0,-0.004212566481874092,0.011743437032710063,0.015231018351032676,-0.005056453508917581,0.013889412035826932,0.017554661650655782,-0.0035495123891970642,0.01005731381597538,0.013119697290383923,-0.004434964360271859,-0.0038320982198515527,tau,22,22,0.6600051974132889,0.1686178812456674,3.9142064444025126,0.6600051974132889,0.7329370326717782,3.9142064444025126,4.3467337346264445,time_avg,0.7540818043272001,0.1686178812456674,22,0.7772205350219472,medium
38,0.64,0.94,-0.0007089029427152127,0.014194999729515984,0.017542216609342284,-0.006009758572326973,0.014034037107679372,0.017384613203326786,0.0072423805017024275,0.014436443662270903,0.01777600192897111,0.00039138872564432534,0.00040240655459153167,tau,30,30,0.3984569932744151,0.11407017625384999,3.4930865048169566,0.3984569932744151,0.42742478564350533,3.4930865048169566,3.7470336215867754,time_avg,0.4525458678863301,0.11407017625384999,30,0.7011967269497807,medium
39,0.6,0.94,-0.003962021041370462,0.013410173459269571,0.017795984702505065,-0.003051243002780459,0.01789507104761221,0.021293697928218468,-0.004677632357405466,0.009886325354143213,0.014466190885387325,-0.006827507042831143,-0.008008745693468999,tau,22,22,0.5136761485148895,0.3945465818643039,1.3019404352400592,0.5136761485148895,0.5561735397274205,1.3019404352400592,1.4096524093540488,time_avg,0.5933500901384514,0.3945465818643039,22,0.7602176217363302,medium
40,0.7,0.9,-0.00695402636367362,0.013211263183620758,0.01836774858411499,-0.0062984224535863505,0.0160687673963945,0.01944819015394119,-0.007138940287031568,0.012405300456940984,0.018051320215629447,-0.0013968699383117428,-0.0036634669394535174,tau,11,11,0.36947465994357176,0.42040059676575253,0.878863309866906,0.36947465994357176,0.3895388820746169,0.878863309866906,0.9265897457602045,time_avg,0.42248815497436476,0.42040059676575253,11,0.8391291720962654,medium
41,0.4,0.82,0.008092760555446148,0.024445781875401737,0.02978097754492856,-0.000900230116464875,0.01565966560420665,0.01727798905968902,0.010629245103933873,0.02692391723394394,0.032447793655451224,0.015169804595762202,0.01126425162973729,tau,11,11,0.30367862436150006,0.09313352767300545,3.2606799285830195,0.30367862436150006,0.2911179135289293,3.2606799285830195,3.1258121624153747,time_avg,0.36424168603693796,0.09313352767300545,11,0.7868312336494292,medium
42,0.66,0.92,-0.008969577093957924,0.016328148739994504,0.021431880705934353,-0.006591841401781754,0.01641355582354923,0.020593731549185385,-0.009894252085359767,0.016294934874167666,0.021749106381381427,0.001155374832196042,-0.00011862094938156278,tau,14,14,0.15104681082242227,0.13262141182567433,1.1389323092184196,0.15104681082242227,0.14851823128555575,1.1389323092184196,1.1198661606828404,time_avg,0.19151320661556806,0.13262141182567433,14,0.706530278074768,medium
43,0.58,0.96,-0.0011312526045367123,0.01497725593391806,0.018304678812614595,-0.0011791277876389878,0.01622266771404871,0.020507129021598652,-0.001070320553315634,0.013392186395569959,0.015042179758948226,-0.005464949262650426,-0.0028304813184787496,tau,28,28,0.34381693265650887,0.22055145979148189,1.5588966537857742,0.34381693265650887,0.35398817497183455,1.5588966537857742,1.605013974092527,time_avg,0.3893056578906616,0.22055145979148189,28,0.7344413975347567,medium
44,0.82,0.98,-0.004051705874444451,0.008847263690258842,0.01204006462666845,-0.0032552349705087104,0.009990146910042866,0.012408060951601092,-0.004730181088908231,0.007873696503035413,0.011717474050589987,-0.0006905869010111042,-0.0021164504070074527,tau,23,23,0.23984209066581832,0.3866667428395353,0.6202811467686828,0.23984209066581832,0.27682331003799976,0.6202811467686828,0.7159222125107356,time_avg,0.2803081750708738,0.3866667428395353,23,0.7326614062406567,medium
45,0.72,0.96,-0.005917427319509443,0.010710019038815516,0.01466273616229926,-0.0057674506097100675,0.011670077617745847,0.01598345275724459,-0.006067404029308819,0.009749960459885187,0.013210635922896643,-0.0027728168343479458,-0.0019201171578606593,tau,25,25,0.3839048475381827,0.4643095108079695,0.8268296009490084,0.3839048475381827,0.43783536169886866,0.8268296009490084,0.942981678184813,time_avg,0.45518619796528914,0.4643095108079695,25,0.6868035509611736,medium
46,0.52,0.9,0.0076351108076050875,0.019267190913669765,0.025030398460089125,0.010867675465609258,0.024864857385788735,0.03127032261324923,0.004651204969447393,0.014100114170175333,0.017384839241155275,-0.013885483372093957,-0.010764743215613402,tau,24,24,0.7095516540059666,0.08980683677432433,7.900864561002183,0.7095516540059666,0.7747304596304185,7.900864561002183,8.626631194874832,time_avg,0.8170088790714031,0.08980683677432433,24,0.7470669964124543,medium
47,0.58,0.92,-0.002849104804554372,0.01487884418493195,0.019139381661089427,-0.005804856631742871,0.020490205563280895,0.02435779430658486,-0.00033124213694935424,0.010098795603375442,0.013151323294013199,-0.011206471012571662,-0.010391409959905453,tau,23,23,0.47521958009105775,0.345445152229597,1.37567303238694,0.47521958009105775,0.5397831243597974,1.37567303238694,1.5625725846082663,time_avg,0.5800509461814752,0.345445152229597,23,0.6653187781095998,medium
48,0.76,0.92,-0.004945498837623745,0.011517954382579774,0.01672848240282398,-0.002854124621742151,0.011002983749759469,0.01278449104542251,-0.005535373616462143,0.011663202509785501,0.017682550322849582,0.004898059277427072,0.0006602187600260323,tau,11,11,0.2956576434459779,0.373768153746296,0.7910188187050909,0.2956576434459779,0.31827661302685994,0.7910188187050909,0.8515348614823341,time_avg,0.34336400979420834,0.373768153746296,11,0.821874144074058,medium
49,0.78,0.98,-0.0039017753579537384,0.007442546200181823,0.011955298853923964,-0.0031651857737285483,0.007668810353996898,0.011728497149117906,-0.00483925301060398,0.00715457364078082,0.012237877979638594,0.0005093808305206872,-0.0005142367132160777,tau,28,28,0.30956492159843263,0.4435478323962886,0.6979290597047746,0.30956492159843263,0.331192738555261,0.6979290597047746,0.7466900170968624,time_avg,0.3324186477713753,0.4435478323962886,28,0.8437503819207812,medium
50,0.84,0.96,-0.003385906550392974,0.008533542474906427,0.01245177570368818,-0.0033244968159124254,0.008839764376170933,0.010826841273056886,-0.0034012589840131113,0.008456986999590299,0.012825883000039687,0.0019990417269828004,-0.0003827773765806338,tau,10,10,0.2548873363777737,0.48096774104971846,0.5299468438807948,0.2548873363777737,0.31235844117824224,0.5299468438807948,0.6494374040481713,time_avg,0.3247512768821289,0.48096774104971846,10,0.7310867366900575,medium
51,0.6,0.98,-0.004597316599538317,0.015112006751733133,0.01859098137566571,-0.005983423018672814,0.01730970971984789,0.020964338505682027,-0.0025181569708365714,0.011815452299561002,0.01431105299426426,-0.006653285511417766,-0.0054942574202868875,tau,30,30,0.30989476903702107,0.26378591351412295,1.1747965041371684,0.30989476903702107,0.31744412860962745,1.1747965041371684,1.2034157714514642,time_avg,0.3523744208519941,0.26378591351412295,30,0.6986185056206483,medium
52,0.64,0.92,0.003345153514528647,0.014240016523981467,0.018569782409140003,0.0022702119225868956,0.01216184412187431,0.014653110140063576,0.004061781242489815,0.015625464792052905,0.020774638545274057,0.006121528405210481,0.0034636206701785938,tau,20,20,0.24385655697973768,0.14747527762946946,1.6535419420767288,0.24385655697973768,0.2334033289730716,1.6535419420767288,1.582660719307108,time_avg,0.28037533648713875,0.14747527762946946,20,0.7829173090796196,medium
53,0.3,0.82,0.03591340302664321,0.04047171716752928,0.05011714155289888,0.005083857330685967,0.014993235897829594,0.01814150208067808,0.06217560861949568,0.06217560861949568,0.06611347417538764,0.04797197209470956,0.04718237272166608,tau,23,23,0.1568022555020579,0.05764742881120199,2.720021668539504,0.1568022555020579,0.13930990531563403,2.720021668539504,2.4165848883196586,time_avg,0.19032101172285026,0.05764742881120199,23,0.673857498878603,medium
54,0.6,0.98,0.00723567508161068,0.019373687878251077,0.023754016507308854,-0.009099504487081007,0.015567612918940458,0.018387296340059013,0.020070459028439864,0.022364175346280848,0.027238776420060895,0.008851480080001882,0.0067965624273403896,tau,22,22,0.3950159845257231,0.07177988812874839,5.503156870587491,0.3950159845257231,0.40485410756343476,5.503156870587491,5.640216474526485,time_avg,0.4649651272529849,0.07177988812874839,22,0.7313579532738232,medium
55,0.6,0.98,-0.005553132752829697,0.014241511601430829,0.01811029465922504,-0.0059657440893352036,0.01936614351347089,0.022382709096665468,-0.005140521416324191,0.009116879689390772,0.012449091484199124,-0.009933617612466344,-0.010249263824080118,tau,25,25,0.7439906961474445,0.24275466082359726,3.0647843943481723,0.7439906961474445,0.827109331137379,3.0647843943481723,3.4071820838835105,time_avg,0.8328253331275154,0.24275466082359726,25,0.7866668232906184,medium
56,0.74,0.98,-0.006639258860668633,0.01071147757669678,0.015483426303792564,-0.004049623697064817,0.009775256873108446,0.012561521386051799,-0.00922889402427245,0.011647698280285113,0.017935472134229257,0.005373950748177458,0.0018724414071766664,tau,25,25,0.34837165942977344,0.36524074568062576,0.9538137887123825,0.34837165942977344,0.36893424903665506,0.9538137887123825,1.0101125172908803,time_avg,0.3929383450482381,0.36524074568062576,25,0.773161941662916,medium
57,0.54,0.96,0.004003996909596026,0.019828073591925205,0.023880988516184448,-0.01292394175903783,0.018268882840250928,0.023210150375166116,0.016262159393779164,0.020957142756930714,0.024355235885641806,0.00114508551047569,0.002688259916679786,tau,21,21,0.35290521797579766,0.06903863817893392,5.111705956034939,0.35290521797579766,0.35017698193995433,5.111705956034939,5.072188432111997,time_avg,0.38729714209150956,0.06903863817893392,21,0.8468968281848359,medium
58,0.78,0.94,-0.005546161426755134,0.011323056857509072,0.016316994458502758,-0.0067411326130645145,0.013617209831459655,0.01749098782087575,-0.004873990134456108,0.01003259580966187,0.015617890001173387,-0.0018730978197023622,-0.003584614021797784,tau,18,18,0.1719155211188709,0.48252369273529055,0.356284103158397,0.1719155211188709,0.20094914672329964,0.356284103158397,0.41645446586089,time_avg,0.2011855363965291,0.48252369273529055,18,0.7726755129096345,medium
59,0.68,0.96,0.0048747987765818835,0.018403206495568158,0.023287410432489275,-0.008967690848900626,0.015054881941371908,0.01983206945836642,0.017652481507796507,0.02149396762251854,0.026073646241519307,0.0062415767831528884,0.006439085681146631,tau,24,24,0.2631124796284154,0.08747943527080108,3.007706654871801,0.2631124796284154,0.25486755783959386,3.007706654871801,2.913456826174364,time_avg,0.289698322354362,0.08747943527080108,24,0.8235177193595141,medium
60,0.72,0.96,-0.004078175113245379,0.010885710284055676,0.014083611312973322,-0.0031788947347265025,0.013763466043970905,0.016507555739455334,-0.005052395523307496,0.007768141544147511,0.010863588019874896,-0.005643967719580438,-0.005995324499823394,tau,26,26,0.6967899679599765,0.39527599222973603,1.7627935459206925,0.6967899679599765,0.7726518291183931,1.7627935459206925,1.9547147924666386,time_avg,0.7775393660192726,0.39527599222973603,26,0.7836406489811547,medium
61,0.72,0.96,-0.006431776391109451,0.012010215098271146,0.01567993969403845,-0.01158686142298393,0.016766198416007683,0.020197961878091125,-0.004005854023168521,0.009772105301689246,0.013022269179656834,-0.0071756926984342904,-0.0069940931143184365,tau,16,16,0.18644130325625563,0.2303376661337327,0.8094260325968958,0.18644130325625563,0.19784315055395232,0.8094260325968958,0.8589266092462956,time_avg,0.21660678702793257,0.2303376661337327,16,0.7952002974825384,medium
62,0.82,0.96,-0.004653728832927299,0.010405585739499656,0.01524764346852623,-0.0030610757045603045,0.012378149462165311,0.01976539710731861,-0.005156671926095824,0.009782670879710503,0.01351069799654347,-0.00625469911077514,-0.0025954785824548084,tau,12,12,0.2357531421445515,0.27536807668235685,0.8561382458886037,0.2357531421445515,0.2613903069563772,0.8561382458886037,0.9492396871330031,time_avg,0.3325904610574312,0.27536807668235685,12,0.6168936280365368,medium
63,0.34,0.94,0.03769353171344846,0.04328136229421944,0.05354583330628513,0.003438324699263004,0.016137939655560662,0.020506445602844727,0.06460833722459418,0.06460833722459418,0.06920634218858286,0.04869989658573813,0.04847039756903351,tau,22,22,0.12228400663002936,0.05161869025613436,2.368987008838279,0.12228400663002936,0.10675668101061923,2.368987008838279,2.068178802695062,time_avg,0.15617569375639376,0.05161869025613436,22,0.6124821448662197,medium
64,0.56,0.92,-0.001747915232554078,0.016841834979131817,0.022354131153593294,-0.008892386860679835,0.017176073141551267,0.022575512002806015,0.004846981654946621,0.01653330744459079,0.022147815632064895,-0.0004276963707411201,-0.0006427656969604789,tau,24,24,0.3071446190595357,0.15121587434230033,2.031166505470628,0.3071446190595357,0.3043806272653278,2.031166505470628,2.012888055498165,time_avg,0.34721511891881074,0.15121587434230033,24,0.7780665374955987,medium
65,0.64,0.92,-0.005938225924473954,0.012600370397121878,0.017533620336833828,-0.003332480307047566,0.014187808707356453,0.017291763307567886,-0.009846844350613537,0.010219212931770017,0.017890276349546846,0.0005985130419789604,-0.0039685957755864355,tau,30,30,0.7764582597137661,0.3676398367471465,2.1120079548065807,0.7764582597137661,0.8352590102345613,2.1120079548065807,2.2719491381153873,time_avg,0.8362032366375812,0.3676398367471465,30,0.8213802150418217,medium
66,0.62,0.94,-0.006226707902460476,0.011675944305679878,0.01643757819795195,-0.007204022817313671,0.015237497240304947,0.019872183767555923,-0.00524939298760728,0.008114391371054807,0.012061685882829876,-0.007810497884726047,-0.00712310586925014,tau,25,25,0.7850938716723115,0.40265383384192155,1.9497985755688412,0.7850938716723115,0.8766981105806355,1.9497985755688412,2.1772997967400944,time_avg,0.8797285661201962,0.40265383384192155,25,0.7848547879597786,medium
67,0.64,0.96,-0.0038234812050359323,0.011472688322537578,0.015003813860486964,-0.007690485962666571,0.013885878189466894,0.017586924237996366,-0.0028567300156282726,0.01086939085580525,0.014285239301878002,-0.0033016849361183643,-0.003016487333661645,tau,10,10,0.5115865030864849,0.38483502997329866,1.329365736591029,0.5115865030864849,0.5147400890138056,1.329365736591029,1.3375603802219365,time_avg,0.610087580512059,0.38483502997329866,10,0.7981825057336438,medium
68,0.54,0.86,-0.0035155737691093237,0.017801778084831313,0.023084138997842042,-0.013608104238907496,0.024181970705588657,0.02720880318048763,0.0008097964322327503,0.015067409818792449,0.021070689937762826,-0.006138113242724803,-0.009114560886796208,tau,15,15,0.5835224720605957,0.16393192507269058,3.5595413876940114,0.5835224720605957,0.6979048389712371,3.5595413876940114,4.257284471354635,time_avg,0.8043513924151916,0.16393192507269058,15,0.6077959344688854,medium
69,0.56,0.86,0.006041891183704138,0.01889414871111512,0.024627410741381653,-0.0022837605404978,0.017669916657420497,0.02400279361657621,0.013727108159890542,0.0200242090683717,0.02519023739286953,0.0011874437762933177,0.002354292410951201,tau,24,24,0.5221755847019444,0.07091875502191004,7.3630111603146515,0.5221755847019444,0.5481001753385806,7.3630111603146515,7.728564540779761,time_avg,0.5925256432108177,0.07091875502191004,24,0.7716747357592582,medium
70,0.5,0.86,-0.004187828155409079,0.015816055403265635,0.0197410810681154,-0.0018182068752745787,0.01778946230188012,0.01978446062909196,-0.005203380132609579,0.014970309589573714,0.0197224606195459,-6.200000954605794e-05,-0.0028191527123064067,tau,15,15,0.6734445918513107,0.2602568776668978,2.5876149667531587,0.6734445918513107,0.8622051720611671,2.5876149667531587,3.312900622609872,time_avg,0.9291661929828106,0.2602568776668978,15,0.6068339810424441,medium
71,0.7,0.98,-0.00604379812895786,0.010770655196974985,0.014926730298144472,-0.007656500905535982,0.012795790948855159,0.017097814098407035,-0.003991267322403887,0.008193209694582038,0.011589526924328125,-0.00550828717407891,-0.004602581254273121,tau,28,28,0.23762859582591653,0.25149033345325,0.9448816285023923,0.23762859582591653,0.24616727901233282,0.9448816285023923,0.9788339600658779,time_avg,0.26264490174615396,0.25149033345325,28,0.7835281006795899,medium
72,0.66,0.98,-0.00584673021454364,0.015180853228084743,0.019513237870633724,-0.005213682729474924,0.015188220612428806,0.018955602882803218,-0.006589872914406917,0.01517220455950693,0.020148169441321015,0.001192566558517797,-1.6016052921875856e-05,tau,27,27,0.2586101819532404,0.22948532185923104,1.1269138255032927,0.2586101819532404,0.2649428677862854,1.1269138255032927,1.1545089927311536,time_avg,0.3132115590604869,0.22948532185923104,27,0.621027249947708,medium
73,0.5,0.9,0.00652352707926184,0.01920281523372978,0.02406797054692014,0.007047753126937009,0.02129504220959331,0.0257920672929709,0.0061439151137039575,0.01768775432017343,0.02273802441318464,-0.003054042879786261,-0.003607287889419882,tau,21,21,0.607301947313491,0.09523592619945846,6.376815678167303,0.607301947313491,0.6444249059665833,6.376815678167303,6.766615621681723,time_avg,0.6849603671167936,0.09523592619945846,21,0.8045232488258067,medium
74,0.7,0.9,-0.004584145114031344,0.01268251479198625,0.019199168519060828,-0.003991560508998541,0.01306076512600367,0.019275136212709286,-0.0052261117694835475,0.012272743596800714,0.01911652951274967,-0.00015860669995961668,-0.0007880215292029556,tau,26,26,0.5605690135630668,0.32313664666840863,1.7347738776849497,0.5605690135630668,0.621966652760124,1.7347738776849497,1.9247790653666221,time_avg,0.6346798762950522,0.32313664666840863,26,0.756731485496384,medium
75,0.76,0.96,-0.004787290112908522,0.00949055769797269,0.013183606943395144,-0.0033850657707618034,0.009723238209714866,0.01318511646732632,-0.005981777515477949,0.009292348373155282,0.01318232091629734,-2.7955510289810054e-06,-0.00043088983655958403,tau,23,23,0.16470943139910804,0.3128434453487288,0.5264915530370319,0.16470943139910804,0.19314641425785486,0.5264915530370319,0.6173899985104472,time_avg,0.1956328376872004,0.3128434453487288,23,0.7072803938379016,medium
76,0.68,0.94,-0.001225112439642544,0.010729793600694393,0.015719891803570408,6.570644757669905e-05,0.014367645910090727,0.01879081590101496,-0.0023246988991256026,0.00763088237417159,0.01252341567506683,-0.006267400225948129,-0.006736763535919137,tau,23,23,0.7164470214045957,0.46499854909492,1.540751090082106,0.7164470214045957,0.7809161514921803,1.540751090082106,1.6793948131927874,time_avg,0.7902311024831781,0.46499854909492,23,0.8270921167830544,medium
77,0.66,0.86,-0.004872041621420067,0.014073660783178638,0.019113606041332085,-0.01538955601863563,0.019817463075742125,0.025625669426889944,-0.002242663022116176,0.012637710210037767,0.017102446798192283,-0.00852322262869766,-0.007179752865704358,tau,10,10,0.5325638584385091,0.18089440429232445,2.944059328545556,0.5325638584385091,0.5491091239042476,2.944059328545556,3.035522995044612,time_avg,0.7218342998880969,0.18089440429232445,10,0.6722404964010964,medium
78,0.62,0.92,-0.0036634788492574443,0.013881377320713,0.017992317159925473,-0.0022072904235260053,0.01711177999492396,0.020792893018181404,-0.004807626898046432,0.011343203790975817,0.015439509889664815,-0.0053533831285165895,-0.005768576203948142,tau,22,22,0.7101594533532958,0.2386919122428906,2.9752137250073405,0.7101594533532958,0.7843282805068276,2.9752137250073405,3.285944098971827,time_avg,0.7952676908264648,0.2386919122428906,22,0.8088958004444253,medium
79,0.6,0.92,-0.004767354198265821,0.014547306962776929,0.018849355990277372,-0.0065578346140682696,0.016741777925441664,0.021373404579339873,-0.004000005448636199,0.013606819407349187,0.017657515366978665,-0.0037158892123612085,-0.003134958518092477,tau,15,15,0.43346205381007186,0.25228892267837133,1.7181176613238298,0.43346205381007186,0.4382092602642017,1.7181176613238298,1.7369342086527102,time_avg,0.512515999636541,0.25228892267837133,15,0.779647448267729,medium
80,0.62,0.96,-0.004325790395960212,0.013561311035882682,0.017914438679653165,-0.005224850282750346,0.016677163837646895,0.020537857059076216,-0.0036193861991965343,0.011113140977353655,0.015545643698033273,-0.004992213361042943,-0.0055640228602932395,tau,22,22,0.5619440858825526,0.4401458945565456,1.276722316014604,0.5619440858825526,0.6003281321885772,1.276722316014604,1.3639298687391321,time_avg,0.6300782006652179,0.4401458945565456,22,0.8069000610028263,medium
81,0.66,0.98,-0.006457749524852261,0.01258673529722728,0.01658783176426808,-0.007292728101472474,0.01279487589555275,0.01594872602519841,-0.005477557282732881,0.012342396333975636,0.017307999988266737,0.0013592739630683276,-0.0004524795615771151,tau,27,27,0.2747351673043656,0.23774780584853872,1.155573934000427,0.2747351673043656,0.2778474446761891,1.155573934000427,1.1686646010655364,time_avg,0.3180362455536828,0.23774780584853872,27,0.7040187081853394,medium
82,0.7,0.92,-0.0026780813685036266,0.013058846766653006,0.018314360081870297,-0.006948403572957767,0.015728172061866837,0.021905123483692918,-6.078711416076628e-05,0.01142280868248969,0.015713087824649242,-0.006192035659043676,-0.004305363379377147,tau,19,19,0.6233527912200567,0.17536908826992742,3.5545191993049228,0.6233527912200567,0.7191249089388467,3.5545191993049228,4.100636640318118,time_avg,0.7614287716140926,0.17536908826992742,19,0.7075193340647767,medium
83,0.88,0.96,-0.0027177799970377237,0.008550069130724296,0.013917388166953572,-0.0012016433077709128,0.00836128111113794,0.014741822688290183,-0.00499198503093794,0.008833251160103828,0.012579834228425565,-0.0021619884598646187,0.0004719700489658873,tau,30,30,0.26331342133985475,0.3250636212203553,0.8100365717680813,0.26331342133985475,0.2922013453500082,0.8100365717680813,0.8989050951103805,time_avg,0.3040160480103402,0.3250636212203553,30,0.6652921207871473,medium
84,0.68,0.94,-0.005066484308772487,0.0125387403795321,0.01931454241929892,-0.007452242796055295,0.021245983471585947,0.029639041318239585,-0.004393578068769644,0.010082851302286144,0.015182122558978089,-0.014456918759261497,-0.011163132169299803,tau,11,11,0.6493221811833348,0.34601078088206527,1.8765952307267866,0.6493221811833348,0.7628144008122049,1.8765952307267866,2.2045972060974695,time_avg,0.9026472650097189,0.34601078088206527,11,0.6401963855816178,medium
85,0.6,0.92,-0.006383174724469427,0.014429242805636022,0.018965326522441296,-0.011733968493303862,0.017667118756999743,0.02220769464143584,0.00100601667058765,0.009957890301371836,0.013241189645536422,-0.008966504995899417,-0.007709228455627907,tau,29,29,0.4664054397611535,0.2231256609512457,2.0903263110694645,0.4664054397611535,0.5362310059331253,2.0903263110694645,2.403269097991804,time_avg,0.5528101045806079,0.2231256609512457,29,0.6278552242033509,medium
86,0.44,0.96,0.012317275125533343,0.020623410996049644,0.024337551530340038,0.004312297032976692,0.014859867324544624,0.018195491131742708,0.018606900769684995,0.0251519095950893,0.028241402597605218,0.01004591146586251,0.010292042270544676,tau,22,22,0.16592969961383122,0.10197764176763263,1.6271184226040494,0.16592969961383122,0.15271483050605084,1.6271184226040494,1.4975324773054521,time_avg,0.20418726096032935,0.10197764176763263,22,0.6654195099551024,medium
87,0.3,0.9,0.030513641852885486,0.03566094525158405,0.04431936970253786,0.0052574253454804425,0.015087886601686478,0.018483236968782284,0.055769858360290525,0.05623400390148163,0.05988975716110645,0.041406520192324166,0.04114611729979515,tau,25,25,0.17953527088350008,0.07166368098564256,2.505247684939168,0.17953527088350008,0.16760974339525234,2.505247684939168,2.338838043064409,time_avg,0.20057927886821716,0.07166368098564256,25,0.7901676773048604,medium
88,0.74,0.96,-0.002763466384203639,0.011271505810727831,0.015076158978178125,-0.0008837814384605736,0.011221944965654984,0.014349468519682662,-0.0036480240057297874,0.011294828561350348,0.015406275008816092,0.0010568064891334304,7.288359569536385e-05,tau,16,16,0.5046732549984303,0.3901102894262513,1.2936681463610475,0.5046732549984303,0.5254472205521645,1.2936681463610475,1.3469196655257618,time_avg,0.5891776804843937,0.3901102894262513,16,0.7890768471613248,medium
89,0.84,0.96,-0.002853869468672201,0.007333878095960244,0.012396106984126073,-0.0052875325911574894,0.009482630476769473,0.015716392324508343,3.039414245311333e-06,0.004811429648923323,0.006639927809496944,-0.0090764645150114,-0.0046712008278461505,tau,27,27,0.19138192589667624,0.46410260330618214,0.4123698607448146,0.19138192589667624,0.2311387444794546,0.4123698607448146,0.4980337167532878,time_avg,0.2312464797503152,0.46410260330618214,27,0.6252393822883734,medium
90,0.68,0.94,-0.005255689228069968,0.011153634829097427,0.01635816820753876,-0.00275212017676005,0.012680892187815446,0.016050004836170563,-0.007967889033655714,0.009499106023819573,0.01668559048879955,0.0006355856526289866,-0.003181786163995873,tau,26,26,0.9043183656699293,0.3306509353024254,2.734963882206493,0.9043183656699293,0.9959480674359232,2.734963882206493,3.012083018984939,time_avg,0.9972644377727748,0.3306509353024254,26,0.8058311889204439,medium
91,0.48,0.9,-0.00625374916299279,0.016282294601564898,0.020871311483074112,-0.0023971407984693847,0.0173909568262321,0.021051764281118306,-0.010781072025694179,0.01498082155521645,0.020657464288163556,-0.0003942999929547504,-0.00241013527101565,tau,27,27,0.6083217456199368,0.45862198125261144,1.32641210078605,0.6083217456199368,0.7267899690756161,1.32641210078605,1.584725544751629,time_avg,0.738158664178608,0.45862198125261144,27,0.6176239818389173,medium
92,0.52,0.94,-0.0023444811161607505,0.016349995750933887,0.020474426350310566,-0.0018156902764790825,0.017387928856935884,0.021948358026691227,-0.003017487639391964,0.015028989979658614,0.0184288002825809,-0.0035195577441103285,-0.0023589388772772696,tau,28,28,0.3605304747769404,0.2694458163441617,1.3380444338257482,0.3605304747769404,0.39417126524269497,1.3380444338257482,1.462896216355507,time_avg,0.43723691249654206,0.2694458163441617,28,0.6012852345798376,medium
93,0.46,0.9,0.001384012037597131,0.020468528475321365,0.024360533942202806,0.004180361805804844,0.02020346354050883,0.024820647501076293,-0.0024776138327849495,0.02083457052815772,0.023710464807009217,-0.0011101826940670759,0.0006311069876488891,tau,29,29,0.6698871928198917,0.1325630985801483,5.053345915981849,0.6698871928198917,0.7529180476746751,5.053345915981849,5.679695599597478,time_avg,0.7680338070970025,0.1325630985801483,29,0.6957394156531082,medium
94,0.48,0.9,0.00025674406439065936,0.018551954850554466,0.022374143018649706,-0.0014567122794687747,0.0166150378373762,0.02018092139406784,0.0028269285801798107,0.02145733037032187,0.025310102865795724,0.005129181471727886,0.004842292532945672,tau,30,30,0.43416277626216515,0.10987320116279928,3.951489277343122,0.43416277626216515,0.47368884476330797,3.951489277343122,4.311231854084624,time_avg,0.49915868712005673,0.10987320116279928,30,0.6744727050985955,medium
95,0.62,0.84,-0.004970707976353878,0.01566995775061514,0.02090760460035788,-0.009297061525285245,0.013802868500351905,0.016809411858121816,-0.0038891195891210375,0.01613673006318095,0.02181217162279219,0.005002759764670375,0.0023338615628290434,tau,10,10,0.5547134462326855,0.18702146495470656,2.9660416057965735,0.5547134462326855,0.5810570677155779,2.9660416057965735,3.106900418389408,time_avg,0.7580027133842111,0.18702146495470656,10,0.6647616433918956,medium
96,0.88,0.98,-0.0017960359082371724,0.0065919750990997275,0.010104953491405192,-0.001007362538736991,0.009077979257033969,0.012508000826954115,-0.002018482243224403,0.005890794439169557,0.009315761831592358,-0.0031922389953617566,-0.0031871848178644116,tau,11,11,0.11694172727425871,0.3957134628111631,0.29552122498815264,0.11694172727425871,0.13301713638161375,0.29552122498815264,0.33614508699465284,time_avg,0.13415718657103629,0.3957134628111631,11,0.8354832698369928,medium
97,0.62,0.92,-0.005169731125351973,0.013515175665379502,0.01840588074543477,-0.006211244867050222,0.016957030116048242,0.02142487357693713,-0.003844168181372383,0.00913463363725565,0.013628373615201802,-0.007796499961735329,-0.007822396478792591,tau,28,28,0.5895507219634184,0.3962615235997931,1.487781898700917,0.5895507219634184,0.6438075095591802,1.487781898700917,1.6247035637237335,time_avg,0.6533420888154887,0.3962615235997931,28,0.7780942301266698,medium
98,0.6,0.92,0.009617779646068811,0.019419476483017208,0.024856837860341093,0.0019211720985670884,0.017953859590407874,0.023941486970169942,0.01394712139153853,0.020243885985109955,0.025357206230794634,0.0014157192606246913,0.0022900263947020806,tau,18,18,0.6513573635489049,0.07195646945703671,9.052102868079333,0.6513573635489049,0.7115696334170143,9.052102868079333,9.888890308075407,time_avg,0.828130649675451,0.07195646945703671,18,0.6664677733145422,medium
99,0.68,0.96,1.9436596339801326e-05,0.01291026176433661,0.017193054277381735,-0.0021962387148629537,0.013755750334398313,0.01598104663224826,0.0006443706584739117,0.012671790629191002,0.017519749590739674,0.0015387029584914141,-0.0010839597052073116,tau,11,11,0.5527269151852907,0.48621258171231224,1.1368009302407036,0.5527269151852907,0.6291082907799014,1.1368009302407036,1.2938955396101604,time_avg,0.7832814296515334,0.48621258171231224,11,0.6226353649343426,medium
