case_id,pointwise_empirical_50,pointwise_empirical_90,curve_bias_full,curve_mae_full,curve_rmse_full,curve_bias_first,curve_mae_first,curve_rmse_first,curve_bias_second,curve_mae_second,curve_rmse_second,second_minus_first_rmse,second_minus_first_mae,split_mode,split_idx,true_beta,true_gamma,true_R0,rho0,tau,eta,severity
0,0.56,0.9,-0.0030983503130846655,0.01575118517357623,0.020487112537105688,0.0010662567510735244,0.014622390706790611,0.01920677182884936,-0.005058165402100284,0.01628238256971064,0.02106271284412195,0.0018559410152725886,0.0016599918629200301,tau,16,0.5650614270108133,0.3255189204331112,1.735878904547191,1.0,16,0.9988024792627623,mild
1,0.7,0.94,-0.0073897506684079415,0.010869273265379889,0.015155933228559034,-0.006690936165598586,0.012096682019309019,0.015394757034933346,-0.007985037096727023,0.009823702845366185,0.014949481702449445,-0.0004452753324839017,-0.0022729791739428337,tau,23,0.5389384606581041,0.4773576545860584,1.1290034955560642,1.0,23,0.9215109389004099,mild
2,0.46,0.94,-0.008874774654395878,0.01796107505913824,0.02170013661093954,-0.0052922646088215215,0.014486356580164284,0.017696919286050824,-0.012181707004156824,0.021168507501268044,0.02482899483192986,0.0071320755458790346,0.0066821509211037605,tau,24,0.375080798071755,0.26891659508153753,1.394784869851664,1.0,24,0.9951853177214094,mild
3,0.72,0.94,-0.008355061012043734,0.012730937600063044,0.01821660946213559,-0.008849091672648987,0.012221446027979255,0.017642492252199316,-0.00819905132974734,0.012891829675457924,0.01839418716847042,0.0007516949162711048,0.0006703836474786697,tau,12,0.17702895941441005,0.19935498935306872,0.8880086723130965,1.0,12,0.9210816140615807,mild
4,0.68,0.9,-0.002884168619857519,0.012378375872140168,0.01697567830878853,-0.0027840084142305636,0.01093868242407387,0.013670803097567078,-0.002912418934265122,0.012784443254928099,0.017797207553589888,0.00412640445602281,0.0018457608308542293,tau,11,0.5963382412155094,0.4148743603516578,1.437394783109851,1.0,11,0.9456684879324803,mild
5,0.66,0.96,-0.004356039726044401,0.011335800933520658,0.015880452920614966,7.434519939124584e-05,0.014888802729547023,0.018701592219293288,-0.007309629676334832,0.008967133069503083,0.01368021468820183,-0.005021377531091458,-0.005921669660043941,tau,20,0.8148099211254433,0.39274431095424056,2.0746574766308417,1.0,20,0.892030729478592,mild
6,0.7,0.96,-0.007131311685370747,0.011278868974477519,0.015420951064253247,-0.0032735279761254787,0.01049677066039294,0.013221475264310183,-0.008095757612682063,0.011474393552998664,0.01592342025497114,0.0027019449906609556,0.0009776228926057229,tau,10,0.3611362233828389,0.49756590535856227,0.7258058068158676,1.0,10,0.8662598193738934,mild
7,0.78,0.94,-0.0050011851420276796,0.011302235444600229,0.015685410319492762,-0.005355072673410177,0.012555356879063227,0.017743488130068645,-0.004585751953013444,0.009831179847621926,0.012855649793246137,-0.004887838336822508,-0.0027241770314413005,tau,27,0.10605818902829224,0.27434968172210084,0.3865803246519622,1.0,27,0.9569850876944236,mild
8,0.52,0.94,-0.0017382784374058247,0.016559208175167442,0.020826647155827306,-0.0014291482511907816,0.018729315993065637,0.02346150694754353,-0.001835898496210575,0.01587391096951538,0.019922318804395496,-0.0035391881431480338,-0.0028554050235502573,tau,12,0.878259734855593,0.12330948251018886,7.122402243339428,1.0,12,0.9971403115759429,mild
9,0.52,0.9,-0.0027330709155648945,0.015511345779523254,0.019604708475195888,-0.001948553041137498,0.013492671323233637,0.018175340321303926,-0.003816452742155109,0.018299039076304154,0.02142237686537985,0.003247036544075925,0.004806367753070516,tau,29,0.5680310445921657,0.14831641668182327,3.829859548257142,1.0,29,0.921719926420751,mild
10,0.58,0.9,-0.002435608431696892,0.017423727326095106,0.02275740735976158,-0.00879950514063239,0.015791422904779515,0.02131274683417931,0.007110236631706357,0.01987218395806849,0.02476689742213578,0.0034541505879564713,0.004080761053288976,tau,30,0.8038212910639586,0.07123776024095313,11.283640703260884,1.0,30,0.8885889769884483,mild
11,0.68,0.98,-0.006436536379624158,0.01190131789073348,0.014739698858195743,-0.0066955994310167926,0.012833776463392295,0.015689332769910556,-0.006290813413215801,0.011376809943612898,0.014177604689863248,-0.0015117280800473077,-0.0014569665197793971,tau,18,0.3238719434311089,0.31912832531902524,1.0148642966973915,1.0,18,0.978698925855022,mild
12,0.56,0.94,-0.002589956837473437,0.017138688972918318,0.02176523300568804,-0.002725724251595912,0.022422434399939246,0.026762506642267647,-0.002430577699155749,0.010936031297719835,0.013749325393102106,-0.013013181249165541,-0.011486403102219411,tau,27,0.8181691861506857,0.14145428906121948,5.7839828794204555,1.0,27,0.9427844016588235,mild
13,0.44,0.92,-0.0005781558365561068,0.015282440723385662,0.0183506415049472,0.0034290418127336754,0.01397415816049593,0.017461362281745565,-0.0049192866232867045,0.01669974683318287,0.019267766358892654,0.0018064040771470884,0.002725588672686942,tau,26,0.4084812812293266,0.2504221632829084,1.631170643501928,1.0,26,0.8877539655059574,mild
14,0.64,0.96,-0.005343701720703393,0.013741252438630908,0.0180676114093318,-0.00521734327247197,0.014297773934562098,0.020732456323395574,-0.005379341283025077,0.01358428483721442,0.01724168094065484,-0.003490775382740733,-0.000713489097347678,tau,11,0.5768376673996122,0.4730841391115519,1.2193130559881136,1.0,11,0.8647757053866497,mild
15,0.52,0.94,-0.0010719480272382497,0.016194830657914282,0.019345101131055652,-0.006614445605211788,0.015107113799011265,0.018484111776551695,0.005434462172991555,0.017471715666191732,0.020309306506689287,0.0018251947301375915,0.0023646018671804672,tau,27,0.9747686208670832,0.09186883266130566,10.61043873781197,1.0,27,0.8592441285131733,mild
16,0.56,0.92,-0.005301581632229499,0.014162293249391951,0.018859148165842596,-0.008921161463314837,0.018106450919400562,0.020665171026807257,-0.0042806745003849175,0.013049838521953624,0.018317590850314206,-0.0023475801764930512,-0.0050566123974469385,tau,11,0.8026004559493382,0.2488160738059903,3.225677680997213,1.0,11,0.9952998826507381,mild
17,0.76,0.96,-0.007344518591999076,0.011049393771099859,0.015558455565184034,-0.008014010410988703,0.013499144100933336,0.01676695444048602,-0.007029463618356899,0.009896570086472338,0.014955998992476877,-0.0018109554480091432,-0.0036025740144609974,tau,16,0.48599580521438634,0.4694343469120305,1.0352796049358088,1.0,16,0.9288614985002781,mild
18,0.8,0.94,-0.004458233564510011,0.009362967747147195,0.014108119202363429,-0.004079480278527453,0.010618373862512055,0.01590223220867681,-0.004732503185393931,0.008453880560158849,0.01265108772454865,-0.0032511444841281604,-0.0021644933023532067,tau,21,0.13987538898668073,0.4501426760732192,0.3107356765345415,1.0,21,0.896403807937934,mild
19,0.8,0.98,-0.0036490032327128573,0.008429098750348203,0.012086039845537154,-0.0006801435229135677,0.007943125611442762,0.010473103895019507,-0.004586537877912633,0.008582563952107816,0.012552402889114933,0.002079298994095426,0.0006394383406650543,tau,12,0.3428440512899446,0.4908563002374264,0.6984611405091704,1.0,12,0.9222409161185908,mild
20,0.46,0.96,-0.0015955729817505927,0.01788187250145711,0.020677354250805,-0.0014970014486203177,0.013713586600109315,0.015635661164087176,-0.0016510194691363722,0.020226533320965245,0.02303334453839259,0.007397683374305415,0.006512946720855931,tau,18,0.3546530781427295,0.23424459044779466,1.5140288937505684,1.0,18,0.981852762364358,mild
21,0.4,0.86,-0.0006891329120844602,0.019259932478889824,0.02313147355395368,-0.0014599948655813933,0.018178845926498374,0.021786792362533853,0.0004671600181609392,0.020881562307476998,0.025013320246838514,0.0032265278843046606,0.0027027163809786245,tau,30,0.45502054930890345,0.19800600835441223,2.298013848622509,1.0,30,0.9796486720713342,mild
22,0.54,0.92,-0.0049457513447850945,0.014861816740594804,0.018424883042845803,-0.004024926234375347,0.02115247855809602,0.02335504832048343,-0.005205471247721177,0.013087527510017538,0.016774350577481622,-0.006580697743001809,-0.008064951048078481,tau,11,0.6258602359305521,0.23720893602920884,2.6384344806195936,1.0,11,0.9676160444751217,mild
23,0.58,0.86,-0.00023511838167905808,0.016663974933326244,0.021023207927441844,-0.002697934862226248,0.014880524249747396,0.01824898966479947,0.0009238540797549136,0.017503245843245703,0.02220913537359276,0.00396014570879329,0.0026227215934983075,tau,16,0.34521744342857574,0.16599815088357034,2.0796463188960956,1.0,16,0.8963369609124197,mild
24,0.58,0.94,-0.003988915340742096,0.014697409603977576,0.017919004266034187,-0.000742675397883762,0.01623517596586184,0.019279569352312436,-0.006539532438702216,0.013489164605354225,0.016772741722885866,-0.0025068276294265696,-0.0027460113605076147,tau,22,0.8359497397351915,0.1461540065283657,5.71964983780961,1.0,22,0.995327453220075,mild
25,0.76,0.96,-0.0054826870486431286,0.009459443779924186,0.013392425201503074,-0.00833437729810472,0.013110733108568149,0.01689626445513917,-0.0023933559450597386,0.005503880340559893,0.00802411748237968,-0.00887214697275949,-0.007606852768008256,tau,26,0.28065641001307484,0.3186556615270349,0.8807513686345215,1.0,26,0.9042705152493061,mild
26,0.62,0.94,-0.004289886131882668,0.015947047136723996,0.020160792835016393,-0.0006664410854379336,0.017127219975615542,0.02138255061104534,-0.0076346046362931914,0.01485765682390103,0.018963279385746115,-0.0024192712252992243,-0.002269563151714513,tau,24,0.30269982033621795,0.19910357814311508,1.5203133120924537,1.0,24,0.9433967086155611,mild
27,0.76,0.98,-0.004074467282844125,0.007992649623556645,0.011286639221995385,-0.0028134408690675627,0.008117532600833026,0.011770607815009672,-0.005966006903508969,0.007805325157642073,0.010519018481615157,-0.0012515893333945143,-0.0003122074431909528,tau,30,0.23906469648315531,0.47815126742988984,0.4999771260006307,1.0,30,0.8793737770731155,mild
28,0.64,0.94,-0.00611318536917679,0.012785484242485837,0.017000586762740993,-0.008623709141587218,0.015213377013181647,0.019988430719940265,-0.002347399710561149,0.00914364508644212,0.011101523846974028,-0.008886906872966237,-0.006069731926739527,tau,30,0.5579047532030652,0.18204407638034703,3.064668536851634,1.0,30,0.9061451006755789,mild
29,0.62,1.0,0.006483215624466538,0.017649760385975242,0.02148834544567512,-0.006778088631108403,0.014196194348518144,0.016895039118416503,0.01690281182527542,0.02036327655826296,0.024500523223094657,0.007605484104678154,0.006167082209744816,tau,22,0.2637106920498069,0.07047549658206767,3.7418777424678336,1.0,22,0.8572262067277312,mild
30,0.54,0.96,-0.0009872199967503547,0.014868511967360973,0.018513421443519435,-0.007298215314568509,0.014416015063900323,0.01789716067294728,0.003582811095462791,0.01519618213883248,0.01894717075963582,0.0010500100866885388,0.000780167074932156,tau,21,0.8709868057087322,0.08867729148944087,9.821982506225327,1.0,21,0.8890810435222559,mild
31,0.76,0.92,-0.00627189028338762,0.012113359460781794,0.016983561843777237,-0.012322433167495407,0.01644292246335401,0.023173234105786592,-0.004146023864647046,0.010592161649067231,0.014181339584391444,-0.008991894521395148,-0.005850760814286779,tau,13,0.8451428894153163,0.19093411574438424,4.426358726518855,1.0,13,0.904366998984286,mild
32,0.62,0.94,-0.008488159191329033,0.018036771479528396,0.022742875671068776,-0.00469502874356867,0.016316622163651994,0.019470424855044105,-0.012940964499569458,0.020056077198165913,0.02606537658550363,0.006594951730459524,0.0037394550345139187,tau,27,0.2905878645253589,0.21879734784876403,1.328114199657564,1.0,27,0.9425265682174038,mild
33,0.74,0.94,-0.006711887787460001,0.010607964514856577,0.015805972203294962,-0.005099120789964218,0.010923675419083642,0.014402145924617154,-0.008200595785148415,0.010316539064800824,0.01699922451958805,0.0025970785949708964,-0.0006071363542828178,tau,24,0.2981428066816685,0.32955056341384414,0.904695181198236,1.0,24,0.8895223695969947,mild
34,0.6,0.96,-0.0042714659631383255,0.012784225172908918,0.0160951763431474,-0.004757888466966423,0.014137025943703273,0.01707852616487122,-0.0038892768529876776,0.011721310281570498,0.015278207922021272,-0.0018003182428499489,-0.0024157156621327745,tau,22,0.794907506608641,0.2379977552636992,3.3399790083225414,1.0,22,0.9529795363321469,mild
35,0.7,0.92,-0.0010233395936666057,0.012712494626757689,0.016609248740687012,-0.0005289939639624208,0.017986454606289046,0.021219305753515334,-0.0015176852233707906,0.007438534647226333,0.01007349744621288,-0.011145808307302454,-0.010547919959062712,tau,25,0.6638115630247752,0.42218425293630013,1.5723266758718548,1.0,25,0.852867379006158,mild
36,0.6,0.88,-0.0031897024693898855,0.013644302249886095,0.018154030902714464,-0.001775733707472682,0.010085295280441641,0.015297755388149438,-0.0035431946598691866,0.01453405399224721,0.01880041801508615,0.0035026626269367128,0.004448758711805568,tau,10,0.557819255200336,0.3455786659114001,1.6141599879413577,1.0,10,0.9952301631915618,mild
37,0.62,0.86,-0.010439999666414224,0.014612956854398363,0.020642031718987593,-0.006938837849619714,0.014632073527371342,0.01902518747583733,-0.01142750684551011,0.014607564972277779,0.02107565026583641,0.0020504627899990795,-2.4508555093562603e-05,tau,11,0.2946027116816583,0.27428934116333814,1.0740581840773158,1.0,11,0.9980609475870785,mild
38,0.54,0.96,-0.0031534105574246496,0.01296954991412349,0.016826224231627305,-0.00046131538304810724,0.015346077065138767,0.018913156276333703,-0.007191553318989463,0.009404759187600576,0.013085997639957499,-0.005827158636376204,-0.005941317877538191,tau,30,0.7223721608538041,0.3934695618583455,1.8359035383628177,1.0,30,0.9800018967468924,mild
39,0.76,0.94,-0.007108908840455115,0.011845144811086356,0.016821328269438326,-0.003647356224246323,0.00993434153497219,0.012290866656998127,-0.00941661058459431,0.013119013661829134,0.01925837149034854,0.006967504833350412,0.003184672126856943,tau,20,0.4290077559596055,0.3793091118972322,1.1310241238703445,1.0,20,0.8886106328036237,mild
40,0.62,0.92,-0.0009060439188033342,0.015325948046520353,0.019388803162791693,-0.01081437620644768,0.01703209358577927,0.021732473274070293,0.003340384204472814,0.014594742815409388,0.018292682756580463,-0.0034397905174898304,-0.002437350770369882,tau,15,0.36799685108536473,0.09638570911890151,3.8179607168880545,1.0,15,0.8811843105058942,mild
41,0.54,0.9,-0.004697134604793973,0.01423853160755243,0.018312212924260465,-0.0031273742206394672,0.01348973554559052,0.016889468646539414,-0.005743641527563644,0.014737728982193705,0.019202234319581877,0.0023127656730424634,0.0012479934366031852,tau,20,0.7382039414826657,0.25083437938249614,2.9429934736218195,1.0,20,0.8808911350310947,mild
42,0.82,0.96,-0.005042474977235542,0.008897788832400692,0.01281431062626547,-0.006001487239369784,0.01086219468693757,0.015274490347004687,-0.004288965342701496,0.00735432708955029,0.010483842369816962,-0.004790647977187725,-0.00350786759738728,tau,22,0.32856428459805054,0.41203451161062377,0.7974193310014446,1.0,22,0.8522366304559258,mild
43,0.64,0.9,-0.002197456339781638,0.01398730699584121,0.018519370651309236,0.001393677778886976,0.014978941435132313,0.018421386202288753,-0.006413135522566533,0.012823214393195129,0.018633738436145852,0.00021235223385709934,-0.0021557270419371843,tau,27,0.9723866116433706,0.17480184190337622,5.562793853058303,1.0,27,0.9002057012948533,mild
44,0.58,0.92,-0.0024393947329372167,0.014633303685113787,0.018429434313155798,0.0019675728119909765,0.014294625166803599,0.01749444324332962,-0.0068463622778654094,0.014971982203423977,0.01931922756767898,0.0018247843243493628,0.0006773570366203786,tau,25,0.6520502501421478,0.2329313371554972,2.799323861292484,1.0,25,0.9274724008736399,mild
45,0.62,0.96,-0.003536744453012943,0.013996220342814922,0.018128898813924224,-0.0039029074522356193,0.015101538567493359,0.02006192379805615,-0.0029874999541789292,0.012338243005797268,0.014762156034781652,-0.0052997677632744995,-0.0027632955616960914,tau,30,0.5488296499538862,0.15381212741806394,3.568181905852963,1.0,30,0.9789516908929706,mild
46,0.56,0.82,-0.00706933653447777,0.017826768574304878,0.02392065887521911,-0.013333049761131406,0.019343759240582584,0.02514870923492863,-0.0008056233078241348,0.016309777908027172,0.022626052812327054,-0.002522656422601577,-0.003033981332555412,tau,25,0.7785025313363297,0.123444753747994,6.306485352351237,1.0,25,0.8847883243234271,mild
47,0.6,0.98,0.00018023586831986905,0.018005046928301453,0.02256552962819965,-0.01540130907152262,0.02326081644019319,0.02760099383210415,0.008944854896981269,0.015048676577862352,0.01916008944451696,-0.00844090438758719,-0.008212139862330839,tau,18,0.592662601033353,0.07158706154317575,8.278906666338093,1.0,18,0.9950593953882263,mild
48,0.58,0.88,-0.003074738895520568,0.015456431922502815,0.020440920157129422,-0.005773679627215161,0.012800692032803507,0.016365121188934854,-0.0016843754882839594,0.016824540350529733,0.022251093665679695,0.005885972476744841,0.0040238483177262255,tau,17,0.5645354242436196,0.26893582591221865,2.099145483234671,1.0,17,0.8625735158970762,mild
49,0.5,0.9,-0.0042503028647479365,0.016895552017304,0.02100544049889137,-0.01169199965495084,0.017808038242427365,0.02210860029718854,-0.0013563096685579189,0.016540696263089356,0.02056045532097657,-0.0015481449762119702,-0.0012673419793380082,tau,14,0.7214795506242654,0.19891426371911652,3.627088058617327,1.0,14,0.9657368716159203,mild
50,0.72,0.86,-0.007819265159923816,0.012585023736028234,0.01800109087540637,-0.006073612212536058,0.014283590559248946,0.019909944958134907,-0.008498130195019056,0.0119244699714424,0.017201647950712017,-0.0027082970074228906,-0.0023591205878065458,tau,14,0.16068569264652233,0.16660576368692506,0.9644665892140001,1.0,14,0.8527472854897108,mild
51,0.62,0.94,-0.0027069373460835776,0.013423117978672962,0.019537873887407107,0.0026694355086268238,0.01673262400436215,0.02240150145312972,-0.007669743058123948,0.01036818933957525,0.016458071886208153,-0.005943429566921565,-0.006364434664786901,tau,24,0.8727754043935709,0.4780327927690611,1.8257647123702894,1.0,24,0.9572204268536713,mild
52,0.52,0.92,-0.005916586458333768,0.01520565583545249,0.02014827792668432,-0.016060079593444243,0.023780506482580677,0.027882760645609222,-0.0011431779241641326,0.011170432001509814,0.015203019931250868,-0.012679740714358354,-0.012610074481070863,tau,16,0.6655068736325342,0.23277988831753416,2.8589534879607763,1.0,16,0.9032444417361064,mild
53,0.7,0.96,-0.006433215546421706,0.018274847776629032,0.022688915433908392,-0.0015286943526007235,0.015231575259739267,0.01899757797183327,-0.012675333429466595,0.022148103707216003,0.02665769635759961,0.0076601183857663395,0.006916528447476736,tau,28,0.17810686037727783,0.10921471278320355,1.6307954838541625,1.0,28,0.9835825486245928,mild
54,0.64,0.96,-0.005217533659633773,0.011597991706476024,0.015146072925866262,-0.004746550449635833,0.016649458126630635,0.01917038219819277,-0.005531522466299066,0.008230347426372948,0.011719080142069205,-0.007451302056123566,-0.008419110700257687,tau,20,0.9363793765612795,0.4213123500539862,2.222530093032624,1.0,20,0.8940968210344692,mild
55,0.64,0.94,-0.006436375619650789,0.012449279111551732,0.017778298749034523,-0.01442256656009704,0.01923797691706568,0.023920425141399783,-0.0011122483260199564,0.007923480574542433,0.012054958235224084,-0.011865466906175699,-0.011314496342523248,tau,20,0.7895910225933256,0.21280603406673126,3.7103789187938503,1.0,20,0.9436807613146381,mild
56,0.72,0.98,-0.0058657722039788494,0.008855687175382628,0.012628850300951714,-0.005537993323646094,0.010696870029756897,0.015138029356836212,-0.006066668937086022,0.007727220264637106,0.010806739642661087,-0.004331289714175126,-0.002969649765119791,tau,19,0.12423088799002328,0.24504762632742527,0.5069662981514855,1.0,19,0.9512402996465584,mild
57,0.52,0.92,-0.00851648353971541,0.021685876520350575,0.028309679829004168,-0.017991234275416053,0.026056680780161042,0.03321870175517184,0.004567696047680718,0.0156500039710885,0.019604319687208445,-0.013614382067963393,-0.010406676809072542,tau,29,0.4745219258070902,0.06117906895376844,7.756278967986176,1.0,29,0.9171375055845736,mild
58,0.48,0.92,-0.0025944329611957075,0.01656094115227461,0.019392414148542134,-0.0026719560181455953,0.015879794023931026,0.018048445534784154,-0.002564285105715195,0.016825831702186003,0.019890559540702187,0.0018421140059180323,0.0009460376782549768,tau,14,0.425442216512921,0.1975813238439149,2.153251168865593,1.0,14,0.8557939163608328,mild
59,0.62,0.94,-0.008677419771265705,0.014291020755481441,0.017965683690032003,-0.010446884286856013,0.013229304542099791,0.01899489420430153,-0.007989294681869473,0.014703910394018749,0.017549141670097582,-0.0014457525342039465,0.0014746058519189576,tau,14,0.3953605563978808,0.34099186189018726,1.1594427919960224,1.0,14,0.8569772420711755,mild
60,0.56,0.92,0.014366883989423514,0.021348835583776236,0.026604548253264894,0.003830697587026017,0.019018058465527638,0.026226922925301297,0.018464289812578097,0.02225524890753958,0.026749962919080883,0.0005230399937795858,0.003237190442011942,tau,14,0.9472738070324171,0.06353190558749795,14.910206112546154,1.0,14,0.9921343621808353,mild
61,0.52,0.98,-0.0011779905948787928,0.018947032215073704,0.02308003050279259,-0.007038847636431455,0.013113857215891282,0.015857529713226907,0.0013338052800723485,0.021446964357580457,0.025558041324127718,0.009700511610900811,0.008333107141689175,tau,15,0.3032893686178084,0.07474131356265426,4.057854406901299,1.0,15,0.9433879106684666,mild
62,0.86,0.96,-0.002039412559970515,0.006687492045311955,0.011219654236036358,0.00043395558549534706,0.005963328981860762,0.008782667753447984,-0.0038304722515147597,0.007211885987811095,0.012695630185760054,0.0039129624323120706,0.001248557005950333,tau,21,0.20285047800028738,0.4781969812393401,0.42419857497753555,1.0,21,0.8582774671377608,mild
63,0.72,0.92,-0.007377792008410325,0.012499414774865727,0.016748265741914636,-0.008490325853927061,0.013690255300995583,0.01788687846072158,-0.006350837689471798,0.011400177366130474,0.015623761689321608,-0.0022631167713999725,-0.0022900779348651087,tau,24,0.5242790298075912,0.44387714482598806,1.181135446865873,1.0,24,0.9001671598687031,mild
64,0.58,0.92,-0.002552695046761073,0.013808111058897338,0.01741285262256089,-0.0016419045610486396,0.014683116268965282,0.018043162539694364,-0.003711882937667807,0.012694468064265411,0.016576011992421792,-0.0014671505472725714,-0.0019886482046998707,tau,28,0.6474246208560361,0.4175640940697364,1.5504796270818997,1.0,28,0.9490372910555768,mild
65,0.56,0.92,-0.01170949416118674,0.017950807103188707,0.022462765911130507,-0.00979163940763101,0.016161881464067846,0.0223310841204057,-0.01362734891474247,0.01973973274230957,0.02259368023947975,0.0002625961190740496,0.0035778512782417247,tau,25,0.28656061370442476,0.24004440341275074,1.1937816905136942,1.0,25,0.9578763234282126,mild
66,0.62,0.96,-0.005067195279989392,0.013318915909621865,0.017295497873121634,-0.0034579310532925384,0.012753108832319933,0.016385284400236625,-0.007115349750330841,0.014039034008006141,0.018388906089136625,0.0020036216889,0.001285925175686209,tau,28,0.5254720932852402,0.39769861706346826,1.3212821738361258,1.0,28,0.9846873042957114,mild
67,0.54,0.96,-0.012867425456643105,0.022259738016873597,0.027963792886046685,-0.0028492719258951106,0.014863308802570986,0.01972255852709929,-0.02140140809394695,0.028560399940168416,0.033417760517992945,0.013695201990893656,0.01369709113759743,tau,23,0.1549137436716632,0.09458994062880315,1.6377401512449108,1.0,23,0.8553584469011293,mild
68,0.78,0.94,-0.005512587489793077,0.011107240825658664,0.01493570989251932,-0.004636295978950026,0.012848162313780954,0.016180299011307693,-0.006005501464642293,0.010127972488589876,0.014187730317468783,-0.00199256869383891,-0.0027201898251910783,tau,18,0.4348272765496711,0.46732490098788243,0.9304603192136471,1.0,18,0.8809355397775178,mild
69,0.6,0.88,-0.006335677631141152,0.014541316184622701,0.019673339204548522,-0.014595110745479664,0.019494166390763387,0.02514274280434174,-0.0016897465043257398,0.011755337943668565,0.01578486071545918,-0.009357882088882562,-0.007738828447094823,tau,18,0.6120805894790488,0.18991649643874664,3.2228932238988612,1.0,18,0.9359631847371488,mild
70,0.74,0.98,-0.005988228491519294,0.010793311213533344,0.014465194556573536,-0.0047832264099270105,0.014032001219068965,0.015444103427411883,-0.0063687554646536994,0.009770567001258936,0.01414199486212782,-0.0013021085652840624,-0.004261434217810028,tau,12,0.9176923350864634,0.33041321248482114,2.7774081072155106,1.0,12,0.8928469728689183,mild
71,0.56,0.9,-0.008046661816188135,0.014207285480224527,0.01799347111719735,-0.003208692100915042,0.013225601435723629,0.01660365049141481,-0.009411217376906186,0.014484170723545294,0.018366466681552892,0.0017628161901380827,0.0012585692878216651,tau,11,0.41678071421493534,0.36949673403386457,1.127968601142594,1.0,11,0.9303055054066433,mild
72,0.82,0.96,-0.004333773436737829,0.008592906233170652,0.012014479986269427,-0.0010005506512243301,0.007319124937445546,0.010070717457220985,-0.009333607615008076,0.01050357817675831,0.01444784752814094,0.004377130070919956,0.0031844532393127643,tau,30,0.11034345457644461,0.37065114877443117,0.2977016392402896,1.0,30,0.9658042098266918,mild
73,0.44,0.96,-0.0039744489989243445,0.01847190164262429,0.02298796960663079,-0.010661253280451765,0.021242531603607145,0.025095783689956946,0.0017217176112656791,0.016111735379564816,0.021026416431319018,-0.004069367258637928,-0.00513079622404233,tau,23,0.6487321682709507,0.09969789528331488,6.506979574919075,1.0,23,0.9335942312196238,mild
74,0.48,0.9,-0.005319602992385626,0.017403749441727998,0.02187450045265681,-0.010955554369667714,0.02069860927506604,0.02595954154128026,-0.0008913554816639849,0.014814931001248104,0.01802670337496187,-0.00793283816631839,-0.005883678273817935,tau,22,0.5486711756037514,0.13527308614189015,4.056026156069517,1.0,22,0.8916379009496693,mild
75,0.7,0.94,-0.0067303728964179755,0.013506947988644243,0.017683728354691623,-0.013187885594864687,0.018838366338362295,0.02205990399270231,-0.0020542430113358744,0.009646265735400134,0.013666326321459785,-0.008393577671242526,-0.009192100602962161,tau,21,0.5707665313120233,0.4611387060626303,1.2377328639043015,1.0,21,0.9267368439551315,mild
76,0.48,0.92,-0.0009433610830456018,0.016972666336223484,0.020154092017229557,-0.006466118851676583,0.01889383769594133,0.02184076347498971,0.0012043780491997798,0.016225544140777655,0.019458721240645675,-0.0023820422343440346,-0.002668293555163674,tau,14,0.36743207135771916,0.14292164715754543,2.5708636771635534,1.0,14,0.873962910311797,mild
77,0.58,0.92,-0.0009791785851120949,0.013431980255991221,0.017730775571539226,-0.0008285377886803711,0.012737167095217635,0.0165094625114556,-0.0010567814196375284,0.013789914308510946,0.018328203244216294,0.0018187407327606951,0.0010527472132933115,tau,17,0.4520206088609219,0.22394612091671662,2.0184346440589787,1.0,17,0.9193272354177651,mild
78,0.62,0.98,-0.011525385230779648,0.01787576001137495,0.023384068288756468,-0.003932956733148207,0.013056772972711107,0.015230798606273471,-0.017490864764632925,0.021662106970325112,0.028181322025282184,0.012950523419008713,0.008605333997614005,tau,22,0.19668071865335562,0.14297792851985686,1.3756019596132314,1.0,22,0.9743450880668206,mild
79,0.74,0.92,-0.0052240777725819495,0.01204703517141752,0.017738748437917774,-0.00860709373632239,0.01728291398224731,0.022308994200965094,-0.0012527112064518683,0.005900568741312979,0.009990205651801892,-0.012318788549163202,-0.011382345240934334,tau,27,0.7458383645762514,0.25434765557167177,2.9323579291497897,1.0,27,0.9595886802334667,mild
80,0.62,0.92,-0.00850883918639738,0.012950579935568385,0.017623668773864343,-0.010652262570962695,0.0175765704881432,0.020970042664645392,-0.0055488735600929,0.006562307267726976,0.011499786874194172,-0.00947025579045122,-0.011014263220416223,tau,29,0.9376042687438233,0.35451772784732144,2.6447316878540335,1.0,29,0.9463443357808512,mild
81,0.48,0.86,-0.0014093544898787513,0.01864586281066295,0.022981880618541322,-0.02034768322482705,0.025105040478096766,0.03015938246548218,0.0039322254097220516,0.016824043468566228,0.020508203474652802,-0.009651178990829377,-0.008280997009530538,tau,11,0.9957969575926066,0.14932944653887978,6.6684567623662785,1.0,11,0.8942896311423361,mild
82,0.52,0.96,-0.001086774398572743,0.015228980849497021,0.01924332196389076,-0.006688489554578374,0.013771524644810063,0.018542797329289613,0.006648927483530272,0.017241658465493293,0.020170756011092892,0.0016279586818032793,0.00347013382068323,tau,29,0.35443255565821696,0.14227577120153512,2.4911659424861563,1.0,29,0.9352922588927336,mild
83,0.48,0.9,0.005077459327876568,0.01983075385913253,0.023987478668277946,-0.0034977126051671803,0.021271615230944008,0.024815558365181394,0.009112834355191272,0.0191527014488683,0.023587737125241513,-0.001227821239939881,-0.0021189137820757063,tau,16,0.9964725178920308,0.09594545894258602,10.385822621249039,1.0,16,0.9501445410076663,mild
84,0.62,0.94,-0.001239168851170689,0.015590989829506725,0.020024219707129805,0.006996648262429517,0.01309408316592453,0.01521669528453294,-0.005114847492864903,0.016766004730015993,0.021924807127633148,0.006708111843100209,0.0036719215640914626,tau,16,0.3758145203548896,0.24870492828397017,1.5110859400654348,1.0,16,0.8556835348096989,mild
85,0.64,0.98,-0.01128561052493751,0.018204065850004555,0.0237708293825369,-0.006411128315246767,0.015992799377137865,0.019639389466799984,-0.01700782877109621,0.02079990040510893,0.027849412431324543,0.008210022964524558,0.004807101027971064,tau,27,0.16854131707186445,0.11616046466180976,1.450935286481133,1.0,27,0.9114071296038215,mild
86,0.66,1.0,-0.01130022663186537,0.01835826931957854,0.025187832958316902,-0.004690261451866139,0.013843012105842883,0.016465769148733798,-0.01649377070186477,0.021905971416085128,0.030329542573617828,0.01386377342488403,0.008062959310242245,tau,22,0.13107567203730966,0.06945224668816313,1.8872776373359441,1.0,22,0.8689353283252077,mild
87,0.64,1.0,-0.0025268915280685176,0.011345363423133676,0.014826122177817895,0.0009504298637197776,0.016833384373140605,0.019364902265959008,-0.005259072621616464,0.007033346962413946,0.009893553576943796,-0.009471348689015212,-0.009800037410726659,tau,22,0.9035209903524268,0.4543163867006649,1.9887484070604944,1.0,22,0.9953713676124535,mild
88,0.52,1.0,-0.002480575446970761,0.014871602398343384,0.01969781045912429,-0.014795000474392013,0.017822090091861108,0.024355135440648507,0.0009927239197377975,0.01403941356171018,0.01816963372513972,-0.006185501715508787,-0.003782676530150927,tau,11,0.8302389006338606,0.12944042218647722,6.414062057351638,1.0,11,0.9961742430645572,mild
89,0.74,0.94,-0.0057265520741930235,0.010291517666191794,0.01555311154347526,-0.007406781668421523,0.013567410786796746,0.018590798964784765,-0.003406235015496523,0.00576766526154686,0.009933223607256568,-0.008657575357528197,-0.007799745525249886,tau,29,0.8118189496487588,0.32475645009273013,2.499777754735754,1.0,29,0.8628649203675897,mild
90,0.58,0.94,-0.004508740472083446,0.012665030574135016,0.016810439310488555,-0.004033964647747138,0.008492135963238338,0.011727154715781956,-0.004753321957347604,0.014814703555506034,0.01890294093617635,0.007175786220394392,0.006322567592267696,tau,17,0.7023474667971458,0.3470805053169301,2.023586620504111,1.0,17,0.8830223794353377,mild
91,0.72,0.96,-0.005850265199551358,0.010082077994011342,0.014105495794314579,-0.0018985327333211899,0.011742837183798352,0.014697058552251861,-0.007098180715202991,0.009557627723552287,0.013913462071631312,-0.0007835964806205496,-0.0021852094602460657,tau,12,0.2293333784566527,0.48593831193401704,0.47193928287710857,1.0,12,0.9215505045015505,mild
92,0.8,1.0,-0.0028438231530890333,0.008316786156938179,0.011583829084216679,-0.0021633978433194846,0.008649492810945958,0.011163935374859768,-0.0031943452823642556,0.00814539182002508,0.011794305393626817,0.0006303700187670486,-0.0005041009909208787,tau,17,0.22944941094604493,0.3348448743118758,0.6852409236294144,1.0,17,0.8997210863748694,mild
93,0.82,1.0,-0.004145002065633889,0.008217078521556686,0.011267353847825014,0.0011687097372487187,0.009790369658730924,0.011747082600219297,-0.0054734300163545415,0.007823755737263127,0.011144195395407766,-0.0006028872048115304,-0.001966613921467797,tau,10,0.195419394376214,0.34013078539132113,0.5745419196659415,1.0,10,0.9911003706287898,mild
94,0.82,1.0,-0.004445076949195936,0.007767157086345833,0.010439903835561051,-0.0039600786185474135,0.009026601583173033,0.011048574558520805,-0.004673311457736418,0.007174477323133033,0.010140837081681505,-0.0009077374768392994,-0.00185212426004,tau,16,0.41703087506843584,0.44646928428482907,0.9340639765094955,1.0,16,0.9941356490475299,mild
95,0.48,0.9,-0.0037867616102448664,0.01831761788431322,0.022065841185469035,-0.005961532189853881,0.021296237963006684,0.025210654160779992,-0.0024538377066135346,0.016492012029630132,0.019894157660821626,-0.005316496499958367,-0.004804225933376552,tau,19,0.7873850828812765,0.13218246337319783,5.956804426153036,1.0,19,0.8574008671112329,mild
96,0.64,0.96,-0.007381940295454114,0.012932250571902842,0.01634112554342984,-0.005829468602314591,0.01232595639505788,0.014840084751458323,-0.008704416182202598,0.013448723389215215,0.017518638271964166,0.0026785535205058435,0.0011227669941573353,tau,23,0.19073219175712416,0.17275144807648693,1.1040844744333265,1.0,23,0.9421729299478305,mild
97,0.64,0.9,-0.005282745205331594,0.014420585439074785,0.018362216473409614,-0.005952431675817432,0.015147649634886405,0.01947541686707801,-0.004357940079422579,0.0134165444067635,0.0167034152318652,-0.002772001635212809,-0.0017311052281229044,tau,29,0.5225900544336702,0.38254769385256493,1.3660781722947155,1.0,29,0.8855742982599566,mild
98,0.58,0.9,-0.005688569740741513,0.01522872107627336,0.02006602107874995,-0.015925883988125458,0.019052215696622927,0.024624397937954675,6.991952341195429e-05,0.013078005352326727,0.016972185488432635,-0.00765221244952204,-0.0059742103442962,tau,18,0.7668049116354014,0.17653830807207682,4.343561009559077,1.0,18,0.92235421386179,mild
99,0.54,0.92,-0.0069935977389104665,0.015085614442359657,0.019379086188451522,-0.0043366994608991915,0.015185590883317803,0.018920855823150055,-0.010375104638197545,0.014958371699322015,0.019947069838039264,0.001026214014889209,-0.00022721918399578808,tau,28,0.4436028219148195,0.34458589918254606,1.2873504776810927,1.0,28,0.8806058425038726,mild
